model,curve,x,y,auc
imrex,roc,0.0,0.0,0.4856762471610933
imrex,roc,0.0017699115044247787,0.0,0.4856762471610933
imrex,roc,0.0035398230088495575,0.0,0.4856762471610933
imrex,roc,0.0035398230088495575,0.008849557522123894,0.4856762471610933
imrex,roc,0.010619469026548672,0.008849557522123894,0.4856762471610933
imrex,roc,0.010619469026548672,0.017699115044247787,0.4856762471610933
imrex,roc,0.01415929203539823,0.017699115044247787,0.4856762471610933
imrex,roc,0.01415929203539823,0.02654867256637168,0.4856762471610933
imrex,roc,0.01592920353982301,0.02654867256637168,0.4856762471610933
imrex,roc,0.01592920353982301,0.035398230088495575,0.4856762471610933
imrex,roc,0.023008849557522124,0.035398230088495575,0.4856762471610933
imrex,roc,0.023008849557522124,0.04424778761061947,0.4856762471610933
imrex,roc,0.024778761061946902,0.04424778761061947,0.4856762471610933
imrex,roc,0.024778761061946902,0.05309734513274336,0.4856762471610933
imrex,roc,0.04601769911504425,0.05309734513274336,0.4856762471610933
imrex,roc,0.04601769911504425,0.061946902654867256,0.4856762471610933
imrex,roc,0.05486725663716814,0.061946902654867256,0.4856762471610933
imrex,roc,0.05486725663716814,0.07079646017699115,0.4856762471610933
imrex,roc,0.0584070796460177,0.07079646017699115,0.4856762471610933
imrex,roc,0.0584070796460177,0.07964601769911504,0.4856762471610933
imrex,roc,0.08141592920353982,0.07964601769911504,0.4856762471610933
imrex,roc,0.08141592920353982,0.08849557522123894,0.4856762471610933
imrex,roc,0.08672566371681416,0.08849557522123894,0.4856762471610933
imrex,roc,0.08672566371681416,0.09734513274336283,0.4856762471610933
imrex,roc,0.13628318584070798,0.09734513274336283,0.4856762471610933
imrex,roc,0.13628318584070798,0.12389380530973451,0.4856762471610933
imrex,roc,0.13805309734513274,0.12389380530973451,0.4856762471610933
imrex,roc,0.13805309734513274,0.1415929203539823,0.4856762471610933
imrex,roc,0.14690265486725665,0.1415929203539823,0.4856762471610933
imrex,roc,0.14690265486725665,0.1504424778761062,0.4856762471610933
imrex,roc,0.15221238938053097,0.1504424778761062,0.4856762471610933
imrex,roc,0.15221238938053097,0.1592920353982301,0.4856762471610933
imrex,roc,0.15398230088495576,0.1592920353982301,0.4856762471610933
imrex,roc,0.15398230088495576,0.168141592920354,0.4856762471610933
imrex,roc,0.20176991150442478,0.168141592920354,0.4856762471610933
imrex,roc,0.20176991150442478,0.17699115044247787,0.4856762471610933
imrex,roc,0.2407079646017699,0.17699115044247787,0.4856762471610933
imrex,roc,0.2407079646017699,0.18584070796460178,0.4856762471610933
imrex,roc,0.24778761061946902,0.18584070796460178,0.4856762471610933
imrex,roc,0.24778761061946902,0.19469026548672566,0.4856762471610933
imrex,roc,0.2513274336283186,0.19469026548672566,0.4856762471610933
imrex,roc,0.2513274336283186,0.20353982300884957,0.4856762471610933
imrex,roc,0.26371681415929205,0.20353982300884957,0.4856762471610933
imrex,roc,0.26371681415929205,0.21238938053097345,0.4856762471610933
imrex,roc,0.26902654867256637,0.21238938053097345,0.4856762471610933
imrex,roc,0.26902654867256637,0.22123893805309736,0.4856762471610933
imrex,roc,0.2778761061946903,0.22123893805309736,0.4856762471610933
imrex,roc,0.2778761061946903,0.23893805309734514,0.4856762471610933
imrex,roc,0.2902654867256637,0.23893805309734514,0.4856762471610933
imrex,roc,0.2902654867256637,0.24778761061946902,0.4856762471610933
imrex,roc,0.2973451327433628,0.24778761061946902,0.4856762471610933
imrex,roc,0.2973451327433628,0.25663716814159293,0.4856762471610933
imrex,roc,0.3008849557522124,0.25663716814159293,0.4856762471610933
imrex,roc,0.3008849557522124,0.26548672566371684,0.4856762471610933
imrex,roc,0.30442477876106194,0.26548672566371684,0.4856762471610933
imrex,roc,0.30442477876106194,0.2831858407079646,0.4856762471610933
imrex,roc,0.3274336283185841,0.2831858407079646,0.4856762471610933
imrex,roc,0.3274336283185841,0.30973451327433627,0.4856762471610933
imrex,roc,0.3327433628318584,0.30973451327433627,0.4856762471610933
imrex,roc,0.3327433628318584,0.3185840707964602,0.4856762471610933
imrex,roc,0.3415929203539823,0.3185840707964602,0.4856762471610933
imrex,roc,0.3415929203539823,0.3274336283185841,0.4856762471610933
imrex,roc,0.36991150442477877,0.3274336283185841,0.4856762471610933
imrex,roc,0.36991150442477877,0.336283185840708,0.4856762471610933
imrex,roc,0.3805309734513274,0.336283185840708,0.4856762471610933
imrex,roc,0.3805309734513274,0.35398230088495575,0.4856762471610933
imrex,roc,0.3823008849557522,0.35398230088495575,0.4856762471610933
imrex,roc,0.3823008849557522,0.36283185840707965,0.4856762471610933
imrex,roc,0.38761061946902653,0.36283185840707965,0.4856762471610933
imrex,roc,0.38761061946902653,0.3805309734513274,0.4856762471610933
imrex,roc,0.4194690265486726,0.3805309734513274,0.4856762471610933
imrex,roc,0.4194690265486726,0.39823008849557523,0.4856762471610933
imrex,roc,0.4230088495575221,0.39823008849557523,0.4856762471610933
imrex,roc,0.4230088495575221,0.415929203539823,0.4856762471610933
imrex,roc,0.4353982300884956,0.415929203539823,0.4856762471610933
imrex,roc,0.4353982300884956,0.4336283185840708,0.4856762471610933
imrex,roc,0.45132743362831856,0.4336283185840708,0.4856762471610933
imrex,roc,0.45132743362831856,0.4424778761061947,0.4856762471610933
imrex,roc,0.45486725663716815,0.4424778761061947,0.4856762471610933
imrex,roc,0.45486725663716815,0.45132743362831856,0.4856762471610933
imrex,roc,0.4584070796460177,0.45132743362831856,0.4856762471610933
imrex,roc,0.4584070796460177,0.4690265486725664,0.4856762471610933
imrex,roc,0.47079646017699117,0.4690265486725664,0.4856762471610933
imrex,roc,0.47079646017699117,0.4778761061946903,0.4856762471610933
imrex,roc,0.4725663716814159,0.4778761061946903,0.4856762471610933
imrex,roc,0.4725663716814159,0.48672566371681414,0.4856762471610933
imrex,roc,0.4743362831858407,0.48672566371681414,0.4856762471610933
imrex,roc,0.4743362831858407,0.49557522123893805,0.4856762471610933
imrex,roc,0.479646017699115,0.49557522123893805,0.4856762471610933
imrex,roc,0.479646017699115,0.504424778761062,0.4856762471610933
imrex,roc,0.4814159292035398,0.504424778761062,0.4856762471610933
imrex,roc,0.4814159292035398,0.5132743362831859,0.4856762471610933
imrex,roc,0.4849557522123894,0.5132743362831859,0.4856762471610933
imrex,roc,0.4849557522123894,0.5221238938053098,0.4856762471610933
imrex,roc,0.48849557522123893,0.5221238938053098,0.4856762471610933
imrex,roc,0.48849557522123893,0.5398230088495575,0.4856762471610933
imrex,roc,0.49557522123893805,0.5398230088495575,0.4856762471610933
imrex,roc,0.49557522123893805,0.5486725663716814,0.4856762471610933
imrex,roc,0.49911504424778763,0.5486725663716814,0.4856762471610933
imrex,roc,0.49911504424778763,0.5575221238938053,0.4856762471610933
imrex,roc,0.504424778761062,0.5575221238938053,0.4856762471610933
imrex,roc,0.504424778761062,0.5663716814159292,0.4856762471610933
imrex,roc,0.5061946902654867,0.5663716814159292,0.4856762471610933
imrex,roc,0.5061946902654867,0.5752212389380531,0.4856762471610933
imrex,roc,0.511504424778761,0.5752212389380531,0.4856762471610933
imrex,roc,0.511504424778761,0.584070796460177,0.4856762471610933
imrex,roc,0.5185840707964602,0.584070796460177,0.4856762471610933
imrex,roc,0.5185840707964602,0.5929203539823009,0.4856762471610933
imrex,roc,0.5787610619469027,0.5929203539823009,0.4856762471610933
imrex,roc,0.5787610619469027,0.6017699115044248,0.4856762471610933
imrex,roc,0.6017699115044248,0.6017699115044248,0.4856762471610933
imrex,roc,0.6017699115044248,0.6106194690265486,0.4856762471610933
imrex,roc,0.6637168141592921,0.6106194690265486,0.4856762471610933
imrex,roc,0.6637168141592921,0.6194690265486725,0.4856762471610933
imrex,roc,0.6672566371681415,0.6194690265486725,0.4856762471610933
imrex,roc,0.6672566371681415,0.6283185840707964,0.4856762471610933
imrex,roc,0.6867256637168142,0.6283185840707964,0.4856762471610933
imrex,roc,0.6867256637168142,0.6371681415929203,0.4856762471610933
imrex,roc,0.7061946902654868,0.6371681415929203,0.4856762471610933
imrex,roc,0.7061946902654868,0.6460176991150443,0.4856762471610933
imrex,roc,0.7115044247787611,0.6460176991150443,0.4856762471610933
imrex,roc,0.7115044247787611,0.6637168141592921,0.4856762471610933
imrex,roc,0.7221238938053097,0.6637168141592921,0.4856762471610933
imrex,roc,0.7221238938053097,0.6814159292035398,0.4856762471610933
imrex,roc,0.7238938053097345,0.6814159292035398,0.4856762471610933
imrex,roc,0.7238938053097345,0.6902654867256637,0.4856762471610933
imrex,roc,0.7256637168141593,0.6902654867256637,0.4856762471610933
imrex,roc,0.7256637168141593,0.6991150442477876,0.4856762471610933
imrex,roc,0.7292035398230089,0.6991150442477876,0.4856762471610933
imrex,roc,0.7292035398230089,0.7168141592920354,0.4856762471610933
imrex,roc,0.7309734513274336,0.7168141592920354,0.4856762471610933
imrex,roc,0.7309734513274336,0.7256637168141593,0.4856762471610933
imrex,roc,0.7539823008849558,0.7256637168141593,0.4856762471610933
imrex,roc,0.7539823008849558,0.7345132743362832,0.4856762471610933
imrex,roc,0.7752212389380531,0.7345132743362832,0.4856762471610933
imrex,roc,0.7752212389380531,0.7433628318584071,0.4856762471610933
imrex,roc,0.7805309734513274,0.7433628318584071,0.4856762471610933
imrex,roc,0.7805309734513274,0.7522123893805309,0.4856762471610933
imrex,roc,0.8123893805309734,0.7522123893805309,0.4856762471610933
imrex,roc,0.8123893805309734,0.7610619469026548,0.4856762471610933
imrex,roc,0.815929203539823,0.7610619469026548,0.4856762471610933
imrex,roc,0.815929203539823,0.7699115044247787,0.4856762471610933
imrex,roc,0.8176991150442477,0.7699115044247787,0.4856762471610933
imrex,roc,0.8176991150442477,0.7787610619469026,0.4856762471610933
imrex,roc,0.8265486725663717,0.7787610619469026,0.4856762471610933
imrex,roc,0.8265486725663717,0.7876106194690266,0.4856762471610933
imrex,roc,0.8407079646017699,0.7876106194690266,0.4856762471610933
imrex,roc,0.8407079646017699,0.8053097345132744,0.4856762471610933
imrex,roc,0.8513274336283185,0.8053097345132744,0.4856762471610933
imrex,roc,0.8513274336283185,0.8141592920353983,0.4856762471610933
imrex,roc,0.8530973451327434,0.8141592920353983,0.4856762471610933
imrex,roc,0.8530973451327434,0.8230088495575221,0.4856762471610933
imrex,roc,0.8778761061946903,0.8230088495575221,0.4856762471610933
imrex,roc,0.8778761061946903,0.831858407079646,0.4856762471610933
imrex,roc,0.8814159292035398,0.831858407079646,0.4856762471610933
imrex,roc,0.8814159292035398,0.8495575221238938,0.4856762471610933
imrex,roc,0.8849557522123894,0.8495575221238938,0.4856762471610933
imrex,roc,0.8849557522123894,0.8584070796460177,0.4856762471610933
imrex,roc,0.8955752212389381,0.8584070796460177,0.4856762471610933
imrex,roc,0.8955752212389381,0.8672566371681416,0.4856762471610933
imrex,roc,0.904424778761062,0.8672566371681416,0.4856762471610933
imrex,roc,0.904424778761062,0.8761061946902655,0.4856762471610933
imrex,roc,0.9061946902654867,0.8761061946902655,0.4856762471610933
imrex,roc,0.9061946902654867,0.8849557522123894,0.4856762471610933
imrex,roc,0.9097345132743363,0.8849557522123894,0.4856762471610933
imrex,roc,0.9097345132743363,0.9203539823008849,0.4856762471610933
imrex,roc,0.9203539823008849,0.9203539823008849,0.4856762471610933
imrex,roc,0.9203539823008849,0.9380530973451328,0.4856762471610933
imrex,roc,0.9309734513274336,0.9380530973451328,0.4856762471610933
imrex,roc,0.9309734513274336,0.9469026548672567,0.4856762471610933
imrex,roc,0.9398230088495575,0.9469026548672567,0.4856762471610933
imrex,roc,0.9398230088495575,0.9646017699115044,0.4856762471610933
imrex,roc,0.952212389380531,0.9646017699115044,0.4856762471610933
imrex,roc,0.952212389380531,0.9734513274336283,0.4856762471610933
imrex,roc,0.9876106194690265,0.9734513274336283,0.4856762471610933
imrex,roc,0.9876106194690265,0.9823008849557522,0.4856762471610933
imrex,roc,0.9964601769911504,0.9823008849557522,0.4856762471610933
imrex,roc,0.9964601769911504,1.0,0.4856762471610933
imrex,roc,1.0,1.0,0.4856762471610933
imrex,pr,1.0,0.16666666666666666,0.17048587349472802
imrex,pr,1.0,0.16691285081240767,0.17048587349472802
imrex,pr,1.0,0.16715976331360946,0.17048587349472802
imrex,pr,0.9911504424778761,0.16592592592592592,0.17048587349472802
imrex,pr,0.9823008849557522,0.16468842729970326,0.17048587349472802
imrex,pr,0.9823008849557522,0.1649331352154532,0.17048587349472802
imrex,pr,0.9823008849557522,0.16517857142857142,0.17048587349472802
imrex,pr,0.9823008849557522,0.16542473919523099,0.17048587349472802
imrex,pr,0.9823008849557522,0.16567164179104477,0.17048587349472802
imrex,pr,0.9823008849557522,0.16591928251121077,0.17048587349472802
imrex,pr,0.9734513274336283,0.16467065868263472,0.17048587349472802
imrex,pr,0.9734513274336283,0.16491754122938532,0.17048587349472802
imrex,pr,0.9734513274336283,0.16516516516516516,0.17048587349472802
imrex,pr,0.9734513274336283,0.16541353383458646,0.17048587349472802
imrex,pr,0.9734513274336283,0.16566265060240964,0.17048587349472802
imrex,pr,0.9734513274336283,0.16591251885369532,0.17048587349472802
imrex,pr,0.9734513274336283,0.1661631419939577,0.17048587349472802
imrex,pr,0.9734513274336283,0.1664145234493192,0.17048587349472802
imrex,pr,0.9734513274336283,0.16666666666666666,0.17048587349472802
imrex,pr,0.9734513274336283,0.1669195751138088,0.17048587349472802
imrex,pr,0.9734513274336283,0.16717325227963525,0.17048587349472802
imrex,pr,0.9734513274336283,0.167427701674277,0.17048587349472802
imrex,pr,0.9734513274336283,0.1676829268292683,0.17048587349472802
imrex,pr,0.9734513274336283,0.16793893129770993,0.17048587349472802
imrex,pr,0.9734513274336283,0.16819571865443425,0.17048587349472802
imrex,pr,0.9734513274336283,0.16845329249617153,0.17048587349472802
imrex,pr,0.9734513274336283,0.1687116564417178,0.17048587349472802
imrex,pr,0.9734513274336283,0.16897081413210446,0.17048587349472802
imrex,pr,0.9734513274336283,0.16923076923076924,0.17048587349472802
imrex,pr,0.9734513274336283,0.1694915254237288,0.17048587349472802
imrex,pr,0.9734513274336283,0.1697530864197531,0.17048587349472802
imrex,pr,0.9646017699115044,0.16846986089644514,0.17048587349472802
imrex,pr,0.9646017699115044,0.16873065015479877,0.17048587349472802
imrex,pr,0.9646017699115044,0.16899224806201552,0.17048587349472802
imrex,pr,0.9646017699115044,0.16925465838509315,0.17048587349472802
imrex,pr,0.9646017699115044,0.16951788491446346,0.17048587349472802
imrex,pr,0.9646017699115044,0.16978193146417445,0.17048587349472802
imrex,pr,0.9646017699115044,0.17004680187207488,0.17048587349472802
imrex,pr,0.9646017699115044,0.1703125,0.17048587349472802
imrex,pr,0.9557522123893806,0.16901408450704225,0.17048587349472802
imrex,pr,0.9469026548672567,0.1677115987460815,0.17048587349472802
imrex,pr,0.9469026548672567,0.16797488226059654,0.17048587349472802
imrex,pr,0.9469026548672567,0.16823899371069181,0.17048587349472802
imrex,pr,0.9469026548672567,0.16850393700787403,0.17048587349472802
imrex,pr,0.9469026548672567,0.16876971608832808,0.17048587349472802
imrex,pr,0.9469026548672567,0.16903633491311215,0.17048587349472802
imrex,pr,0.9380530973451328,0.16772151898734178,0.17048587349472802
imrex,pr,0.9380530973451328,0.16798732171156894,0.17048587349472802
imrex,pr,0.9380530973451328,0.16825396825396827,0.17048587349472802
imrex,pr,0.9380530973451328,0.1685214626391097,0.17048587349472802
imrex,pr,0.9380530973451328,0.16878980891719744,0.17048587349472802
imrex,pr,0.9380530973451328,0.16905901116427433,0.17048587349472802
imrex,pr,0.9380530973451328,0.16932907348242812,0.17048587349472802
imrex,pr,0.9292035398230089,0.168,0.17048587349472802
imrex,pr,0.9203539823008849,0.16666666666666666,0.17048587349472802
imrex,pr,0.9203539823008849,0.16693418940609953,0.17048587349472802
imrex,pr,0.9203539823008849,0.16720257234726688,0.17048587349472802
imrex,pr,0.9203539823008849,0.16747181964573268,0.17048587349472802
imrex,pr,0.9203539823008849,0.16774193548387098,0.17048587349472802
imrex,pr,0.9203539823008849,0.1680129240710824,0.17048587349472802
imrex,pr,0.9203539823008849,0.16828478964401294,0.17048587349472802
imrex,pr,0.911504424778761,0.16693679092382496,0.17048587349472802
imrex,pr,0.9026548672566371,0.16558441558441558,0.17048587349472802
imrex,pr,0.8938053097345132,0.16422764227642275,0.17048587349472802
imrex,pr,0.8849557522123894,0.16286644951140064,0.17048587349472802
imrex,pr,0.8849557522123894,0.1631321370309951,0.17048587349472802
imrex,pr,0.8849557522123894,0.16339869281045752,0.17048587349472802
imrex,pr,0.8761061946902655,0.16202945990180032,0.17048587349472802
imrex,pr,0.8761061946902655,0.16229508196721312,0.17048587349472802
imrex,pr,0.8672566371681416,0.16091954022988506,0.17048587349472802
imrex,pr,0.8672566371681416,0.1611842105263158,0.17048587349472802
imrex,pr,0.8672566371681416,0.1614497528830313,0.17048587349472802
imrex,pr,0.8672566371681416,0.1617161716171617,0.17048587349472802
imrex,pr,0.8672566371681416,0.16198347107438016,0.17048587349472802
imrex,pr,0.8672566371681416,0.16225165562913907,0.17048587349472802
imrex,pr,0.8584070796460177,0.16086235489220563,0.17048587349472802
imrex,pr,0.8584070796460177,0.1611295681063123,0.17048587349472802
imrex,pr,0.8584070796460177,0.16139767054908485,0.17048587349472802
imrex,pr,0.8584070796460177,0.16166666666666665,0.17048587349472802
imrex,pr,0.8584070796460177,0.16193656093489148,0.17048587349472802
imrex,pr,0.8584070796460177,0.16220735785953178,0.17048587349472802
imrex,pr,0.8584070796460177,0.1624790619765494,0.17048587349472802
imrex,pr,0.8495575221238938,0.1610738255033557,0.17048587349472802
imrex,pr,0.8495575221238938,0.16134453781512606,0.17048587349472802
imrex,pr,0.8495575221238938,0.16161616161616163,0.17048587349472802
imrex,pr,0.8407079646017699,0.16020236087689713,0.17048587349472802
imrex,pr,0.831858407079646,0.15878378378378377,0.17048587349472802
imrex,pr,0.831858407079646,0.15905245346869712,0.17048587349472802
imrex,pr,0.831858407079646,0.15932203389830507,0.17048587349472802
imrex,pr,0.8230088495575221,0.15789473684210525,0.17048587349472802
imrex,pr,0.8230088495575221,0.15816326530612246,0.17048587349472802
imrex,pr,0.8230088495575221,0.15843270868824533,0.17048587349472802
imrex,pr,0.8230088495575221,0.15870307167235495,0.17048587349472802
imrex,pr,0.8230088495575221,0.15897435897435896,0.17048587349472802
imrex,pr,0.8230088495575221,0.15924657534246575,0.17048587349472802
imrex,pr,0.8230088495575221,0.1595197255574614,0.17048587349472802
imrex,pr,0.8230088495575221,0.15979381443298968,0.17048587349472802
imrex,pr,0.8230088495575221,0.16006884681583478,0.17048587349472802
imrex,pr,0.8230088495575221,0.16034482758620688,0.17048587349472802
imrex,pr,0.8230088495575221,0.16062176165803108,0.17048587349472802
imrex,pr,0.8230088495575221,0.16089965397923875,0.17048587349472802
imrex,pr,0.8230088495575221,0.1611785095320624,0.17048587349472802
imrex,pr,0.8230088495575221,0.16145833333333334,0.17048587349472802
imrex,pr,0.8230088495575221,0.1617391304347826,0.17048587349472802
imrex,pr,0.8141592920353983,0.1602787456445993,0.17048587349472802
imrex,pr,0.8141592920353983,0.16055846422338568,0.17048587349472802
imrex,pr,0.8053097345132744,0.1590909090909091,0.17048587349472802
imrex,pr,0.8053097345132744,0.159369527145359,0.17048587349472802
imrex,pr,0.8053097345132744,0.15964912280701754,0.17048587349472802
imrex,pr,0.8053097345132744,0.15992970123022848,0.17048587349472802
imrex,pr,0.8053097345132744,0.1602112676056338,0.17048587349472802
imrex,pr,0.8053097345132744,0.16049382716049382,0.17048587349472802
imrex,pr,0.8053097345132744,0.1607773851590106,0.17048587349472802
imrex,pr,0.7964601769911505,0.1592920353982301,0.17048587349472802
imrex,pr,0.7876106194690266,0.15780141843971632,0.17048587349472802
imrex,pr,0.7876106194690266,0.15808170515097691,0.17048587349472802
imrex,pr,0.7876106194690266,0.1583629893238434,0.17048587349472802
imrex,pr,0.7876106194690266,0.1586452762923351,0.17048587349472802
imrex,pr,0.7876106194690266,0.15892857142857142,0.17048587349472802
imrex,pr,0.7876106194690266,0.1592128801431127,0.17048587349472802
imrex,pr,0.7876106194690266,0.15949820788530467,0.17048587349472802
imrex,pr,0.7876106194690266,0.15978456014362658,0.17048587349472802
imrex,pr,0.7876106194690266,0.16007194244604317,0.17048587349472802
imrex,pr,0.7787610619469026,0.15855855855855855,0.17048587349472802
imrex,pr,0.7787610619469026,0.1588447653429603,0.17048587349472802
imrex,pr,0.7787610619469026,0.15913200723327306,0.17048587349472802
imrex,pr,0.7787610619469026,0.15942028985507245,0.17048587349472802
imrex,pr,0.7787610619469026,0.15970961887477314,0.17048587349472802
imrex,pr,0.7787610619469026,0.16,0.17048587349472802
imrex,pr,0.7699115044247787,0.15846994535519127,0.17048587349472802
imrex,pr,0.7699115044247787,0.15875912408759124,0.17048587349472802
imrex,pr,0.7610619469026548,0.15722120658135283,0.17048587349472802
imrex,pr,0.7610619469026548,0.1575091575091575,0.17048587349472802
imrex,pr,0.7610619469026548,0.1577981651376147,0.17048587349472802
imrex,pr,0.7522123893805309,0.15625,0.17048587349472802
imrex,pr,0.7522123893805309,0.15653775322283608,0.17048587349472802
imrex,pr,0.7522123893805309,0.15682656826568267,0.17048587349472802
imrex,pr,0.7522123893805309,0.15711645101663585,0.17048587349472802
imrex,pr,0.7522123893805309,0.1574074074074074,0.17048587349472802
imrex,pr,0.7522123893805309,0.15769944341372913,0.17048587349472802
imrex,pr,0.7522123893805309,0.1579925650557621,0.17048587349472802
imrex,pr,0.7522123893805309,0.15828677839851024,0.17048587349472802
imrex,pr,0.7522123893805309,0.15858208955223882,0.17048587349472802
imrex,pr,0.7522123893805309,0.1588785046728972,0.17048587349472802
imrex,pr,0.7522123893805309,0.15917602996254682,0.17048587349472802
imrex,pr,0.7522123893805309,0.15947467166979362,0.17048587349472802
imrex,pr,0.7522123893805309,0.15977443609022557,0.17048587349472802
imrex,pr,0.7522123893805309,0.160075329566855,0.17048587349472802
imrex,pr,0.7522123893805309,0.16037735849056603,0.17048587349472802
imrex,pr,0.7522123893805309,0.16068052930056712,0.17048587349472802
imrex,pr,0.7522123893805309,0.16098484848484848,0.17048587349472802
imrex,pr,0.7522123893805309,0.16129032258064516,0.17048587349472802
imrex,pr,0.7522123893805309,0.16159695817490494,0.17048587349472802
imrex,pr,0.7433628318584071,0.16,0.17048587349472802
imrex,pr,0.7433628318584071,0.16030534351145037,0.17048587349472802
imrex,pr,0.7433628318584071,0.16061185468451242,0.17048587349472802
imrex,pr,0.7433628318584071,0.16091954022988506,0.17048587349472802
imrex,pr,0.7345132743362832,0.15930902111324377,0.17048587349472802
imrex,pr,0.7345132743362832,0.1596153846153846,0.17048587349472802
imrex,pr,0.7345132743362832,0.1599229287090559,0.17048587349472802
imrex,pr,0.7345132743362832,0.16023166023166024,0.17048587349472802
imrex,pr,0.7345132743362832,0.16054158607350097,0.17048587349472802
imrex,pr,0.7345132743362832,0.16085271317829458,0.17048587349472802
imrex,pr,0.7345132743362832,0.16116504854368932,0.17048587349472802
imrex,pr,0.7345132743362832,0.1614785992217899,0.17048587349472802
imrex,pr,0.7345132743362832,0.1617933723196881,0.17048587349472802
imrex,pr,0.7345132743362832,0.162109375,0.17048587349472802
imrex,pr,0.7345132743362832,0.162426614481409,0.17048587349472802
imrex,pr,0.7345132743362832,0.1627450980392157,0.17048587349472802
imrex,pr,0.7345132743362832,0.16306483300589392,0.17048587349472802
imrex,pr,0.7256637168141593,0.16141732283464566,0.17048587349472802
imrex,pr,0.7256637168141593,0.16173570019723865,0.17048587349472802
imrex,pr,0.7256637168141593,0.16205533596837945,0.17048587349472802
imrex,pr,0.7256637168141593,0.16237623762376238,0.17048587349472802
imrex,pr,0.7256637168141593,0.1626984126984127,0.17048587349472802
imrex,pr,0.7256637168141593,0.16302186878727634,0.17048587349472802
imrex,pr,0.7256637168141593,0.16334661354581673,0.17048587349472802
imrex,pr,0.7256637168141593,0.16367265469061876,0.17048587349472802
imrex,pr,0.7256637168141593,0.164,0.17048587349472802
imrex,pr,0.7256637168141593,0.16432865731462926,0.17048587349472802
imrex,pr,0.7256637168141593,0.1646586345381526,0.17048587349472802
imrex,pr,0.7256637168141593,0.16498993963782696,0.17048587349472802
imrex,pr,0.7256637168141593,0.16532258064516128,0.17048587349472802
imrex,pr,0.7256637168141593,0.16565656565656567,0.17048587349472802
imrex,pr,0.7168141592920354,0.16396761133603238,0.17048587349472802
imrex,pr,0.7168141592920354,0.1643002028397566,0.17048587349472802
imrex,pr,0.7079646017699115,0.16260162601626016,0.17048587349472802
imrex,pr,0.6991150442477876,0.16089613034623218,0.17048587349472802
imrex,pr,0.6991150442477876,0.16122448979591836,0.17048587349472802
imrex,pr,0.6991150442477876,0.16155419222903886,0.17048587349472802
imrex,pr,0.6902654867256637,0.1598360655737705,0.17048587349472802
imrex,pr,0.6902654867256637,0.1601642710472279,0.17048587349472802
imrex,pr,0.6814159292035398,0.15843621399176955,0.17048587349472802
imrex,pr,0.6814159292035398,0.15876288659793814,0.17048587349472802
imrex,pr,0.672566371681416,0.15702479338842976,0.17048587349472802
imrex,pr,0.6637168141592921,0.15527950310559005,0.17048587349472802
imrex,pr,0.6637168141592921,0.15560165975103735,0.17048587349472802
imrex,pr,0.6637168141592921,0.15592515592515593,0.17048587349472802
imrex,pr,0.6637168141592921,0.15625,0.17048587349472802
imrex,pr,0.6637168141592921,0.15657620041753653,0.17048587349472802
imrex,pr,0.6637168141592921,0.15690376569037656,0.17048587349472802
imrex,pr,0.6637168141592921,0.15723270440251572,0.17048587349472802
imrex,pr,0.6548672566371682,0.15546218487394958,0.17048587349472802
imrex,pr,0.6460176991150443,0.15368421052631578,0.17048587349472802
imrex,pr,0.6460176991150443,0.1540084388185654,0.17048587349472802
imrex,pr,0.6460176991150443,0.1543340380549683,0.17048587349472802
imrex,pr,0.6460176991150443,0.15466101694915255,0.17048587349472802
imrex,pr,0.6371681415929203,0.15286624203821655,0.17048587349472802
imrex,pr,0.6371681415929203,0.15319148936170213,0.17048587349472802
imrex,pr,0.6371681415929203,0.1535181236673774,0.17048587349472802
imrex,pr,0.6371681415929203,0.15384615384615385,0.17048587349472802
imrex,pr,0.6371681415929203,0.15417558886509636,0.17048587349472802
imrex,pr,0.6371681415929203,0.15450643776824036,0.17048587349472802
imrex,pr,0.6371681415929203,0.15483870967741936,0.17048587349472802
imrex,pr,0.6371681415929203,0.15517241379310345,0.17048587349472802
imrex,pr,0.6371681415929203,0.15550755939524838,0.17048587349472802
imrex,pr,0.6371681415929203,0.15584415584415584,0.17048587349472802
imrex,pr,0.6371681415929203,0.1561822125813449,0.17048587349472802
imrex,pr,0.6371681415929203,0.1565217391304348,0.17048587349472802
imrex,pr,0.6283185840707964,0.15468409586056645,0.17048587349472802
imrex,pr,0.6283185840707964,0.15502183406113537,0.17048587349472802
imrex,pr,0.6283185840707964,0.15536105032822758,0.17048587349472802
imrex,pr,0.6283185840707964,0.15570175438596492,0.17048587349472802
imrex,pr,0.6283185840707964,0.15604395604395604,0.17048587349472802
imrex,pr,0.6283185840707964,0.15638766519823788,0.17048587349472802
imrex,pr,0.6283185840707964,0.15673289183222958,0.17048587349472802
imrex,pr,0.6283185840707964,0.1570796460176991,0.17048587349472802
imrex,pr,0.6283185840707964,0.1574279379157428,0.17048587349472802
imrex,pr,0.6283185840707964,0.15777777777777777,0.17048587349472802
imrex,pr,0.6283185840707964,0.15812917594654788,0.17048587349472802
imrex,pr,0.6283185840707964,0.15848214285714285,0.17048587349472802
imrex,pr,0.6194690265486725,0.15659955257270694,0.17048587349472802
imrex,pr,0.6194690265486725,0.15695067264573992,0.17048587349472802
imrex,pr,0.6194690265486725,0.15730337078651685,0.17048587349472802
imrex,pr,0.6106194690265486,0.1554054054054054,0.17048587349472802
imrex,pr,0.6106194690265486,0.15575620767494355,0.17048587349472802
imrex,pr,0.6106194690265486,0.15610859728506787,0.17048587349472802
imrex,pr,0.6106194690265486,0.1564625850340136,0.17048587349472802
imrex,pr,0.6106194690265486,0.15681818181818183,0.17048587349472802
imrex,pr,0.6106194690265486,0.1571753986332574,0.17048587349472802
imrex,pr,0.6106194690265486,0.15753424657534246,0.17048587349472802
imrex,pr,0.6106194690265486,0.15789473684210525,0.17048587349472802
imrex,pr,0.6106194690265486,0.15825688073394495,0.17048587349472802
imrex,pr,0.6106194690265486,0.15862068965517243,0.17048587349472802
imrex,pr,0.6106194690265486,0.15898617511520738,0.17048587349472802
imrex,pr,0.6106194690265486,0.15935334872979215,0.17048587349472802
imrex,pr,0.6106194690265486,0.1597222222222222,0.17048587349472802
imrex,pr,0.6106194690265486,0.16009280742459397,0.17048587349472802
imrex,pr,0.6106194690265486,0.16046511627906976,0.17048587349472802
imrex,pr,0.6106194690265486,0.16083916083916083,0.17048587349472802
imrex,pr,0.6106194690265486,0.16121495327102803,0.17048587349472802
imrex,pr,0.6106194690265486,0.16159250585480095,0.17048587349472802
imrex,pr,0.6106194690265486,0.1619718309859155,0.17048587349472802
imrex,pr,0.6106194690265486,0.1623529411764706,0.17048587349472802
imrex,pr,0.6106194690265486,0.16273584905660377,0.17048587349472802
imrex,pr,0.6106194690265486,0.16312056737588654,0.17048587349472802
imrex,pr,0.6106194690265486,0.16350710900473933,0.17048587349472802
imrex,pr,0.6106194690265486,0.16389548693586697,0.17048587349472802
imrex,pr,0.6106194690265486,0.16428571428571428,0.17048587349472802
imrex,pr,0.6106194690265486,0.16467780429594273,0.17048587349472802
imrex,pr,0.6106194690265486,0.16507177033492823,0.17048587349472802
imrex,pr,0.6106194690265486,0.16546762589928057,0.17048587349472802
imrex,pr,0.6106194690265486,0.1658653846153846,0.17048587349472802
imrex,pr,0.6106194690265486,0.16626506024096385,0.17048587349472802
imrex,pr,0.6106194690265486,0.16666666666666666,0.17048587349472802
imrex,pr,0.6106194690265486,0.16707021791767554,0.17048587349472802
imrex,pr,0.6106194690265486,0.16747572815533981,0.17048587349472802
imrex,pr,0.6106194690265486,0.1678832116788321,0.17048587349472802
imrex,pr,0.6106194690265486,0.16829268292682928,0.17048587349472802
imrex,pr,0.6106194690265486,0.1687041564792176,0.17048587349472802
imrex,pr,0.6017699115044248,0.16666666666666666,0.17048587349472802
imrex,pr,0.6017699115044248,0.16707616707616707,0.17048587349472802
imrex,pr,0.6017699115044248,0.16748768472906403,0.17048587349472802
imrex,pr,0.6017699115044248,0.16790123456790124,0.17048587349472802
imrex,pr,0.6017699115044248,0.16831683168316833,0.17048587349472802
imrex,pr,0.6017699115044248,0.1687344913151365,0.17048587349472802
imrex,pr,0.6017699115044248,0.1691542288557214,0.17048587349472802
imrex,pr,0.6017699115044248,0.16957605985037408,0.17048587349472802
imrex,pr,0.6017699115044248,0.17,0.17048587349472802
imrex,pr,0.6017699115044248,0.17042606516290726,0.17048587349472802
imrex,pr,0.6017699115044248,0.1708542713567839,0.17048587349472802
imrex,pr,0.6017699115044248,0.1712846347607053,0.17048587349472802
imrex,pr,0.6017699115044248,0.1717171717171717,0.17048587349472802
imrex,pr,0.6017699115044248,0.17215189873417722,0.17048587349472802
imrex,pr,0.5929203539823009,0.1700507614213198,0.17048587349472802
imrex,pr,0.5929203539823009,0.17048346055979643,0.17048587349472802
imrex,pr,0.5929203539823009,0.17091836734693877,0.17048587349472802
imrex,pr,0.5929203539823009,0.17135549872122763,0.17048587349472802
imrex,pr,0.5929203539823009,0.1717948717948718,0.17048587349472802
imrex,pr,0.5929203539823009,0.17223650385604114,0.17048587349472802
imrex,pr,0.5929203539823009,0.17268041237113402,0.17048587349472802
imrex,pr,0.5929203539823009,0.1731266149870801,0.17048587349472802
imrex,pr,0.5929203539823009,0.17357512953367876,0.17048587349472802
imrex,pr,0.5929203539823009,0.17402597402597403,0.17048587349472802
imrex,pr,0.5929203539823009,0.17447916666666666,0.17048587349472802
imrex,pr,0.5929203539823009,0.17493472584856398,0.17048587349472802
imrex,pr,0.5929203539823009,0.17539267015706805,0.17048587349472802
imrex,pr,0.5929203539823009,0.17585301837270342,0.17048587349472802
imrex,pr,0.5929203539823009,0.1763157894736842,0.17048587349472802
imrex,pr,0.5929203539823009,0.17678100263852242,0.17048587349472802
imrex,pr,0.5929203539823009,0.17724867724867724,0.17048587349472802
imrex,pr,0.5929203539823009,0.17771883289124668,0.17048587349472802
imrex,pr,0.5929203539823009,0.17819148936170212,0.17048587349472802
imrex,pr,0.5929203539823009,0.17866666666666667,0.17048587349472802
imrex,pr,0.5929203539823009,0.17914438502673796,0.17048587349472802
imrex,pr,0.5929203539823009,0.17962466487935658,0.17048587349472802
imrex,pr,0.5929203539823009,0.18010752688172044,0.17048587349472802
imrex,pr,0.5929203539823009,0.18059299191374664,0.17048587349472802
imrex,pr,0.5929203539823009,0.1810810810810811,0.17048587349472802
imrex,pr,0.5929203539823009,0.18157181571815717,0.17048587349472802
imrex,pr,0.5929203539823009,0.18206521739130435,0.17048587349472802
imrex,pr,0.5929203539823009,0.18256130790190736,0.17048587349472802
imrex,pr,0.5929203539823009,0.1830601092896175,0.17048587349472802
imrex,pr,0.5929203539823009,0.18356164383561643,0.17048587349472802
imrex,pr,0.5929203539823009,0.18406593406593408,0.17048587349472802
imrex,pr,0.5929203539823009,0.18457300275482094,0.17048587349472802
imrex,pr,0.5929203539823009,0.1850828729281768,0.17048587349472802
imrex,pr,0.5929203539823009,0.18559556786703602,0.17048587349472802
imrex,pr,0.5929203539823009,0.18611111111111112,0.17048587349472802
imrex,pr,0.584070796460177,0.18384401114206128,0.17048587349472802
imrex,pr,0.584070796460177,0.18435754189944134,0.17048587349472802
imrex,pr,0.584070796460177,0.18487394957983194,0.17048587349472802
imrex,pr,0.584070796460177,0.1853932584269663,0.17048587349472802
imrex,pr,0.584070796460177,0.18591549295774648,0.17048587349472802
imrex,pr,0.5752212389380531,0.18361581920903955,0.17048587349472802
imrex,pr,0.5752212389380531,0.18413597733711048,0.17048587349472802
imrex,pr,0.5752212389380531,0.1846590909090909,0.17048587349472802
imrex,pr,0.5752212389380531,0.18518518518518517,0.17048587349472802
imrex,pr,0.5663716814159292,0.18285714285714286,0.17048587349472802
imrex,pr,0.5663716814159292,0.1833810888252149,0.17048587349472802
imrex,pr,0.5575221238938053,0.1810344827586207,0.17048587349472802
imrex,pr,0.5575221238938053,0.18155619596541786,0.17048587349472802
imrex,pr,0.5575221238938053,0.18208092485549132,0.17048587349472802
imrex,pr,0.5575221238938053,0.1826086956521739,0.17048587349472802
imrex,pr,0.5486725663716814,0.18023255813953487,0.17048587349472802
imrex,pr,0.5486725663716814,0.18075801749271136,0.17048587349472802
imrex,pr,0.5486725663716814,0.18128654970760233,0.17048587349472802
imrex,pr,0.5398230088495575,0.17888563049853373,0.17048587349472802
imrex,pr,0.5398230088495575,0.17941176470588235,0.17048587349472802
imrex,pr,0.5398230088495575,0.17994100294985252,0.17048587349472802
imrex,pr,0.5398230088495575,0.1804733727810651,0.17048587349472802
imrex,pr,0.5398230088495575,0.18100890207715134,0.17048587349472802
imrex,pr,0.5309734513274337,0.17857142857142858,0.17048587349472802
imrex,pr,0.5221238938053098,0.1761194029850746,0.17048587349472802
imrex,pr,0.5221238938053098,0.17664670658682635,0.17048587349472802
imrex,pr,0.5221238938053098,0.17717717717717718,0.17048587349472802
imrex,pr,0.5132743362831859,0.1746987951807229,0.17048587349472802
imrex,pr,0.5132743362831859,0.17522658610271905,0.17048587349472802
imrex,pr,0.5132743362831859,0.17575757575757575,0.17048587349472802
imrex,pr,0.504424778761062,0.17325227963525835,0.17048587349472802
imrex,pr,0.504424778761062,0.17378048780487804,0.17048587349472802
imrex,pr,0.49557522123893805,0.1712538226299694,0.17048587349472802
imrex,pr,0.49557522123893805,0.17177914110429449,0.17048587349472802
imrex,pr,0.49557522123893805,0.1723076923076923,0.17048587349472802
imrex,pr,0.49557522123893805,0.1728395061728395,0.17048587349472802
imrex,pr,0.48672566371681414,0.17027863777089783,0.17048587349472802
imrex,pr,0.48672566371681414,0.17080745341614906,0.17048587349472802
imrex,pr,0.4778761061946903,0.16822429906542055,0.17048587349472802
imrex,pr,0.4778761061946903,0.16875,0.17048587349472802
imrex,pr,0.4690265486725664,0.16614420062695925,0.17048587349472802
imrex,pr,0.4690265486725664,0.16666666666666666,0.17048587349472802
imrex,pr,0.4690265486725664,0.167192429022082,0.17048587349472802
imrex,pr,0.4690265486725664,0.16772151898734178,0.17048587349472802
imrex,pr,0.4690265486725664,0.16825396825396827,0.17048587349472802
imrex,pr,0.4690265486725664,0.16878980891719744,0.17048587349472802
imrex,pr,0.4690265486725664,0.16932907348242812,0.17048587349472802
imrex,pr,0.4690265486725664,0.16987179487179488,0.17048587349472802
imrex,pr,0.46017699115044247,0.16720257234726688,0.17048587349472802
imrex,pr,0.45132743362831856,0.16451612903225807,0.17048587349472802
imrex,pr,0.45132743362831856,0.1650485436893204,0.17048587349472802
imrex,pr,0.45132743362831856,0.16558441558441558,0.17048587349472802
imrex,pr,0.4424778761061947,0.16286644951140064,0.17048587349472802
imrex,pr,0.4424778761061947,0.16339869281045752,0.17048587349472802
imrex,pr,0.4424778761061947,0.16393442622950818,0.17048587349472802
imrex,pr,0.4336283185840708,0.1611842105263158,0.17048587349472802
imrex,pr,0.4336283185840708,0.1617161716171617,0.17048587349472802
imrex,pr,0.4336283185840708,0.16225165562913907,0.17048587349472802
imrex,pr,0.4336283185840708,0.16279069767441862,0.17048587349472802
imrex,pr,0.4336283185840708,0.16333333333333333,0.17048587349472802
imrex,pr,0.4336283185840708,0.16387959866220736,0.17048587349472802
imrex,pr,0.4336283185840708,0.1644295302013423,0.17048587349472802
imrex,pr,0.4336283185840708,0.16498316498316498,0.17048587349472802
imrex,pr,0.4336283185840708,0.16554054054054054,0.17048587349472802
imrex,pr,0.4336283185840708,0.16610169491525423,0.17048587349472802
imrex,pr,0.4247787610619469,0.16326530612244897,0.17048587349472802
imrex,pr,0.415929203539823,0.16040955631399317,0.17048587349472802
imrex,pr,0.415929203539823,0.16095890410958905,0.17048587349472802
imrex,pr,0.415929203539823,0.16151202749140894,0.17048587349472802
imrex,pr,0.415929203539823,0.16206896551724137,0.17048587349472802
imrex,pr,0.415929203539823,0.16262975778546712,0.17048587349472802
imrex,pr,0.415929203539823,0.16319444444444445,0.17048587349472802
imrex,pr,0.415929203539823,0.16376306620209058,0.17048587349472802
imrex,pr,0.415929203539823,0.16433566433566432,0.17048587349472802
imrex,pr,0.40707964601769914,0.16140350877192983,0.17048587349472802
imrex,pr,0.39823008849557523,0.15845070422535212,0.17048587349472802
imrex,pr,0.39823008849557523,0.15901060070671377,0.17048587349472802
imrex,pr,0.39823008849557523,0.1595744680851064,0.17048587349472802
imrex,pr,0.3893805309734513,0.15658362989323843,0.17048587349472802
imrex,pr,0.3805309734513274,0.15357142857142858,0.17048587349472802
imrex,pr,0.3805309734513274,0.15412186379928317,0.17048587349472802
imrex,pr,0.3805309734513274,0.15467625899280577,0.17048587349472802
imrex,pr,0.3805309734513274,0.1552346570397112,0.17048587349472802
imrex,pr,0.3805309734513274,0.15579710144927536,0.17048587349472802
imrex,pr,0.3805309734513274,0.15636363636363637,0.17048587349472802
imrex,pr,0.3805309734513274,0.15693430656934307,0.17048587349472802
imrex,pr,0.3805309734513274,0.1575091575091575,0.17048587349472802
imrex,pr,0.3805309734513274,0.15808823529411764,0.17048587349472802
imrex,pr,0.3805309734513274,0.15867158671586715,0.17048587349472802
imrex,pr,0.3805309734513274,0.15925925925925927,0.17048587349472802
imrex,pr,0.3805309734513274,0.15985130111524162,0.17048587349472802
imrex,pr,0.3805309734513274,0.16044776119402984,0.17048587349472802
imrex,pr,0.3805309734513274,0.16104868913857678,0.17048587349472802
imrex,pr,0.3805309734513274,0.16165413533834586,0.17048587349472802
imrex,pr,0.3805309734513274,0.16226415094339622,0.17048587349472802
imrex,pr,0.3805309734513274,0.16287878787878787,0.17048587349472802
imrex,pr,0.3805309734513274,0.1634980988593156,0.17048587349472802
imrex,pr,0.3805309734513274,0.16412213740458015,0.17048587349472802
imrex,pr,0.37168141592920356,0.16091954022988506,0.17048587349472802
imrex,pr,0.36283185840707965,0.1576923076923077,0.17048587349472802
imrex,pr,0.36283185840707965,0.1583011583011583,0.17048587349472802
imrex,pr,0.36283185840707965,0.15891472868217055,0.17048587349472802
imrex,pr,0.36283185840707965,0.15953307392996108,0.17048587349472802
imrex,pr,0.35398230088495575,0.15625,0.17048587349472802
imrex,pr,0.35398230088495575,0.1568627450980392,0.17048587349472802
imrex,pr,0.34513274336283184,0.15354330708661418,0.17048587349472802
imrex,pr,0.336283185840708,0.15019762845849802,0.17048587349472802
imrex,pr,0.336283185840708,0.15079365079365079,0.17048587349472802
imrex,pr,0.336283185840708,0.15139442231075698,0.17048587349472802
imrex,pr,0.336283185840708,0.152,0.17048587349472802
imrex,pr,0.336283185840708,0.15261044176706828,0.17048587349472802
imrex,pr,0.336283185840708,0.1532258064516129,0.17048587349472802
imrex,pr,0.336283185840708,0.15384615384615385,0.17048587349472802
imrex,pr,0.3274336283185841,0.15040650406504066,0.17048587349472802
imrex,pr,0.3274336283185841,0.1510204081632653,0.17048587349472802
imrex,pr,0.3274336283185841,0.15163934426229508,0.17048587349472802
imrex,pr,0.3274336283185841,0.1522633744855967,0.17048587349472802
imrex,pr,0.3274336283185841,0.15289256198347106,0.17048587349472802
imrex,pr,0.3274336283185841,0.15352697095435686,0.17048587349472802
imrex,pr,0.3274336283185841,0.15416666666666667,0.17048587349472802
imrex,pr,0.3274336283185841,0.15481171548117154,0.17048587349472802
imrex,pr,0.3274336283185841,0.15546218487394958,0.17048587349472802
imrex,pr,0.3274336283185841,0.15611814345991562,0.17048587349472802
imrex,pr,0.3274336283185841,0.15677966101694915,0.17048587349472802
imrex,pr,0.3274336283185841,0.1574468085106383,0.17048587349472802
imrex,pr,0.3274336283185841,0.1581196581196581,0.17048587349472802
imrex,pr,0.3274336283185841,0.15879828326180256,0.17048587349472802
imrex,pr,0.3274336283185841,0.15948275862068967,0.17048587349472802
imrex,pr,0.3274336283185841,0.16017316017316016,0.17048587349472802
imrex,pr,0.3274336283185841,0.1608695652173913,0.17048587349472802
imrex,pr,0.3185840707964602,0.1572052401746725,0.17048587349472802
imrex,pr,0.3185840707964602,0.15789473684210525,0.17048587349472802
imrex,pr,0.3185840707964602,0.15859030837004406,0.17048587349472802
imrex,pr,0.3185840707964602,0.1592920353982301,0.17048587349472802
imrex,pr,0.3185840707964602,0.16,0.17048587349472802
imrex,pr,0.3185840707964602,0.16071428571428573,0.17048587349472802
imrex,pr,0.30973451327433627,0.15695067264573992,0.17048587349472802
imrex,pr,0.30973451327433627,0.15765765765765766,0.17048587349472802
imrex,pr,0.30973451327433627,0.1583710407239819,0.17048587349472802
imrex,pr,0.30973451327433627,0.1590909090909091,0.17048587349472802
imrex,pr,0.3008849557522124,0.1552511415525114,0.17048587349472802
imrex,pr,0.2920353982300885,0.15137614678899083,0.17048587349472802
imrex,pr,0.2831858407079646,0.14746543778801843,0.17048587349472802
imrex,pr,0.2831858407079646,0.14814814814814814,0.17048587349472802
imrex,pr,0.2831858407079646,0.14883720930232558,0.17048587349472802
imrex,pr,0.2831858407079646,0.14953271028037382,0.17048587349472802
imrex,pr,0.2831858407079646,0.15023474178403756,0.17048587349472802
imrex,pr,0.2831858407079646,0.1509433962264151,0.17048587349472802
imrex,pr,0.2831858407079646,0.15165876777251186,0.17048587349472802
imrex,pr,0.2831858407079646,0.1523809523809524,0.17048587349472802
imrex,pr,0.2831858407079646,0.15311004784688995,0.17048587349472802
imrex,pr,0.2831858407079646,0.15384615384615385,0.17048587349472802
imrex,pr,0.2831858407079646,0.15458937198067632,0.17048587349472802
imrex,pr,0.2831858407079646,0.1553398058252427,0.17048587349472802
imrex,pr,0.2831858407079646,0.15609756097560976,0.17048587349472802
imrex,pr,0.2831858407079646,0.1568627450980392,0.17048587349472802
imrex,pr,0.2743362831858407,0.15270935960591134,0.17048587349472802
imrex,pr,0.26548672566371684,0.1485148514851485,0.17048587349472802
imrex,pr,0.26548672566371684,0.14925373134328357,0.17048587349472802
imrex,pr,0.26548672566371684,0.15,0.17048587349472802
imrex,pr,0.25663716814159293,0.1457286432160804,0.17048587349472802
imrex,pr,0.25663716814159293,0.14646464646464646,0.17048587349472802
imrex,pr,0.25663716814159293,0.14720812182741116,0.17048587349472802
imrex,pr,0.24778761061946902,0.14285714285714285,0.17048587349472802
imrex,pr,0.24778761061946902,0.14358974358974358,0.17048587349472802
imrex,pr,0.24778761061946902,0.14432989690721648,0.17048587349472802
imrex,pr,0.24778761061946902,0.14507772020725387,0.17048587349472802
imrex,pr,0.24778761061946902,0.14583333333333334,0.17048587349472802
imrex,pr,0.23893805309734514,0.14136125654450263,0.17048587349472802
imrex,pr,0.23893805309734514,0.14210526315789473,0.17048587349472802
imrex,pr,0.23893805309734514,0.14285714285714285,0.17048587349472802
imrex,pr,0.23893805309734514,0.14361702127659576,0.17048587349472802
imrex,pr,0.23893805309734514,0.1443850267379679,0.17048587349472802
imrex,pr,0.23893805309734514,0.14516129032258066,0.17048587349472802
imrex,pr,0.23893805309734514,0.14594594594594595,0.17048587349472802
imrex,pr,0.23893805309734514,0.14673913043478262,0.17048587349472802
imrex,pr,0.23008849557522124,0.14207650273224043,0.17048587349472802
imrex,pr,0.22123893805309736,0.13736263736263737,0.17048587349472802
imrex,pr,0.22123893805309736,0.13812154696132597,0.17048587349472802
imrex,pr,0.22123893805309736,0.1388888888888889,0.17048587349472802
imrex,pr,0.22123893805309736,0.13966480446927373,0.17048587349472802
imrex,pr,0.22123893805309736,0.1404494382022472,0.17048587349472802
imrex,pr,0.22123893805309736,0.14124293785310735,0.17048587349472802
imrex,pr,0.21238938053097345,0.13636363636363635,0.17048587349472802
imrex,pr,0.21238938053097345,0.13714285714285715,0.17048587349472802
imrex,pr,0.21238938053097345,0.13793103448275862,0.17048587349472802
imrex,pr,0.21238938053097345,0.13872832369942195,0.17048587349472802
imrex,pr,0.20353982300884957,0.13372093023255813,0.17048587349472802
imrex,pr,0.20353982300884957,0.13450292397660818,0.17048587349472802
imrex,pr,0.20353982300884957,0.13529411764705881,0.17048587349472802
imrex,pr,0.20353982300884957,0.13609467455621302,0.17048587349472802
imrex,pr,0.20353982300884957,0.13690476190476192,0.17048587349472802
imrex,pr,0.20353982300884957,0.1377245508982036,0.17048587349472802
imrex,pr,0.20353982300884957,0.13855421686746988,0.17048587349472802
imrex,pr,0.20353982300884957,0.1393939393939394,0.17048587349472802
imrex,pr,0.19469026548672566,0.13414634146341464,0.17048587349472802
imrex,pr,0.19469026548672566,0.13496932515337423,0.17048587349472802
imrex,pr,0.19469026548672566,0.13580246913580246,0.17048587349472802
imrex,pr,0.18584070796460178,0.13043478260869565,0.17048587349472802
imrex,pr,0.18584070796460178,0.13125,0.17048587349472802
imrex,pr,0.18584070796460178,0.1320754716981132,0.17048587349472802
imrex,pr,0.18584070796460178,0.13291139240506328,0.17048587349472802
imrex,pr,0.18584070796460178,0.1337579617834395,0.17048587349472802
imrex,pr,0.17699115044247787,0.1282051282051282,0.17048587349472802
imrex,pr,0.17699115044247787,0.12903225806451613,0.17048587349472802
imrex,pr,0.17699115044247787,0.12987012987012986,0.17048587349472802
imrex,pr,0.17699115044247787,0.13071895424836602,0.17048587349472802
imrex,pr,0.17699115044247787,0.13157894736842105,0.17048587349472802
imrex,pr,0.17699115044247787,0.13245033112582782,0.17048587349472802
imrex,pr,0.17699115044247787,0.13333333333333333,0.17048587349472802
imrex,pr,0.17699115044247787,0.1342281879194631,0.17048587349472802
imrex,pr,0.17699115044247787,0.13513513513513514,0.17048587349472802
imrex,pr,0.17699115044247787,0.1360544217687075,0.17048587349472802
imrex,pr,0.17699115044247787,0.136986301369863,0.17048587349472802
imrex,pr,0.17699115044247787,0.13793103448275862,0.17048587349472802
imrex,pr,0.17699115044247787,0.1388888888888889,0.17048587349472802
imrex,pr,0.17699115044247787,0.13986013986013987,0.17048587349472802
imrex,pr,0.17699115044247787,0.14084507042253522,0.17048587349472802
imrex,pr,0.17699115044247787,0.14184397163120568,0.17048587349472802
imrex,pr,0.17699115044247787,0.14285714285714285,0.17048587349472802
imrex,pr,0.17699115044247787,0.14388489208633093,0.17048587349472802
imrex,pr,0.17699115044247787,0.14492753623188406,0.17048587349472802
imrex,pr,0.17699115044247787,0.145985401459854,0.17048587349472802
imrex,pr,0.17699115044247787,0.14705882352941177,0.17048587349472802
imrex,pr,0.17699115044247787,0.14814814814814814,0.17048587349472802
imrex,pr,0.17699115044247787,0.14925373134328357,0.17048587349472802
imrex,pr,0.168141592920354,0.14285714285714285,0.17048587349472802
imrex,pr,0.168141592920354,0.14393939393939395,0.17048587349472802
imrex,pr,0.168141592920354,0.1450381679389313,0.17048587349472802
imrex,pr,0.168141592920354,0.14615384615384616,0.17048587349472802
imrex,pr,0.168141592920354,0.14728682170542637,0.17048587349472802
imrex,pr,0.168141592920354,0.1484375,0.17048587349472802
imrex,pr,0.168141592920354,0.14960629921259844,0.17048587349472802
imrex,pr,0.168141592920354,0.15079365079365079,0.17048587349472802
imrex,pr,0.168141592920354,0.152,0.17048587349472802
imrex,pr,0.168141592920354,0.1532258064516129,0.17048587349472802
imrex,pr,0.168141592920354,0.15447154471544716,0.17048587349472802
imrex,pr,0.168141592920354,0.1557377049180328,0.17048587349472802
imrex,pr,0.168141592920354,0.15702479338842976,0.17048587349472802
imrex,pr,0.168141592920354,0.15833333333333333,0.17048587349472802
imrex,pr,0.168141592920354,0.15966386554621848,0.17048587349472802
imrex,pr,0.168141592920354,0.16101694915254236,0.17048587349472802
imrex,pr,0.168141592920354,0.1623931623931624,0.17048587349472802
imrex,pr,0.168141592920354,0.16379310344827586,0.17048587349472802
imrex,pr,0.168141592920354,0.16521739130434782,0.17048587349472802
imrex,pr,0.168141592920354,0.16666666666666666,0.17048587349472802
imrex,pr,0.168141592920354,0.168141592920354,0.17048587349472802
imrex,pr,0.168141592920354,0.16964285714285715,0.17048587349472802
imrex,pr,0.168141592920354,0.17117117117117117,0.17048587349472802
imrex,pr,0.168141592920354,0.17272727272727273,0.17048587349472802
imrex,pr,0.168141592920354,0.1743119266055046,0.17048587349472802
imrex,pr,0.168141592920354,0.17592592592592593,0.17048587349472802
imrex,pr,0.168141592920354,0.17757009345794392,0.17048587349472802
imrex,pr,0.168141592920354,0.1792452830188679,0.17048587349472802
imrex,pr,0.1592920353982301,0.17142857142857143,0.17048587349472802
imrex,pr,0.1592920353982301,0.17307692307692307,0.17048587349472802
imrex,pr,0.1504424778761062,0.1650485436893204,0.17048587349472802
imrex,pr,0.1504424778761062,0.16666666666666666,0.17048587349472802
imrex,pr,0.1504424778761062,0.16831683168316833,0.17048587349472802
imrex,pr,0.1504424778761062,0.17,0.17048587349472802
imrex,pr,0.1415929203539823,0.16161616161616163,0.17048587349472802
imrex,pr,0.1415929203539823,0.16326530612244897,0.17048587349472802
imrex,pr,0.1415929203539823,0.16494845360824742,0.17048587349472802
imrex,pr,0.1415929203539823,0.16666666666666666,0.17048587349472802
imrex,pr,0.1415929203539823,0.16842105263157894,0.17048587349472802
imrex,pr,0.1415929203539823,0.1702127659574468,0.17048587349472802
imrex,pr,0.13274336283185842,0.16129032258064516,0.17048587349472802
imrex,pr,0.12389380530973451,0.15217391304347827,0.17048587349472802
imrex,pr,0.12389380530973451,0.15384615384615385,0.17048587349472802
imrex,pr,0.11504424778761062,0.14444444444444443,0.17048587349472802
imrex,pr,0.10619469026548672,0.1348314606741573,0.17048587349472802
imrex,pr,0.09734513274336283,0.125,0.17048587349472802
imrex,pr,0.09734513274336283,0.12643678160919541,0.17048587349472802
imrex,pr,0.09734513274336283,0.12790697674418605,0.17048587349472802
imrex,pr,0.09734513274336283,0.12941176470588237,0.17048587349472802
imrex,pr,0.09734513274336283,0.13095238095238096,0.17048587349472802
imrex,pr,0.09734513274336283,0.13253012048192772,0.17048587349472802
imrex,pr,0.09734513274336283,0.13414634146341464,0.17048587349472802
imrex,pr,0.09734513274336283,0.13580246913580246,0.17048587349472802
imrex,pr,0.09734513274336283,0.1375,0.17048587349472802
imrex,pr,0.09734513274336283,0.13924050632911392,0.17048587349472802
imrex,pr,0.09734513274336283,0.14102564102564102,0.17048587349472802
imrex,pr,0.09734513274336283,0.14285714285714285,0.17048587349472802
imrex,pr,0.09734513274336283,0.14473684210526316,0.17048587349472802
imrex,pr,0.09734513274336283,0.14666666666666667,0.17048587349472802
imrex,pr,0.09734513274336283,0.14864864864864866,0.17048587349472802
imrex,pr,0.09734513274336283,0.1506849315068493,0.17048587349472802
imrex,pr,0.09734513274336283,0.1527777777777778,0.17048587349472802
imrex,pr,0.09734513274336283,0.15492957746478872,0.17048587349472802
imrex,pr,0.09734513274336283,0.15714285714285714,0.17048587349472802
imrex,pr,0.09734513274336283,0.15942028985507245,0.17048587349472802
imrex,pr,0.09734513274336283,0.16176470588235295,0.17048587349472802
imrex,pr,0.09734513274336283,0.16417910447761194,0.17048587349472802
imrex,pr,0.09734513274336283,0.16666666666666666,0.17048587349472802
imrex,pr,0.09734513274336283,0.16923076923076924,0.17048587349472802
imrex,pr,0.09734513274336283,0.171875,0.17048587349472802
imrex,pr,0.09734513274336283,0.1746031746031746,0.17048587349472802
imrex,pr,0.09734513274336283,0.1774193548387097,0.17048587349472802
imrex,pr,0.09734513274336283,0.18032786885245902,0.17048587349472802
imrex,pr,0.09734513274336283,0.18333333333333332,0.17048587349472802
imrex,pr,0.08849557522123894,0.1694915254237288,0.17048587349472802
imrex,pr,0.08849557522123894,0.1724137931034483,0.17048587349472802
imrex,pr,0.08849557522123894,0.17543859649122806,0.17048587349472802
imrex,pr,0.08849557522123894,0.17857142857142858,0.17048587349472802
imrex,pr,0.07964601769911504,0.16363636363636364,0.17048587349472802
imrex,pr,0.07964601769911504,0.16666666666666666,0.17048587349472802
imrex,pr,0.07964601769911504,0.16981132075471697,0.17048587349472802
imrex,pr,0.07964601769911504,0.17307692307692307,0.17048587349472802
imrex,pr,0.07964601769911504,0.17647058823529413,0.17048587349472802
imrex,pr,0.07964601769911504,0.18,0.17048587349472802
imrex,pr,0.07964601769911504,0.1836734693877551,0.17048587349472802
imrex,pr,0.07964601769911504,0.1875,0.17048587349472802
imrex,pr,0.07964601769911504,0.19148936170212766,0.17048587349472802
imrex,pr,0.07964601769911504,0.1956521739130435,0.17048587349472802
imrex,pr,0.07964601769911504,0.2,0.17048587349472802
imrex,pr,0.07964601769911504,0.20454545454545456,0.17048587349472802
imrex,pr,0.07964601769911504,0.20930232558139536,0.17048587349472802
imrex,pr,0.07964601769911504,0.21428571428571427,0.17048587349472802
imrex,pr,0.07079646017699115,0.1951219512195122,0.17048587349472802
imrex,pr,0.07079646017699115,0.2,0.17048587349472802
imrex,pr,0.07079646017699115,0.20512820512820512,0.17048587349472802
imrex,pr,0.061946902654867256,0.18421052631578946,0.17048587349472802
imrex,pr,0.061946902654867256,0.1891891891891892,0.17048587349472802
imrex,pr,0.061946902654867256,0.19444444444444445,0.17048587349472802
imrex,pr,0.061946902654867256,0.2,0.17048587349472802
imrex,pr,0.061946902654867256,0.20588235294117646,0.17048587349472802
imrex,pr,0.061946902654867256,0.21212121212121213,0.17048587349472802
imrex,pr,0.05309734513274336,0.1875,0.17048587349472802
imrex,pr,0.05309734513274336,0.1935483870967742,0.17048587349472802
imrex,pr,0.05309734513274336,0.2,0.17048587349472802
imrex,pr,0.05309734513274336,0.20689655172413793,0.17048587349472802
imrex,pr,0.05309734513274336,0.21428571428571427,0.17048587349472802
imrex,pr,0.05309734513274336,0.2222222222222222,0.17048587349472802
imrex,pr,0.05309734513274336,0.23076923076923078,0.17048587349472802
imrex,pr,0.05309734513274336,0.24,0.17048587349472802
imrex,pr,0.05309734513274336,0.25,0.17048587349472802
imrex,pr,0.05309734513274336,0.2608695652173913,0.17048587349472802
imrex,pr,0.05309734513274336,0.2727272727272727,0.17048587349472802
imrex,pr,0.05309734513274336,0.2857142857142857,0.17048587349472802
imrex,pr,0.05309734513274336,0.3,0.17048587349472802
imrex,pr,0.04424778761061947,0.2631578947368421,0.17048587349472802
imrex,pr,0.04424778761061947,0.2777777777777778,0.17048587349472802
imrex,pr,0.035398230088495575,0.23529411764705882,0.17048587349472802
imrex,pr,0.035398230088495575,0.25,0.17048587349472802
imrex,pr,0.035398230088495575,0.26666666666666666,0.17048587349472802
imrex,pr,0.035398230088495575,0.2857142857142857,0.17048587349472802
imrex,pr,0.035398230088495575,0.3076923076923077,0.17048587349472802
imrex,pr,0.02654867256637168,0.25,0.17048587349472802
imrex,pr,0.02654867256637168,0.2727272727272727,0.17048587349472802
imrex,pr,0.017699115044247787,0.2,0.17048587349472802
imrex,pr,0.017699115044247787,0.2222222222222222,0.17048587349472802
imrex,pr,0.017699115044247787,0.25,0.17048587349472802
imrex,pr,0.008849557522123894,0.14285714285714285,0.17048587349472802
imrex,pr,0.008849557522123894,0.16666666666666666,0.17048587349472802
imrex,pr,0.008849557522123894,0.2,0.17048587349472802
imrex,pr,0.008849557522123894,0.25,0.17048587349472802
imrex,pr,0.008849557522123894,0.3333333333333333,0.17048587349472802
imrex,pr,0.0,0.0,0.17048587349472802
imrex,pr,0.0,0.0,0.17048587349472802
imrex,pr,0.0,1.0,0.17048587349472802
nettcr,roc,0.0,0.0,0.5075869498307172
nettcr,roc,0.0017543859649122807,0.0,0.5075869498307172
nettcr,roc,0.0035087719298245615,0.0,0.5075869498307172
nettcr,roc,0.0035087719298245615,0.008771929824561403,0.5075869498307172
nettcr,roc,0.005263157894736842,0.008771929824561403,0.5075869498307172
nettcr,roc,0.005263157894736842,0.017543859649122806,0.5075869498307172
nettcr,roc,0.008771929824561403,0.017543859649122806,0.5075869498307172
nettcr,roc,0.008771929824561403,0.03508771929824561,0.5075869498307172
nettcr,roc,0.02280701754385965,0.03508771929824561,0.5075869498307172
nettcr,roc,0.02280701754385965,0.043859649122807015,0.5075869498307172
nettcr,roc,0.03333333333333333,0.043859649122807015,0.5075869498307172
nettcr,roc,0.03333333333333333,0.05263157894736842,0.5075869498307172
nettcr,roc,0.04912280701754386,0.05263157894736842,0.5075869498307172
nettcr,roc,0.04912280701754386,0.06140350877192982,0.5075869498307172
nettcr,roc,0.054385964912280704,0.06140350877192982,0.5075869498307172
nettcr,roc,0.054385964912280704,0.07017543859649122,0.5075869498307172
nettcr,roc,0.05789473684210526,0.07017543859649122,0.5075869498307172
nettcr,roc,0.05789473684210526,0.07894736842105263,0.5075869498307172
nettcr,roc,0.06666666666666667,0.07894736842105263,0.5075869498307172
nettcr,roc,0.06666666666666667,0.08771929824561403,0.5075869498307172
nettcr,roc,0.06842105263157895,0.08771929824561403,0.5075869498307172
nettcr,roc,0.06842105263157895,0.10526315789473684,0.5075869498307172
nettcr,roc,0.08070175438596491,0.10526315789473684,0.5075869498307172
nettcr,roc,0.08070175438596491,0.12280701754385964,0.5075869498307172
nettcr,roc,0.08421052631578947,0.12280701754385964,0.5075869498307172
nettcr,roc,0.08421052631578947,0.13157894736842105,0.5075869498307172
nettcr,roc,0.08947368421052632,0.13157894736842105,0.5075869498307172
nettcr,roc,0.08947368421052632,0.14035087719298245,0.5075869498307172
nettcr,roc,0.09473684210526316,0.14035087719298245,0.5075869498307172
nettcr,roc,0.09473684210526316,0.14912280701754385,0.5075869498307172
nettcr,roc,0.12631578947368421,0.14912280701754385,0.5075869498307172
nettcr,roc,0.12631578947368421,0.15789473684210525,0.5075869498307172
nettcr,roc,0.13508771929824562,0.15789473684210525,0.5075869498307172
nettcr,roc,0.13508771929824562,0.17543859649122806,0.5075869498307172
nettcr,roc,0.13859649122807016,0.17543859649122806,0.5075869498307172
nettcr,roc,0.13859649122807016,0.18421052631578946,0.5075869498307172
nettcr,roc,0.14035087719298245,0.18421052631578946,0.5075869498307172
nettcr,roc,0.14035087719298245,0.19298245614035087,0.5075869498307172
nettcr,roc,0.14736842105263157,0.19298245614035087,0.5075869498307172
nettcr,roc,0.14736842105263157,0.20175438596491227,0.5075869498307172
nettcr,roc,0.15087719298245614,0.20175438596491227,0.5075869498307172
nettcr,roc,0.15087719298245614,0.21929824561403508,0.5075869498307172
nettcr,roc,0.1736842105263158,0.21929824561403508,0.5075869498307172
nettcr,roc,0.1736842105263158,0.22807017543859648,0.5075869498307172
nettcr,roc,0.1824561403508772,0.22807017543859648,0.5075869498307172
nettcr,roc,0.1824561403508772,0.23684210526315788,0.5075869498307172
nettcr,roc,0.20526315789473684,0.23684210526315788,0.5075869498307172
nettcr,roc,0.20526315789473684,0.24561403508771928,0.5075869498307172
nettcr,roc,0.21052631578947367,0.24561403508771928,0.5075869498307172
nettcr,roc,0.21052631578947367,0.2543859649122807,0.5075869498307172
nettcr,roc,0.21228070175438596,0.2543859649122807,0.5075869498307172
nettcr,roc,0.21228070175438596,0.2631578947368421,0.5075869498307172
nettcr,roc,0.22456140350877193,0.2631578947368421,0.5075869498307172
nettcr,roc,0.22456140350877193,0.2719298245614035,0.5075869498307172
nettcr,roc,0.22982456140350876,0.2719298245614035,0.5075869498307172
nettcr,roc,0.22982456140350876,0.2807017543859649,0.5075869498307172
nettcr,roc,0.23333333333333334,0.2807017543859649,0.5075869498307172
nettcr,roc,0.23333333333333334,0.2894736842105263,0.5075869498307172
nettcr,roc,0.24385964912280703,0.2894736842105263,0.5075869498307172
nettcr,roc,0.24385964912280703,0.2982456140350877,0.5075869498307172
nettcr,roc,0.2543859649122807,0.2982456140350877,0.5075869498307172
nettcr,roc,0.2543859649122807,0.30701754385964913,0.5075869498307172
nettcr,roc,0.27017543859649124,0.30701754385964913,0.5075869498307172
nettcr,roc,0.27017543859649124,0.3157894736842105,0.5075869498307172
nettcr,roc,0.2789473684210526,0.3157894736842105,0.5075869498307172
nettcr,roc,0.2789473684210526,0.32456140350877194,0.5075869498307172
nettcr,roc,0.2824561403508772,0.32456140350877194,0.5075869498307172
nettcr,roc,0.2824561403508772,0.3333333333333333,0.5075869498307172
nettcr,roc,0.28421052631578947,0.3333333333333333,0.5075869498307172
nettcr,roc,0.28421052631578947,0.3508771929824561,0.5075869498307172
nettcr,roc,0.312280701754386,0.3508771929824561,0.5075869498307172
nettcr,roc,0.312280701754386,0.35964912280701755,0.5075869498307172
nettcr,roc,0.3192982456140351,0.35964912280701755,0.5075869498307172
nettcr,roc,0.3192982456140351,0.3684210526315789,0.5075869498307172
nettcr,roc,0.3263157894736842,0.3684210526315789,0.5075869498307172
nettcr,roc,0.3263157894736842,0.37719298245614036,0.5075869498307172
nettcr,roc,0.3385964912280702,0.37719298245614036,0.5075869498307172
nettcr,roc,0.3385964912280702,0.38596491228070173,0.5075869498307172
nettcr,roc,0.356140350877193,0.38596491228070173,0.5075869498307172
nettcr,roc,0.356140350877193,0.39473684210526316,0.5075869498307172
nettcr,roc,0.36666666666666664,0.39473684210526316,0.5075869498307172
nettcr,roc,0.36666666666666664,0.40350877192982454,0.5075869498307172
nettcr,roc,0.3684210526315789,0.40350877192982454,0.5075869498307172
nettcr,roc,0.3684210526315789,0.41228070175438597,0.5075869498307172
nettcr,roc,0.39824561403508774,0.41228070175438597,0.5075869498307172
nettcr,roc,0.39824561403508774,0.42105263157894735,0.5075869498307172
nettcr,roc,0.4017543859649123,0.42105263157894735,0.5075869498307172
nettcr,roc,0.4017543859649123,0.4298245614035088,0.5075869498307172
nettcr,roc,0.40350877192982454,0.4298245614035088,0.5075869498307172
nettcr,roc,0.40350877192982454,0.43859649122807015,0.5075869498307172
nettcr,roc,0.4070175438596491,0.43859649122807015,0.5075869498307172
nettcr,roc,0.4070175438596491,0.4473684210526316,0.5075869498307172
nettcr,roc,0.41578947368421054,0.4473684210526316,0.5075869498307172
nettcr,roc,0.41578947368421054,0.45614035087719296,0.5075869498307172
nettcr,roc,0.41754385964912283,0.45614035087719296,0.5075869498307172
nettcr,roc,0.41754385964912283,0.4649122807017544,0.5075869498307172
nettcr,roc,0.43333333333333335,0.4649122807017544,0.5075869498307172
nettcr,roc,0.43333333333333335,0.47368421052631576,0.5075869498307172
nettcr,roc,0.45964912280701753,0.47368421052631576,0.5075869498307172
nettcr,roc,0.45964912280701753,0.4824561403508772,0.5075869498307172
nettcr,roc,0.4807017543859649,0.4824561403508772,0.5075869498307172
nettcr,roc,0.4807017543859649,0.49122807017543857,0.5075869498307172
nettcr,roc,0.4824561403508772,0.49122807017543857,0.5075869498307172
nettcr,roc,0.4824561403508772,0.5,0.5075869498307172
nettcr,roc,0.48596491228070177,0.5,0.5075869498307172
nettcr,roc,0.48596491228070177,0.5087719298245614,0.5075869498307172
nettcr,roc,0.5070175438596491,0.5087719298245614,0.5075869498307172
nettcr,roc,0.5070175438596491,0.5175438596491229,0.5075869498307172
nettcr,roc,0.5157894736842106,0.5175438596491229,0.5075869498307172
nettcr,roc,0.5157894736842106,0.5350877192982456,0.5075869498307172
nettcr,roc,0.519298245614035,0.5350877192982456,0.5075869498307172
nettcr,roc,0.519298245614035,0.543859649122807,0.5075869498307172
nettcr,roc,0.5280701754385965,0.543859649122807,0.5075869498307172
nettcr,roc,0.5280701754385965,0.5526315789473685,0.5075869498307172
nettcr,roc,0.5333333333333333,0.5526315789473685,0.5075869498307172
nettcr,roc,0.5333333333333333,0.5614035087719298,0.5075869498307172
nettcr,roc,0.5368421052631579,0.5614035087719298,0.5075869498307172
nettcr,roc,0.5368421052631579,0.5701754385964912,0.5075869498307172
nettcr,roc,0.543859649122807,0.5701754385964912,0.5075869498307172
nettcr,roc,0.543859649122807,0.5789473684210527,0.5075869498307172
nettcr,roc,0.5543859649122806,0.5789473684210527,0.5075869498307172
nettcr,roc,0.5543859649122806,0.5877192982456141,0.5075869498307172
nettcr,roc,0.612280701754386,0.5877192982456141,0.5075869498307172
nettcr,roc,0.612280701754386,0.5964912280701754,0.5075869498307172
nettcr,roc,0.6228070175438597,0.5964912280701754,0.5075869498307172
nettcr,roc,0.6228070175438597,0.6140350877192983,0.5075869498307172
nettcr,roc,0.6456140350877193,0.6140350877192983,0.5075869498307172
nettcr,roc,0.6456140350877193,0.6228070175438597,0.5075869498307172
nettcr,roc,0.6596491228070176,0.6228070175438597,0.5075869498307172
nettcr,roc,0.6596491228070176,0.631578947368421,0.5075869498307172
nettcr,roc,0.6666666666666666,0.631578947368421,0.5075869498307172
nettcr,roc,0.6666666666666666,0.6491228070175439,0.5075869498307172
nettcr,roc,0.6859649122807018,0.6491228070175439,0.5075869498307172
nettcr,roc,0.6859649122807018,0.6578947368421053,0.5075869498307172
nettcr,roc,0.6929824561403509,0.6578947368421053,0.5075869498307172
nettcr,roc,0.6929824561403509,0.6666666666666666,0.5075869498307172
nettcr,roc,0.6947368421052632,0.6666666666666666,0.5075869498307172
nettcr,roc,0.6947368421052632,0.6754385964912281,0.5075869498307172
nettcr,roc,0.7298245614035088,0.6754385964912281,0.5075869498307172
nettcr,roc,0.7298245614035088,0.6842105263157895,0.5075869498307172
nettcr,roc,0.7350877192982456,0.6842105263157895,0.5075869498307172
nettcr,roc,0.7350877192982456,0.6929824561403509,0.5075869498307172
nettcr,roc,0.7596491228070176,0.6929824561403509,0.5075869498307172
nettcr,roc,0.7596491228070176,0.7017543859649122,0.5075869498307172
nettcr,roc,0.7614035087719299,0.7017543859649122,0.5075869498307172
nettcr,roc,0.7614035087719299,0.7105263157894737,0.5075869498307172
nettcr,roc,0.7666666666666667,0.7105263157894737,0.5075869498307172
nettcr,roc,0.7666666666666667,0.7192982456140351,0.5075869498307172
nettcr,roc,0.7771929824561403,0.7192982456140351,0.5075869498307172
nettcr,roc,0.7771929824561403,0.7280701754385965,0.5075869498307172
nettcr,roc,0.7842105263157895,0.7280701754385965,0.5075869498307172
nettcr,roc,0.7842105263157895,0.7456140350877193,0.5075869498307172
nettcr,roc,0.7859649122807018,0.7456140350877193,0.5075869498307172
nettcr,roc,0.7859649122807018,0.7543859649122807,0.5075869498307172
nettcr,roc,0.787719298245614,0.7543859649122807,0.5075869498307172
nettcr,roc,0.787719298245614,0.7631578947368421,0.5075869498307172
nettcr,roc,0.7982456140350878,0.7631578947368421,0.5075869498307172
nettcr,roc,0.7982456140350878,0.7719298245614035,0.5075869498307172
nettcr,roc,0.8087719298245614,0.7719298245614035,0.5075869498307172
nettcr,roc,0.8087719298245614,0.7807017543859649,0.5075869498307172
nettcr,roc,0.8140350877192982,0.7807017543859649,0.5075869498307172
nettcr,roc,0.8140350877192982,0.7894736842105263,0.5075869498307172
nettcr,roc,0.8157894736842105,0.7894736842105263,0.5075869498307172
nettcr,roc,0.8157894736842105,0.7982456140350878,0.5075869498307172
nettcr,roc,0.8280701754385965,0.7982456140350878,0.5075869498307172
nettcr,roc,0.8280701754385965,0.8070175438596491,0.5075869498307172
nettcr,roc,0.8385964912280702,0.8070175438596491,0.5075869498307172
nettcr,roc,0.8385964912280702,0.8157894736842105,0.5075869498307172
nettcr,roc,0.8578947368421053,0.8157894736842105,0.5075869498307172
nettcr,roc,0.8578947368421053,0.8245614035087719,0.5075869498307172
nettcr,roc,0.868421052631579,0.8245614035087719,0.5075869498307172
nettcr,roc,0.868421052631579,0.8421052631578947,0.5075869498307172
nettcr,roc,0.8964912280701754,0.8421052631578947,0.5075869498307172
nettcr,roc,0.8964912280701754,0.8508771929824561,0.5075869498307172
nettcr,roc,0.9035087719298246,0.8508771929824561,0.5075869498307172
nettcr,roc,0.9035087719298246,0.8596491228070176,0.5075869498307172
nettcr,roc,0.9105263157894737,0.8596491228070176,0.5075869498307172
nettcr,roc,0.9105263157894737,0.868421052631579,0.5075869498307172
nettcr,roc,0.9157894736842105,0.868421052631579,0.5075869498307172
nettcr,roc,0.9157894736842105,0.8771929824561403,0.5075869498307172
nettcr,roc,0.9192982456140351,0.8771929824561403,0.5075869498307172
nettcr,roc,0.9192982456140351,0.8859649122807017,0.5075869498307172
nettcr,roc,0.9210526315789473,0.8859649122807017,0.5075869498307172
nettcr,roc,0.9210526315789473,0.8947368421052632,0.5075869498307172
nettcr,roc,0.9280701754385965,0.8947368421052632,0.5075869498307172
nettcr,roc,0.9280701754385965,0.9035087719298246,0.5075869498307172
nettcr,roc,0.9315789473684211,0.9035087719298246,0.5075869498307172
nettcr,roc,0.9315789473684211,0.9122807017543859,0.5075869498307172
nettcr,roc,0.9333333333333333,0.9122807017543859,0.5075869498307172
nettcr,roc,0.9333333333333333,0.9298245614035088,0.5075869498307172
nettcr,roc,0.9473684210526315,0.9298245614035088,0.5075869498307172
nettcr,roc,0.9473684210526315,0.9385964912280702,0.5075869498307172
nettcr,roc,0.9578947368421052,0.9385964912280702,0.5075869498307172
nettcr,roc,0.9578947368421052,0.9649122807017544,0.5075869498307172
nettcr,roc,0.9666666666666667,0.9649122807017544,0.5075869498307172
nettcr,roc,0.9666666666666667,0.9912280701754386,0.5075869498307172
nettcr,roc,0.980701754385965,0.9912280701754386,0.5075869498307172
nettcr,roc,0.980701754385965,1.0,0.5075869498307172
nettcr,roc,1.0,1.0,0.5075869498307172
nettcr,pr,1.0,0.16666666666666666,0.1892645253488148
nettcr,pr,1.0,0.16691068814055637,0.1892645253488148
nettcr,pr,1.0,0.16715542521994134,0.1892645253488148
nettcr,pr,1.0,0.16740088105726872,0.1892645253488148
nettcr,pr,1.0,0.1676470588235294,0.1892645253488148
nettcr,pr,1.0,0.16789396170839468,0.1892645253488148
nettcr,pr,1.0,0.168141592920354,0.1892645253488148
nettcr,pr,1.0,0.16838995568685378,0.1892645253488148
nettcr,pr,1.0,0.16863905325443787,0.1892645253488148
nettcr,pr,1.0,0.1688888888888889,0.1892645253488148
nettcr,pr,1.0,0.16913946587537093,0.1892645253488148
nettcr,pr,1.0,0.16939078751857356,0.1892645253488148
nettcr,pr,0.9912280701754386,0.16815476190476192,0.1892645253488148
nettcr,pr,0.9912280701754386,0.16840536512667661,0.1892645253488148
nettcr,pr,0.9912280701754386,0.16865671641791044,0.1892645253488148
nettcr,pr,0.9912280701754386,0.16890881913303438,0.1892645253488148
nettcr,pr,0.9912280701754386,0.1691616766467066,0.1892645253488148
nettcr,pr,0.9912280701754386,0.16941529235382308,0.1892645253488148
nettcr,pr,0.9912280701754386,0.16966966966966968,0.1892645253488148
nettcr,pr,0.9912280701754386,0.1699248120300752,0.1892645253488148
nettcr,pr,0.9912280701754386,0.17018072289156627,0.1892645253488148
nettcr,pr,0.9824561403508771,0.1689291101055807,0.1892645253488148
nettcr,pr,0.9736842105263158,0.16767371601208458,0.1892645253488148
nettcr,pr,0.9649122807017544,0.1664145234493192,0.1892645253488148
nettcr,pr,0.9649122807017544,0.16666666666666666,0.1892645253488148
nettcr,pr,0.9649122807017544,0.1669195751138088,0.1892645253488148
nettcr,pr,0.9649122807017544,0.16717325227963525,0.1892645253488148
nettcr,pr,0.9649122807017544,0.167427701674277,0.1892645253488148
nettcr,pr,0.9649122807017544,0.1676829268292683,0.1892645253488148
nettcr,pr,0.956140350877193,0.166412213740458,0.1892645253488148
nettcr,pr,0.9473684210526315,0.1651376146788991,0.1892645253488148
nettcr,pr,0.9385964912280702,0.1638591117917305,0.1892645253488148
nettcr,pr,0.9385964912280702,0.16411042944785276,0.1892645253488148
nettcr,pr,0.9385964912280702,0.16436251920122888,0.1892645253488148
nettcr,pr,0.9385964912280702,0.1646153846153846,0.1892645253488148
nettcr,pr,0.9385964912280702,0.16486902927580893,0.1892645253488148
nettcr,pr,0.9385964912280702,0.16512345679012347,0.1892645253488148
nettcr,pr,0.9385964912280702,0.16537867078825347,0.1892645253488148
nettcr,pr,0.9298245614035088,0.16408668730650156,0.1892645253488148
nettcr,pr,0.9298245614035088,0.16434108527131783,0.1892645253488148
nettcr,pr,0.9298245614035088,0.16459627329192547,0.1892645253488148
nettcr,pr,0.9298245614035088,0.16485225505443235,0.1892645253488148
nettcr,pr,0.9298245614035088,0.16510903426791276,0.1892645253488148
nettcr,pr,0.9298245614035088,0.16536661466458658,0.1892645253488148
nettcr,pr,0.9298245614035088,0.165625,0.1892645253488148
nettcr,pr,0.9298245614035088,0.16588419405320814,0.1892645253488148
nettcr,pr,0.9298245614035088,0.16614420062695925,0.1892645253488148
nettcr,pr,0.9210526315789473,0.16483516483516483,0.1892645253488148
nettcr,pr,0.9122807017543859,0.16352201257861634,0.1892645253488148
nettcr,pr,0.9122807017543859,0.16377952755905512,0.1892645253488148
nettcr,pr,0.9035087719298246,0.16246056782334384,0.1892645253488148
nettcr,pr,0.9035087719298246,0.1627172195892575,0.1892645253488148
nettcr,pr,0.9035087719298246,0.1629746835443038,0.1892645253488148
nettcr,pr,0.8947368421052632,0.16164817749603805,0.1892645253488148
nettcr,pr,0.8947368421052632,0.1619047619047619,0.1892645253488148
nettcr,pr,0.8947368421052632,0.16216216216216217,0.1892645253488148
nettcr,pr,0.8947368421052632,0.1624203821656051,0.1892645253488148
nettcr,pr,0.8947368421052632,0.16267942583732056,0.1892645253488148
nettcr,pr,0.8859649122807017,0.16134185303514376,0.1892645253488148
nettcr,pr,0.8859649122807017,0.1616,0.1892645253488148
nettcr,pr,0.8771929824561403,0.16025641025641027,0.1892645253488148
nettcr,pr,0.8771929824561403,0.16051364365971107,0.1892645253488148
nettcr,pr,0.8771929824561403,0.1607717041800643,0.1892645253488148
nettcr,pr,0.868421052631579,0.15942028985507245,0.1892645253488148
nettcr,pr,0.868421052631579,0.1596774193548387,0.1892645253488148
nettcr,pr,0.868421052631579,0.15993537964458804,0.1892645253488148
nettcr,pr,0.868421052631579,0.16019417475728157,0.1892645253488148
nettcr,pr,0.8596491228070176,0.15883306320907617,0.1892645253488148
nettcr,pr,0.8596491228070176,0.1590909090909091,0.1892645253488148
nettcr,pr,0.8596491228070176,0.15934959349593497,0.1892645253488148
nettcr,pr,0.8596491228070176,0.15960912052117263,0.1892645253488148
nettcr,pr,0.8596491228070176,0.1598694942903752,0.1892645253488148
nettcr,pr,0.8508771929824561,0.15849673202614378,0.1892645253488148
nettcr,pr,0.8508771929824561,0.15875613747954173,0.1892645253488148
nettcr,pr,0.8508771929824561,0.15901639344262294,0.1892645253488148
nettcr,pr,0.8508771929824561,0.1592775041050903,0.1892645253488148
nettcr,pr,0.8508771929824561,0.15953947368421054,0.1892645253488148
nettcr,pr,0.8421052631578947,0.15815485996705106,0.1892645253488148
nettcr,pr,0.8421052631578947,0.15841584158415842,0.1892645253488148
nettcr,pr,0.8421052631578947,0.15867768595041323,0.1892645253488148
nettcr,pr,0.8421052631578947,0.15894039735099338,0.1892645253488148
nettcr,pr,0.8421052631578947,0.15920398009950248,0.1892645253488148
nettcr,pr,0.8421052631578947,0.15946843853820597,0.1892645253488148
nettcr,pr,0.8421052631578947,0.15973377703826955,0.1892645253488148
nettcr,pr,0.8421052631578947,0.16,0.1892645253488148
nettcr,pr,0.8421052631578947,0.16026711185308848,0.1892645253488148
nettcr,pr,0.8421052631578947,0.1605351170568562,0.1892645253488148
nettcr,pr,0.8421052631578947,0.16080402010050251,0.1892645253488148
nettcr,pr,0.8421052631578947,0.1610738255033557,0.1892645253488148
nettcr,pr,0.8421052631578947,0.16134453781512606,0.1892645253488148
nettcr,pr,0.8421052631578947,0.16161616161616163,0.1892645253488148
nettcr,pr,0.8421052631578947,0.16188870151770657,0.1892645253488148
nettcr,pr,0.8421052631578947,0.16216216216216217,0.1892645253488148
nettcr,pr,0.8421052631578947,0.16243654822335024,0.1892645253488148
nettcr,pr,0.8333333333333334,0.16101694915254236,0.1892645253488148
nettcr,pr,0.8245614035087719,0.15959252971137522,0.1892645253488148
nettcr,pr,0.8245614035087719,0.1598639455782313,0.1892645253488148
nettcr,pr,0.8245614035087719,0.16013628620102216,0.1892645253488148
nettcr,pr,0.8245614035087719,0.16040955631399317,0.1892645253488148
nettcr,pr,0.8245614035087719,0.1606837606837607,0.1892645253488148
nettcr,pr,0.8245614035087719,0.16095890410958905,0.1892645253488148
nettcr,pr,0.8245614035087719,0.16123499142367068,0.1892645253488148
nettcr,pr,0.8157894736842105,0.15979381443298968,0.1892645253488148
nettcr,pr,0.8157894736842105,0.16006884681583478,0.1892645253488148
nettcr,pr,0.8157894736842105,0.16034482758620688,0.1892645253488148
nettcr,pr,0.8157894736842105,0.16062176165803108,0.1892645253488148
nettcr,pr,0.8157894736842105,0.16089965397923875,0.1892645253488148
nettcr,pr,0.8157894736842105,0.1611785095320624,0.1892645253488148
nettcr,pr,0.8157894736842105,0.16145833333333334,0.1892645253488148
nettcr,pr,0.8157894736842105,0.1617391304347826,0.1892645253488148
nettcr,pr,0.8157894736842105,0.16202090592334495,0.1892645253488148
nettcr,pr,0.8157894736842105,0.16230366492146597,0.1892645253488148
nettcr,pr,0.8157894736842105,0.16258741258741258,0.1892645253488148
nettcr,pr,0.8157894736842105,0.1628721541155867,0.1892645253488148
nettcr,pr,0.8070175438596491,0.16140350877192983,0.1892645253488148
nettcr,pr,0.8070175438596491,0.1616871704745167,0.1892645253488148
nettcr,pr,0.8070175438596491,0.1619718309859155,0.1892645253488148
nettcr,pr,0.8070175438596491,0.16225749559082892,0.1892645253488148
nettcr,pr,0.8070175438596491,0.1625441696113074,0.1892645253488148
nettcr,pr,0.8070175438596491,0.16283185840707964,0.1892645253488148
nettcr,pr,0.8070175438596491,0.16312056737588654,0.1892645253488148
nettcr,pr,0.7982456140350878,0.16163410301953818,0.1892645253488148
nettcr,pr,0.7982456140350878,0.1619217081850534,0.1892645253488148
nettcr,pr,0.7982456140350878,0.1622103386809269,0.1892645253488148
nettcr,pr,0.7982456140350878,0.1625,0.1892645253488148
nettcr,pr,0.7982456140350878,0.16279069767441862,0.1892645253488148
nettcr,pr,0.7982456140350878,0.16308243727598568,0.1892645253488148
nettcr,pr,0.7982456140350878,0.16337522441651706,0.1892645253488148
nettcr,pr,0.7982456140350878,0.16366906474820145,0.1892645253488148
nettcr,pr,0.7894736842105263,0.16216216216216217,0.1892645253488148
nettcr,pr,0.7894736842105263,0.1624548736462094,0.1892645253488148
nettcr,pr,0.7807017543859649,0.1609403254972875,0.1892645253488148
nettcr,pr,0.7807017543859649,0.161231884057971,0.1892645253488148
nettcr,pr,0.7807017543859649,0.16152450090744103,0.1892645253488148
nettcr,pr,0.7807017543859649,0.1618181818181818,0.1892645253488148
nettcr,pr,0.7719298245614035,0.16029143897996356,0.1892645253488148
nettcr,pr,0.7719298245614035,0.16058394160583941,0.1892645253488148
nettcr,pr,0.7719298245614035,0.16087751371115175,0.1892645253488148
nettcr,pr,0.7719298245614035,0.16117216117216118,0.1892645253488148
nettcr,pr,0.7719298245614035,0.1614678899082569,0.1892645253488148
nettcr,pr,0.7719298245614035,0.16176470588235295,0.1892645253488148
nettcr,pr,0.7719298245614035,0.16206261510128914,0.1892645253488148
nettcr,pr,0.7631578947368421,0.16051660516605165,0.1892645253488148
nettcr,pr,0.7631578947368421,0.16081330868761554,0.1892645253488148
nettcr,pr,0.7631578947368421,0.16111111111111112,0.1892645253488148
nettcr,pr,0.7631578947368421,0.1614100185528757,0.1892645253488148
nettcr,pr,0.7631578947368421,0.16171003717472118,0.1892645253488148
nettcr,pr,0.7631578947368421,0.16201117318435754,0.1892645253488148
nettcr,pr,0.7631578947368421,0.1623134328358209,0.1892645253488148
nettcr,pr,0.7543859649122807,0.16074766355140188,0.1892645253488148
nettcr,pr,0.7543859649122807,0.16104868913857678,0.1892645253488148
nettcr,pr,0.7456140350877193,0.15947467166979362,0.1892645253488148
nettcr,pr,0.7456140350877193,0.15977443609022557,0.1892645253488148
nettcr,pr,0.7368421052631579,0.15819209039548024,0.1892645253488148
nettcr,pr,0.7280701754385965,0.15660377358490565,0.1892645253488148
nettcr,pr,0.7280701754385965,0.15689981096408318,0.1892645253488148
nettcr,pr,0.7280701754385965,0.1571969696969697,0.1892645253488148
nettcr,pr,0.7280701754385965,0.15749525616698293,0.1892645253488148
nettcr,pr,0.7280701754385965,0.15779467680608364,0.1892645253488148
nettcr,pr,0.7192982456140351,0.15619047619047619,0.1892645253488148
nettcr,pr,0.7192982456140351,0.15648854961832062,0.1892645253488148
nettcr,pr,0.7192982456140351,0.15678776290630975,0.1892645253488148
nettcr,pr,0.7192982456140351,0.15708812260536398,0.1892645253488148
nettcr,pr,0.7192982456140351,0.15738963531669867,0.1892645253488148
nettcr,pr,0.7192982456140351,0.1576923076923077,0.1892645253488148
nettcr,pr,0.7192982456140351,0.1579961464354528,0.1892645253488148
nettcr,pr,0.7105263157894737,0.15637065637065636,0.1892645253488148
nettcr,pr,0.7105263157894737,0.15667311411992263,0.1892645253488148
nettcr,pr,0.7105263157894737,0.1569767441860465,0.1892645253488148
nettcr,pr,0.7105263157894737,0.15728155339805824,0.1892645253488148
nettcr,pr,0.7017543859649122,0.1556420233463035,0.1892645253488148
nettcr,pr,0.7017543859649122,0.15594541910331383,0.1892645253488148
nettcr,pr,0.6929824561403509,0.154296875,0.1892645253488148
nettcr,pr,0.6929824561403509,0.15459882583170254,0.1892645253488148
nettcr,pr,0.6929824561403509,0.15490196078431373,0.1892645253488148
nettcr,pr,0.6929824561403509,0.15520628683693516,0.1892645253488148
nettcr,pr,0.6929824561403509,0.15551181102362205,0.1892645253488148
nettcr,pr,0.6929824561403509,0.15581854043392504,0.1892645253488148
nettcr,pr,0.6929824561403509,0.15612648221343872,0.1892645253488148
nettcr,pr,0.6929824561403509,0.15643564356435644,0.1892645253488148
nettcr,pr,0.6929824561403509,0.15674603174603174,0.1892645253488148
nettcr,pr,0.6929824561403509,0.15705765407554673,0.1892645253488148
nettcr,pr,0.6929824561403509,0.15737051792828685,0.1892645253488148
nettcr,pr,0.6929824561403509,0.15768463073852296,0.1892645253488148
nettcr,pr,0.6929824561403509,0.158,0.1892645253488148
nettcr,pr,0.6929824561403509,0.15831663326653306,0.1892645253488148
nettcr,pr,0.6929824561403509,0.15863453815261044,0.1892645253488148
nettcr,pr,0.6842105263157895,0.15694164989939638,0.1892645253488148
nettcr,pr,0.6842105263157895,0.15725806451612903,0.1892645253488148
nettcr,pr,0.6842105263157895,0.15757575757575756,0.1892645253488148
nettcr,pr,0.6842105263157895,0.15789473684210525,0.1892645253488148
nettcr,pr,0.6754385964912281,0.15618661257606492,0.1892645253488148
nettcr,pr,0.6754385964912281,0.1565040650406504,0.1892645253488148
nettcr,pr,0.6754385964912281,0.15682281059063136,0.1892645253488148
nettcr,pr,0.6754385964912281,0.15714285714285714,0.1892645253488148
nettcr,pr,0.6754385964912281,0.1574642126789366,0.1892645253488148
nettcr,pr,0.6754385964912281,0.15778688524590165,0.1892645253488148
nettcr,pr,0.6754385964912281,0.15811088295687886,0.1892645253488148
nettcr,pr,0.6754385964912281,0.15843621399176955,0.1892645253488148
nettcr,pr,0.6754385964912281,0.15876288659793814,0.1892645253488148
nettcr,pr,0.6754385964912281,0.1590909090909091,0.1892645253488148
nettcr,pr,0.6754385964912281,0.15942028985507245,0.1892645253488148
nettcr,pr,0.6754385964912281,0.15975103734439833,0.1892645253488148
nettcr,pr,0.6754385964912281,0.1600831600831601,0.1892645253488148
nettcr,pr,0.6754385964912281,0.16041666666666668,0.1892645253488148
nettcr,pr,0.6754385964912281,0.16075156576200417,0.1892645253488148
nettcr,pr,0.6754385964912281,0.16108786610878661,0.1892645253488148
nettcr,pr,0.6754385964912281,0.16142557651991615,0.1892645253488148
nettcr,pr,0.6754385964912281,0.16176470588235295,0.1892645253488148
nettcr,pr,0.6754385964912281,0.16210526315789472,0.1892645253488148
nettcr,pr,0.6754385964912281,0.16244725738396623,0.1892645253488148
nettcr,pr,0.6754385964912281,0.16279069767441862,0.1892645253488148
nettcr,pr,0.6666666666666666,0.16101694915254236,0.1892645253488148
nettcr,pr,0.6666666666666666,0.1613588110403397,0.1892645253488148
nettcr,pr,0.6578947368421053,0.1595744680851064,0.1892645253488148
nettcr,pr,0.6578947368421053,0.15991471215351813,0.1892645253488148
nettcr,pr,0.6578947368421053,0.16025641025641027,0.1892645253488148
nettcr,pr,0.6578947368421053,0.16059957173447537,0.1892645253488148
nettcr,pr,0.6578947368421053,0.1609442060085837,0.1892645253488148
nettcr,pr,0.6491228070175439,0.15913978494623657,0.1892645253488148
nettcr,pr,0.6491228070175439,0.15948275862068967,0.1892645253488148
nettcr,pr,0.6491228070175439,0.15982721382289417,0.1892645253488148
nettcr,pr,0.6491228070175439,0.16017316017316016,0.1892645253488148
nettcr,pr,0.6491228070175439,0.16052060737527116,0.1892645253488148
nettcr,pr,0.6491228070175439,0.1608695652173913,0.1892645253488148
nettcr,pr,0.6491228070175439,0.16122004357298475,0.1892645253488148
nettcr,pr,0.6491228070175439,0.1615720524017467,0.1892645253488148
nettcr,pr,0.6491228070175439,0.16192560175054704,0.1892645253488148
nettcr,pr,0.6491228070175439,0.16228070175438597,0.1892645253488148
nettcr,pr,0.6491228070175439,0.16263736263736264,0.1892645253488148
nettcr,pr,0.6491228070175439,0.16299559471365638,0.1892645253488148
nettcr,pr,0.6403508771929824,0.16114790286975716,0.1892645253488148
nettcr,pr,0.631578947368421,0.1592920353982301,0.1892645253488148
nettcr,pr,0.631578947368421,0.15964523281596452,0.1892645253488148
nettcr,pr,0.631578947368421,0.16,0.1892645253488148
nettcr,pr,0.631578947368421,0.1603563474387528,0.1892645253488148
nettcr,pr,0.631578947368421,0.16071428571428573,0.1892645253488148
nettcr,pr,0.6228070175438597,0.15883668903803133,0.1892645253488148
nettcr,pr,0.6228070175438597,0.1591928251121076,0.1892645253488148
nettcr,pr,0.6228070175438597,0.15955056179775282,0.1892645253488148
nettcr,pr,0.6228070175438597,0.15990990990990991,0.1892645253488148
nettcr,pr,0.6228070175438597,0.16027088036117382,0.1892645253488148
nettcr,pr,0.6228070175438597,0.16063348416289594,0.1892645253488148
nettcr,pr,0.6228070175438597,0.16099773242630386,0.1892645253488148
nettcr,pr,0.6228070175438597,0.16136363636363638,0.1892645253488148
nettcr,pr,0.6228070175438597,0.16173120728929385,0.1892645253488148
nettcr,pr,0.6140350877192983,0.1598173515981735,0.1892645253488148
nettcr,pr,0.6140350877192983,0.16018306636155608,0.1892645253488148
nettcr,pr,0.6140350877192983,0.16055045871559634,0.1892645253488148
nettcr,pr,0.6140350877192983,0.16091954022988506,0.1892645253488148
nettcr,pr,0.6140350877192983,0.16129032258064516,0.1892645253488148
nettcr,pr,0.6140350877192983,0.16166281755196305,0.1892645253488148
nettcr,pr,0.6140350877192983,0.16203703703703703,0.1892645253488148
nettcr,pr,0.6140350877192983,0.16241299303944315,0.1892645253488148
nettcr,pr,0.6140350877192983,0.16279069767441862,0.1892645253488148
nettcr,pr,0.6140350877192983,0.16317016317016317,0.1892645253488148
nettcr,pr,0.6140350877192983,0.16355140186915887,0.1892645253488148
nettcr,pr,0.6140350877192983,0.16393442622950818,0.1892645253488148
nettcr,pr,0.6140350877192983,0.1643192488262911,0.1892645253488148
nettcr,pr,0.6140350877192983,0.16470588235294117,0.1892645253488148
nettcr,pr,0.6052631578947368,0.16273584905660377,0.1892645253488148
nettcr,pr,0.5964912280701754,0.1607565011820331,0.1892645253488148
nettcr,pr,0.5964912280701754,0.16113744075829384,0.1892645253488148
nettcr,pr,0.5964912280701754,0.16152019002375298,0.1892645253488148
nettcr,pr,0.5964912280701754,0.1619047619047619,0.1892645253488148
nettcr,pr,0.5964912280701754,0.162291169451074,0.1892645253488148
nettcr,pr,0.5964912280701754,0.16267942583732056,0.1892645253488148
nettcr,pr,0.5964912280701754,0.1630695443645084,0.1892645253488148
nettcr,pr,0.5877192982456141,0.16105769230769232,0.1892645253488148
nettcr,pr,0.5877192982456141,0.1614457831325301,0.1892645253488148
nettcr,pr,0.5877192982456141,0.16183574879227053,0.1892645253488148
nettcr,pr,0.5877192982456141,0.162227602905569,0.1892645253488148
nettcr,pr,0.5877192982456141,0.16262135922330098,0.1892645253488148
nettcr,pr,0.5877192982456141,0.1630170316301703,0.1892645253488148
nettcr,pr,0.5877192982456141,0.16341463414634147,0.1892645253488148
nettcr,pr,0.5877192982456141,0.16381418092909536,0.1892645253488148
nettcr,pr,0.5877192982456141,0.1642156862745098,0.1892645253488148
nettcr,pr,0.5877192982456141,0.16461916461916462,0.1892645253488148
nettcr,pr,0.5877192982456141,0.16502463054187191,0.1892645253488148
nettcr,pr,0.5877192982456141,0.1654320987654321,0.1892645253488148
nettcr,pr,0.5877192982456141,0.16584158415841585,0.1892645253488148
nettcr,pr,0.5877192982456141,0.1662531017369727,0.1892645253488148
nettcr,pr,0.5877192982456141,0.16666666666666666,0.1892645253488148
nettcr,pr,0.5877192982456141,0.16708229426433915,0.1892645253488148
nettcr,pr,0.5877192982456141,0.1675,0.1892645253488148
nettcr,pr,0.5877192982456141,0.16791979949874686,0.1892645253488148
nettcr,pr,0.5877192982456141,0.16834170854271358,0.1892645253488148
nettcr,pr,0.5877192982456141,0.16876574307304787,0.1892645253488148
nettcr,pr,0.5877192982456141,0.1691919191919192,0.1892645253488148
nettcr,pr,0.5877192982456141,0.16962025316455695,0.1892645253488148
nettcr,pr,0.5877192982456141,0.1700507614213198,0.1892645253488148
nettcr,pr,0.5877192982456141,0.17048346055979643,0.1892645253488148
nettcr,pr,0.5877192982456141,0.17091836734693877,0.1892645253488148
nettcr,pr,0.5877192982456141,0.17135549872122763,0.1892645253488148
nettcr,pr,0.5877192982456141,0.1717948717948718,0.1892645253488148
nettcr,pr,0.5877192982456141,0.17223650385604114,0.1892645253488148
nettcr,pr,0.5877192982456141,0.17268041237113402,0.1892645253488148
nettcr,pr,0.5877192982456141,0.1731266149870801,0.1892645253488148
nettcr,pr,0.5877192982456141,0.17357512953367876,0.1892645253488148
nettcr,pr,0.5877192982456141,0.17402597402597403,0.1892645253488148
nettcr,pr,0.5877192982456141,0.17447916666666666,0.1892645253488148
nettcr,pr,0.5877192982456141,0.17493472584856398,0.1892645253488148
nettcr,pr,0.5789473684210527,0.17277486910994763,0.1892645253488148
nettcr,pr,0.5789473684210527,0.1732283464566929,0.1892645253488148
nettcr,pr,0.5789473684210527,0.1736842105263158,0.1892645253488148
nettcr,pr,0.5789473684210527,0.1741424802110818,0.1892645253488148
nettcr,pr,0.5789473684210527,0.1746031746031746,0.1892645253488148
nettcr,pr,0.5789473684210527,0.17506631299734748,0.1892645253488148
nettcr,pr,0.5789473684210527,0.17553191489361702,0.1892645253488148
nettcr,pr,0.5701754385964912,0.17333333333333334,0.1892645253488148
nettcr,pr,0.5701754385964912,0.17379679144385027,0.1892645253488148
nettcr,pr,0.5701754385964912,0.1742627345844504,0.1892645253488148
nettcr,pr,0.5701754385964912,0.17473118279569894,0.1892645253488148
nettcr,pr,0.5701754385964912,0.1752021563342318,0.1892645253488148
nettcr,pr,0.5614035087719298,0.17297297297297298,0.1892645253488148
nettcr,pr,0.5614035087719298,0.17344173441734417,0.1892645253488148
nettcr,pr,0.5614035087719298,0.17391304347826086,0.1892645253488148
nettcr,pr,0.5526315789473685,0.17166212534059946,0.1892645253488148
nettcr,pr,0.5526315789473685,0.1721311475409836,0.1892645253488148
nettcr,pr,0.5526315789473685,0.1726027397260274,0.1892645253488148
nettcr,pr,0.5526315789473685,0.17307692307692307,0.1892645253488148
nettcr,pr,0.543859649122807,0.17079889807162535,0.1892645253488148
nettcr,pr,0.543859649122807,0.1712707182320442,0.1892645253488148
nettcr,pr,0.543859649122807,0.17174515235457063,0.1892645253488148
nettcr,pr,0.543859649122807,0.17222222222222222,0.1892645253488148
nettcr,pr,0.543859649122807,0.17270194986072424,0.1892645253488148
nettcr,pr,0.543859649122807,0.17318435754189945,0.1892645253488148
nettcr,pr,0.5350877192982456,0.17086834733893558,0.1892645253488148
nettcr,pr,0.5350877192982456,0.17134831460674158,0.1892645253488148
nettcr,pr,0.5350877192982456,0.17183098591549295,0.1892645253488148
nettcr,pr,0.5263157894736842,0.1694915254237288,0.1892645253488148
nettcr,pr,0.5175438596491229,0.1671388101983003,0.1892645253488148
nettcr,pr,0.5175438596491229,0.16761363636363635,0.1892645253488148
nettcr,pr,0.5175438596491229,0.16809116809116809,0.1892645253488148
nettcr,pr,0.5175438596491229,0.16857142857142857,0.1892645253488148
nettcr,pr,0.5175438596491229,0.16905444126074498,0.1892645253488148
nettcr,pr,0.5175438596491229,0.16954022988505746,0.1892645253488148
nettcr,pr,0.5087719298245614,0.16714697406340057,0.1892645253488148
nettcr,pr,0.5087719298245614,0.1676300578034682,0.1892645253488148
nettcr,pr,0.5087719298245614,0.1681159420289855,0.1892645253488148
nettcr,pr,0.5087719298245614,0.1686046511627907,0.1892645253488148
nettcr,pr,0.5087719298245614,0.16909620991253643,0.1892645253488148
nettcr,pr,0.5087719298245614,0.1695906432748538,0.1892645253488148
nettcr,pr,0.5087719298245614,0.17008797653958943,0.1892645253488148
nettcr,pr,0.5087719298245614,0.17058823529411765,0.1892645253488148
nettcr,pr,0.5087719298245614,0.1710914454277286,0.1892645253488148
nettcr,pr,0.5087719298245614,0.17159763313609466,0.1892645253488148
nettcr,pr,0.5087719298245614,0.17210682492581603,0.1892645253488148
nettcr,pr,0.5087719298245614,0.17261904761904762,0.1892645253488148
nettcr,pr,0.5087719298245614,0.17313432835820897,0.1892645253488148
nettcr,pr,0.5,0.17065868263473055,0.1892645253488148
nettcr,pr,0.5,0.17117117117117117,0.1892645253488148
nettcr,pr,0.5,0.1716867469879518,0.1892645253488148
nettcr,pr,0.49122807017543857,0.1691842900302115,0.1892645253488148
nettcr,pr,0.49122807017543857,0.1696969696969697,0.1892645253488148
nettcr,pr,0.4824561403508772,0.16717325227963525,0.1892645253488148
nettcr,pr,0.4824561403508772,0.1676829268292683,0.1892645253488148
nettcr,pr,0.4824561403508772,0.16819571865443425,0.1892645253488148
nettcr,pr,0.4824561403508772,0.1687116564417178,0.1892645253488148
nettcr,pr,0.4824561403508772,0.16923076923076924,0.1892645253488148
nettcr,pr,0.4824561403508772,0.1697530864197531,0.1892645253488148
nettcr,pr,0.4824561403508772,0.17027863777089783,0.1892645253488148
nettcr,pr,0.4824561403508772,0.17080745341614906,0.1892645253488148
nettcr,pr,0.4824561403508772,0.17133956386292834,0.1892645253488148
nettcr,pr,0.4824561403508772,0.171875,0.1892645253488148
nettcr,pr,0.4824561403508772,0.1724137931034483,0.1892645253488148
nettcr,pr,0.4824561403508772,0.17295597484276728,0.1892645253488148
nettcr,pr,0.4824561403508772,0.17350157728706625,0.1892645253488148
nettcr,pr,0.47368421052631576,0.17088607594936708,0.1892645253488148
nettcr,pr,0.47368421052631576,0.17142857142857143,0.1892645253488148
nettcr,pr,0.47368421052631576,0.17197452229299362,0.1892645253488148
nettcr,pr,0.47368421052631576,0.17252396166134185,0.1892645253488148
nettcr,pr,0.47368421052631576,0.17307692307692307,0.1892645253488148
nettcr,pr,0.47368421052631576,0.17363344051446947,0.1892645253488148
nettcr,pr,0.47368421052631576,0.17419354838709677,0.1892645253488148
nettcr,pr,0.47368421052631576,0.17475728155339806,0.1892645253488148
nettcr,pr,0.47368421052631576,0.17532467532467533,0.1892645253488148
nettcr,pr,0.47368421052631576,0.1758957654723127,0.1892645253488148
nettcr,pr,0.47368421052631576,0.17647058823529413,0.1892645253488148
nettcr,pr,0.47368421052631576,0.17704918032786884,0.1892645253488148
nettcr,pr,0.47368421052631576,0.17763157894736842,0.1892645253488148
nettcr,pr,0.47368421052631576,0.1782178217821782,0.1892645253488148
nettcr,pr,0.47368421052631576,0.17880794701986755,0.1892645253488148
nettcr,pr,0.47368421052631576,0.17940199335548174,0.1892645253488148
nettcr,pr,0.4649122807017544,0.17666666666666667,0.1892645253488148
nettcr,pr,0.4649122807017544,0.17725752508361203,0.1892645253488148
nettcr,pr,0.4649122807017544,0.17785234899328858,0.1892645253488148
nettcr,pr,0.4649122807017544,0.17845117845117844,0.1892645253488148
nettcr,pr,0.4649122807017544,0.17905405405405406,0.1892645253488148
nettcr,pr,0.4649122807017544,0.17966101694915254,0.1892645253488148
nettcr,pr,0.4649122807017544,0.18027210884353742,0.1892645253488148
nettcr,pr,0.4649122807017544,0.18088737201365188,0.1892645253488148
nettcr,pr,0.4649122807017544,0.1815068493150685,0.1892645253488148
nettcr,pr,0.4649122807017544,0.18213058419243985,0.1892645253488148
nettcr,pr,0.45614035087719296,0.1793103448275862,0.1892645253488148
nettcr,pr,0.45614035087719296,0.17993079584775087,0.1892645253488148
nettcr,pr,0.4473684210526316,0.17708333333333334,0.1892645253488148
nettcr,pr,0.4473684210526316,0.17770034843205576,0.1892645253488148
nettcr,pr,0.4473684210526316,0.17832167832167833,0.1892645253488148
nettcr,pr,0.4473684210526316,0.17894736842105263,0.1892645253488148
nettcr,pr,0.4473684210526316,0.1795774647887324,0.1892645253488148
nettcr,pr,0.4473684210526316,0.18021201413427562,0.1892645253488148
nettcr,pr,0.43859649122807015,0.1773049645390071,0.1892645253488148
nettcr,pr,0.43859649122807015,0.17793594306049823,0.1892645253488148
nettcr,pr,0.43859649122807015,0.17857142857142858,0.1892645253488148
nettcr,pr,0.4298245614035088,0.17562724014336917,0.1892645253488148
nettcr,pr,0.4298245614035088,0.17625899280575538,0.1892645253488148
nettcr,pr,0.42105263157894735,0.17328519855595667,0.1892645253488148
nettcr,pr,0.42105263157894735,0.17391304347826086,0.1892645253488148
nettcr,pr,0.42105263157894735,0.17454545454545456,0.1892645253488148
nettcr,pr,0.41228070175438597,0.17153284671532848,0.1892645253488148
nettcr,pr,0.41228070175438597,0.17216117216117216,0.1892645253488148
nettcr,pr,0.41228070175438597,0.17279411764705882,0.1892645253488148
nettcr,pr,0.41228070175438597,0.17343173431734318,0.1892645253488148
nettcr,pr,0.41228070175438597,0.17407407407407408,0.1892645253488148
nettcr,pr,0.41228070175438597,0.17472118959107807,0.1892645253488148
nettcr,pr,0.41228070175438597,0.17537313432835822,0.1892645253488148
nettcr,pr,0.41228070175438597,0.1760299625468165,0.1892645253488148
nettcr,pr,0.41228070175438597,0.17669172932330826,0.1892645253488148
nettcr,pr,0.41228070175438597,0.17735849056603772,0.1892645253488148
nettcr,pr,0.41228070175438597,0.17803030303030304,0.1892645253488148
nettcr,pr,0.41228070175438597,0.17870722433460076,0.1892645253488148
nettcr,pr,0.41228070175438597,0.17938931297709923,0.1892645253488148
nettcr,pr,0.41228070175438597,0.18007662835249041,0.1892645253488148
nettcr,pr,0.41228070175438597,0.18076923076923077,0.1892645253488148
nettcr,pr,0.41228070175438597,0.18146718146718147,0.1892645253488148
nettcr,pr,0.41228070175438597,0.1821705426356589,0.1892645253488148
nettcr,pr,0.41228070175438597,0.1828793774319066,0.1892645253488148
nettcr,pr,0.40350877192982454,0.1796875,0.1892645253488148
nettcr,pr,0.40350877192982454,0.1803921568627451,0.1892645253488148
nettcr,pr,0.39473684210526316,0.17716535433070865,0.1892645253488148
nettcr,pr,0.39473684210526316,0.17786561264822134,0.1892645253488148
nettcr,pr,0.39473684210526316,0.17857142857142858,0.1892645253488148
nettcr,pr,0.39473684210526316,0.17928286852589642,0.1892645253488148
nettcr,pr,0.39473684210526316,0.18,0.1892645253488148
nettcr,pr,0.39473684210526316,0.18072289156626506,0.1892645253488148
nettcr,pr,0.39473684210526316,0.1814516129032258,0.1892645253488148
nettcr,pr,0.38596491228070173,0.17813765182186234,0.1892645253488148
nettcr,pr,0.38596491228070173,0.17886178861788618,0.1892645253488148
nettcr,pr,0.38596491228070173,0.17959183673469387,0.1892645253488148
nettcr,pr,0.38596491228070173,0.18032786885245902,0.1892645253488148
nettcr,pr,0.38596491228070173,0.18106995884773663,0.1892645253488148
nettcr,pr,0.38596491228070173,0.18181818181818182,0.1892645253488148
nettcr,pr,0.38596491228070173,0.1825726141078838,0.1892645253488148
nettcr,pr,0.38596491228070173,0.18333333333333332,0.1892645253488148
nettcr,pr,0.38596491228070173,0.18410041841004185,0.1892645253488148
nettcr,pr,0.38596491228070173,0.18487394957983194,0.1892645253488148
nettcr,pr,0.38596491228070173,0.18565400843881857,0.1892645253488148
nettcr,pr,0.37719298245614036,0.18220338983050846,0.1892645253488148
nettcr,pr,0.37719298245614036,0.1829787234042553,0.1892645253488148
nettcr,pr,0.37719298245614036,0.18376068376068377,0.1892645253488148
nettcr,pr,0.37719298245614036,0.18454935622317598,0.1892645253488148
nettcr,pr,0.37719298245614036,0.1853448275862069,0.1892645253488148
nettcr,pr,0.37719298245614036,0.18614718614718614,0.1892645253488148
nettcr,pr,0.37719298245614036,0.18695652173913044,0.1892645253488148
nettcr,pr,0.37719298245614036,0.18777292576419213,0.1892645253488148
nettcr,pr,0.3684210526315789,0.18421052631578946,0.1892645253488148
nettcr,pr,0.3684210526315789,0.18502202643171806,0.1892645253488148
nettcr,pr,0.3684210526315789,0.18584070796460178,0.1892645253488148
nettcr,pr,0.3684210526315789,0.18666666666666668,0.1892645253488148
nettcr,pr,0.3684210526315789,0.1875,0.1892645253488148
nettcr,pr,0.35964912280701755,0.18385650224215247,0.1892645253488148
nettcr,pr,0.35964912280701755,0.18468468468468469,0.1892645253488148
nettcr,pr,0.35964912280701755,0.18552036199095023,0.1892645253488148
nettcr,pr,0.35964912280701755,0.18636363636363637,0.1892645253488148
nettcr,pr,0.35964912280701755,0.1872146118721461,0.1892645253488148
nettcr,pr,0.3508771929824561,0.1834862385321101,0.1892645253488148
nettcr,pr,0.3508771929824561,0.18433179723502305,0.1892645253488148
nettcr,pr,0.3508771929824561,0.18518518518518517,0.1892645253488148
nettcr,pr,0.3508771929824561,0.18604651162790697,0.1892645253488148
nettcr,pr,0.3508771929824561,0.18691588785046728,0.1892645253488148
nettcr,pr,0.3508771929824561,0.18779342723004694,0.1892645253488148
nettcr,pr,0.3508771929824561,0.18867924528301888,0.1892645253488148
nettcr,pr,0.3508771929824561,0.1895734597156398,0.1892645253488148
nettcr,pr,0.3508771929824561,0.19047619047619047,0.1892645253488148
nettcr,pr,0.3508771929824561,0.19138755980861244,0.1892645253488148
nettcr,pr,0.3508771929824561,0.19230769230769232,0.1892645253488148
nettcr,pr,0.3508771929824561,0.1932367149758454,0.1892645253488148
nettcr,pr,0.3508771929824561,0.1941747572815534,0.1892645253488148
nettcr,pr,0.3508771929824561,0.1951219512195122,0.1892645253488148
nettcr,pr,0.3508771929824561,0.19607843137254902,0.1892645253488148
nettcr,pr,0.3508771929824561,0.19704433497536947,0.1892645253488148
nettcr,pr,0.3508771929824561,0.19801980198019803,0.1892645253488148
nettcr,pr,0.34210526315789475,0.19402985074626866,0.1892645253488148
nettcr,pr,0.3333333333333333,0.19,0.1892645253488148
nettcr,pr,0.3333333333333333,0.19095477386934673,0.1892645253488148
nettcr,pr,0.32456140350877194,0.18686868686868688,0.1892645253488148
nettcr,pr,0.32456140350877194,0.18781725888324874,0.1892645253488148
nettcr,pr,0.32456140350877194,0.18877551020408162,0.1892645253488148
nettcr,pr,0.3157894736842105,0.18461538461538463,0.1892645253488148
nettcr,pr,0.3157894736842105,0.18556701030927836,0.1892645253488148
nettcr,pr,0.3157894736842105,0.18652849740932642,0.1892645253488148
nettcr,pr,0.3157894736842105,0.1875,0.1892645253488148
nettcr,pr,0.3157894736842105,0.18848167539267016,0.1892645253488148
nettcr,pr,0.3157894736842105,0.18947368421052632,0.1892645253488148
nettcr,pr,0.30701754385964913,0.18518518518518517,0.1892645253488148
nettcr,pr,0.30701754385964913,0.18617021276595744,0.1892645253488148
nettcr,pr,0.30701754385964913,0.18716577540106952,0.1892645253488148
nettcr,pr,0.30701754385964913,0.1881720430107527,0.1892645253488148
nettcr,pr,0.30701754385964913,0.1891891891891892,0.1892645253488148
nettcr,pr,0.30701754385964913,0.19021739130434784,0.1892645253488148
nettcr,pr,0.30701754385964913,0.1912568306010929,0.1892645253488148
nettcr,pr,0.30701754385964913,0.19230769230769232,0.1892645253488148
nettcr,pr,0.30701754385964913,0.19337016574585636,0.1892645253488148
nettcr,pr,0.30701754385964913,0.19444444444444445,0.1892645253488148
nettcr,pr,0.2982456140350877,0.18994413407821228,0.1892645253488148
nettcr,pr,0.2982456140350877,0.19101123595505617,0.1892645253488148
nettcr,pr,0.2982456140350877,0.192090395480226,0.1892645253488148
nettcr,pr,0.2982456140350877,0.19318181818181818,0.1892645253488148
nettcr,pr,0.2982456140350877,0.19428571428571428,0.1892645253488148
nettcr,pr,0.2982456140350877,0.19540229885057472,0.1892645253488148
nettcr,pr,0.2982456140350877,0.19653179190751446,0.1892645253488148
nettcr,pr,0.2894736842105263,0.19186046511627908,0.1892645253488148
nettcr,pr,0.2894736842105263,0.19298245614035087,0.1892645253488148
nettcr,pr,0.2894736842105263,0.19411764705882353,0.1892645253488148
nettcr,pr,0.2894736842105263,0.1952662721893491,0.1892645253488148
nettcr,pr,0.2894736842105263,0.19642857142857142,0.1892645253488148
nettcr,pr,0.2894736842105263,0.19760479041916168,0.1892645253488148
nettcr,pr,0.2894736842105263,0.19879518072289157,0.1892645253488148
nettcr,pr,0.2807017543859649,0.19393939393939394,0.1892645253488148
nettcr,pr,0.2807017543859649,0.1951219512195122,0.1892645253488148
nettcr,pr,0.2807017543859649,0.19631901840490798,0.1892645253488148
nettcr,pr,0.2719298245614035,0.19135802469135801,0.1892645253488148
nettcr,pr,0.2719298245614035,0.19254658385093168,0.1892645253488148
nettcr,pr,0.2719298245614035,0.19375,0.1892645253488148
nettcr,pr,0.2719298245614035,0.1949685534591195,0.1892645253488148
nettcr,pr,0.2631578947368421,0.189873417721519,0.1892645253488148
nettcr,pr,0.2631578947368421,0.1910828025477707,0.1892645253488148
nettcr,pr,0.2631578947368421,0.19230769230769232,0.1892645253488148
nettcr,pr,0.2631578947368421,0.1935483870967742,0.1892645253488148
nettcr,pr,0.2631578947368421,0.19480519480519481,0.1892645253488148
nettcr,pr,0.2631578947368421,0.19607843137254902,0.1892645253488148
nettcr,pr,0.2631578947368421,0.19736842105263158,0.1892645253488148
nettcr,pr,0.2631578947368421,0.1986754966887417,0.1892645253488148
nettcr,pr,0.2543859649122807,0.19333333333333333,0.1892645253488148
nettcr,pr,0.2543859649122807,0.19463087248322147,0.1892645253488148
nettcr,pr,0.24561403508771928,0.1891891891891892,0.1892645253488148
nettcr,pr,0.24561403508771928,0.19047619047619047,0.1892645253488148
nettcr,pr,0.24561403508771928,0.1917808219178082,0.1892645253488148
nettcr,pr,0.24561403508771928,0.19310344827586207,0.1892645253488148
nettcr,pr,0.23684210526315788,0.1875,0.1892645253488148
nettcr,pr,0.23684210526315788,0.1888111888111888,0.1892645253488148
nettcr,pr,0.23684210526315788,0.19014084507042253,0.1892645253488148
nettcr,pr,0.23684210526315788,0.19148936170212766,0.1892645253488148
nettcr,pr,0.23684210526315788,0.19285714285714287,0.1892645253488148
nettcr,pr,0.23684210526315788,0.19424460431654678,0.1892645253488148
nettcr,pr,0.23684210526315788,0.1956521739130435,0.1892645253488148
nettcr,pr,0.23684210526315788,0.19708029197080293,0.1892645253488148
nettcr,pr,0.23684210526315788,0.19852941176470587,0.1892645253488148
nettcr,pr,0.23684210526315788,0.2,0.1892645253488148
nettcr,pr,0.23684210526315788,0.20149253731343283,0.1892645253488148
nettcr,pr,0.23684210526315788,0.20300751879699247,0.1892645253488148
nettcr,pr,0.23684210526315788,0.20454545454545456,0.1892645253488148
nettcr,pr,0.23684210526315788,0.20610687022900764,0.1892645253488148
nettcr,pr,0.22807017543859648,0.2,0.1892645253488148
nettcr,pr,0.22807017543859648,0.20155038759689922,0.1892645253488148
nettcr,pr,0.22807017543859648,0.203125,0.1892645253488148
nettcr,pr,0.22807017543859648,0.2047244094488189,0.1892645253488148
nettcr,pr,0.22807017543859648,0.20634920634920634,0.1892645253488148
nettcr,pr,0.22807017543859648,0.208,0.1892645253488148
nettcr,pr,0.21929824561403508,0.20161290322580644,0.1892645253488148
nettcr,pr,0.21929824561403508,0.2032520325203252,0.1892645253488148
nettcr,pr,0.21929824561403508,0.20491803278688525,0.1892645253488148
nettcr,pr,0.21929824561403508,0.2066115702479339,0.1892645253488148
nettcr,pr,0.21929824561403508,0.20833333333333334,0.1892645253488148
nettcr,pr,0.21929824561403508,0.21008403361344538,0.1892645253488148
nettcr,pr,0.21929824561403508,0.211864406779661,0.1892645253488148
nettcr,pr,0.21929824561403508,0.21367521367521367,0.1892645253488148
nettcr,pr,0.21929824561403508,0.21551724137931033,0.1892645253488148
nettcr,pr,0.21929824561403508,0.21739130434782608,0.1892645253488148
nettcr,pr,0.21929824561403508,0.21929824561403508,0.1892645253488148
nettcr,pr,0.21929824561403508,0.22123893805309736,0.1892645253488148
nettcr,pr,0.21929824561403508,0.22321428571428573,0.1892645253488148
nettcr,pr,0.21929824561403508,0.22522522522522523,0.1892645253488148
nettcr,pr,0.21052631578947367,0.21818181818181817,0.1892645253488148
nettcr,pr,0.20175438596491227,0.21100917431192662,0.1892645253488148
nettcr,pr,0.20175438596491227,0.21296296296296297,0.1892645253488148
nettcr,pr,0.20175438596491227,0.21495327102803738,0.1892645253488148
nettcr,pr,0.19298245614035087,0.20754716981132076,0.1892645253488148
nettcr,pr,0.19298245614035087,0.20952380952380953,0.1892645253488148
nettcr,pr,0.19298245614035087,0.21153846153846154,0.1892645253488148
nettcr,pr,0.19298245614035087,0.21359223300970873,0.1892645253488148
nettcr,pr,0.19298245614035087,0.21568627450980393,0.1892645253488148
nettcr,pr,0.18421052631578946,0.2079207920792079,0.1892645253488148
nettcr,pr,0.18421052631578946,0.21,0.1892645253488148
nettcr,pr,0.17543859649122806,0.20202020202020202,0.1892645253488148
nettcr,pr,0.17543859649122806,0.20408163265306123,0.1892645253488148
nettcr,pr,0.17543859649122806,0.20618556701030927,0.1892645253488148
nettcr,pr,0.16666666666666666,0.19791666666666666,0.1892645253488148
nettcr,pr,0.15789473684210525,0.18947368421052632,0.1892645253488148
nettcr,pr,0.15789473684210525,0.19148936170212766,0.1892645253488148
nettcr,pr,0.15789473684210525,0.1935483870967742,0.1892645253488148
nettcr,pr,0.15789473684210525,0.1956521739130435,0.1892645253488148
nettcr,pr,0.15789473684210525,0.1978021978021978,0.1892645253488148
nettcr,pr,0.15789473684210525,0.2,0.1892645253488148
nettcr,pr,0.14912280701754385,0.19101123595505617,0.1892645253488148
nettcr,pr,0.14912280701754385,0.19318181818181818,0.1892645253488148
nettcr,pr,0.14912280701754385,0.19540229885057472,0.1892645253488148
nettcr,pr,0.14912280701754385,0.19767441860465115,0.1892645253488148
nettcr,pr,0.14912280701754385,0.2,0.1892645253488148
nettcr,pr,0.14912280701754385,0.20238095238095238,0.1892645253488148
nettcr,pr,0.14912280701754385,0.20481927710843373,0.1892645253488148
nettcr,pr,0.14912280701754385,0.2073170731707317,0.1892645253488148
nettcr,pr,0.14912280701754385,0.20987654320987653,0.1892645253488148
nettcr,pr,0.14912280701754385,0.2125,0.1892645253488148
nettcr,pr,0.14912280701754385,0.21518987341772153,0.1892645253488148
nettcr,pr,0.14912280701754385,0.21794871794871795,0.1892645253488148
nettcr,pr,0.14912280701754385,0.22077922077922077,0.1892645253488148
nettcr,pr,0.14912280701754385,0.2236842105263158,0.1892645253488148
nettcr,pr,0.14912280701754385,0.22666666666666666,0.1892645253488148
nettcr,pr,0.14912280701754385,0.22972972972972974,0.1892645253488148
nettcr,pr,0.14912280701754385,0.2328767123287671,0.1892645253488148
nettcr,pr,0.14912280701754385,0.2361111111111111,0.1892645253488148
nettcr,pr,0.14912280701754385,0.23943661971830985,0.1892645253488148
nettcr,pr,0.14035087719298245,0.22857142857142856,0.1892645253488148
nettcr,pr,0.14035087719298245,0.2318840579710145,0.1892645253488148
nettcr,pr,0.14035087719298245,0.23529411764705882,0.1892645253488148
nettcr,pr,0.14035087719298245,0.23880597014925373,0.1892645253488148
nettcr,pr,0.13157894736842105,0.22727272727272727,0.1892645253488148
nettcr,pr,0.13157894736842105,0.23076923076923078,0.1892645253488148
nettcr,pr,0.13157894736842105,0.234375,0.1892645253488148
nettcr,pr,0.13157894736842105,0.23809523809523808,0.1892645253488148
nettcr,pr,0.12280701754385964,0.22580645161290322,0.1892645253488148
nettcr,pr,0.12280701754385964,0.22950819672131148,0.1892645253488148
nettcr,pr,0.12280701754385964,0.23333333333333334,0.1892645253488148
nettcr,pr,0.11403508771929824,0.22033898305084745,0.1892645253488148
nettcr,pr,0.10526315789473684,0.20689655172413793,0.1892645253488148
nettcr,pr,0.10526315789473684,0.21052631578947367,0.1892645253488148
nettcr,pr,0.10526315789473684,0.21428571428571427,0.1892645253488148
nettcr,pr,0.10526315789473684,0.21818181818181817,0.1892645253488148
nettcr,pr,0.10526315789473684,0.2222222222222222,0.1892645253488148
nettcr,pr,0.10526315789473684,0.22641509433962265,0.1892645253488148
nettcr,pr,0.10526315789473684,0.23076923076923078,0.1892645253488148
nettcr,pr,0.10526315789473684,0.23529411764705882,0.1892645253488148
nettcr,pr,0.09649122807017543,0.22,0.1892645253488148
nettcr,pr,0.08771929824561403,0.20408163265306123,0.1892645253488148
nettcr,pr,0.08771929824561403,0.20833333333333334,0.1892645253488148
nettcr,pr,0.07894736842105263,0.19148936170212766,0.1892645253488148
nettcr,pr,0.07894736842105263,0.1956521739130435,0.1892645253488148
nettcr,pr,0.07894736842105263,0.2,0.1892645253488148
nettcr,pr,0.07894736842105263,0.20454545454545456,0.1892645253488148
nettcr,pr,0.07894736842105263,0.20930232558139536,0.1892645253488148
nettcr,pr,0.07894736842105263,0.21428571428571427,0.1892645253488148
nettcr,pr,0.07017543859649122,0.1951219512195122,0.1892645253488148
nettcr,pr,0.07017543859649122,0.2,0.1892645253488148
nettcr,pr,0.07017543859649122,0.20512820512820512,0.1892645253488148
nettcr,pr,0.06140350877192982,0.18421052631578946,0.1892645253488148
nettcr,pr,0.06140350877192982,0.1891891891891892,0.1892645253488148
nettcr,pr,0.06140350877192982,0.19444444444444445,0.1892645253488148
nettcr,pr,0.06140350877192982,0.2,0.1892645253488148
nettcr,pr,0.05263157894736842,0.17647058823529413,0.1892645253488148
nettcr,pr,0.05263157894736842,0.18181818181818182,0.1892645253488148
nettcr,pr,0.05263157894736842,0.1875,0.1892645253488148
nettcr,pr,0.05263157894736842,0.1935483870967742,0.1892645253488148
nettcr,pr,0.05263157894736842,0.2,0.1892645253488148
nettcr,pr,0.05263157894736842,0.20689655172413793,0.1892645253488148
nettcr,pr,0.05263157894736842,0.21428571428571427,0.1892645253488148
nettcr,pr,0.05263157894736842,0.2222222222222222,0.1892645253488148
nettcr,pr,0.05263157894736842,0.23076923076923078,0.1892645253488148
nettcr,pr,0.05263157894736842,0.24,0.1892645253488148
nettcr,pr,0.043859649122807015,0.20833333333333334,0.1892645253488148
nettcr,pr,0.043859649122807015,0.21739130434782608,0.1892645253488148
nettcr,pr,0.043859649122807015,0.22727272727272727,0.1892645253488148
nettcr,pr,0.043859649122807015,0.23809523809523808,0.1892645253488148
nettcr,pr,0.043859649122807015,0.25,0.1892645253488148
nettcr,pr,0.043859649122807015,0.2631578947368421,0.1892645253488148
nettcr,pr,0.043859649122807015,0.2777777777777778,0.1892645253488148
nettcr,pr,0.03508771929824561,0.23529411764705882,0.1892645253488148
nettcr,pr,0.03508771929824561,0.25,0.1892645253488148
nettcr,pr,0.03508771929824561,0.26666666666666666,0.1892645253488148
nettcr,pr,0.03508771929824561,0.2857142857142857,0.1892645253488148
nettcr,pr,0.03508771929824561,0.3076923076923077,0.1892645253488148
nettcr,pr,0.03508771929824561,0.3333333333333333,0.1892645253488148
nettcr,pr,0.03508771929824561,0.36363636363636365,0.1892645253488148
nettcr,pr,0.03508771929824561,0.4,0.1892645253488148
nettcr,pr,0.03508771929824561,0.4444444444444444,0.1892645253488148
nettcr,pr,0.02631578947368421,0.375,0.1892645253488148
nettcr,pr,0.017543859649122806,0.2857142857142857,0.1892645253488148
nettcr,pr,0.017543859649122806,0.3333333333333333,0.1892645253488148
nettcr,pr,0.017543859649122806,0.4,0.1892645253488148
nettcr,pr,0.008771929824561403,0.25,0.1892645253488148
nettcr,pr,0.008771929824561403,0.3333333333333333,0.1892645253488148
nettcr,pr,0.0,0.0,0.1892645253488148
nettcr,pr,0.0,0.0,0.1892645253488148
nettcr,pr,0.0,1.0,0.1892645253488148
panpep,roc,0.0,0.0,0.5121114188981225
panpep,roc,0.0017543859649122807,0.0,0.5121114188981225
panpep,roc,0.007017543859649123,0.0,0.5121114188981225
panpep,roc,0.007017543859649123,0.008771929824561403,0.5121114188981225
panpep,roc,0.010526315789473684,0.008771929824561403,0.5121114188981225
panpep,roc,0.010526315789473684,0.017543859649122806,0.5121114188981225
panpep,roc,0.02280701754385965,0.017543859649122806,0.5121114188981225
panpep,roc,0.02280701754385965,0.02631578947368421,0.5121114188981225
panpep,roc,0.056140350877192984,0.02631578947368421,0.5121114188981225
panpep,roc,0.056140350877192984,0.03508771929824561,0.5121114188981225
panpep,roc,0.06140350877192982,0.03508771929824561,0.5121114188981225
panpep,roc,0.06140350877192982,0.043859649122807015,0.5121114188981225
panpep,roc,0.06666666666666667,0.043859649122807015,0.5121114188981225
panpep,roc,0.06666666666666667,0.05263157894736842,0.5121114188981225
panpep,roc,0.07017543859649122,0.05263157894736842,0.5121114188981225
panpep,roc,0.07017543859649122,0.07017543859649122,0.5121114188981225
panpep,roc,0.07543859649122807,0.07017543859649122,0.5121114188981225
panpep,roc,0.07543859649122807,0.07894736842105263,0.5121114188981225
panpep,roc,0.07894736842105263,0.07894736842105263,0.5121114188981225
panpep,roc,0.07894736842105263,0.08771929824561403,0.5121114188981225
panpep,roc,0.08070175438596491,0.08771929824561403,0.5121114188981225
panpep,roc,0.08070175438596491,0.09649122807017543,0.5121114188981225
panpep,roc,0.08596491228070176,0.09649122807017543,0.5121114188981225
panpep,roc,0.08596491228070176,0.10526315789473684,0.5121114188981225
panpep,roc,0.08771929824561403,0.10526315789473684,0.5121114188981225
panpep,roc,0.08771929824561403,0.11403508771929824,0.5121114188981225
panpep,roc,0.08947368421052632,0.11403508771929824,0.5121114188981225
panpep,roc,0.08947368421052632,0.14035087719298245,0.5121114188981225
panpep,roc,0.09473684210526316,0.14035087719298245,0.5121114188981225
panpep,roc,0.09473684210526316,0.14912280701754385,0.5121114188981225
panpep,roc,0.11228070175438597,0.14912280701754385,0.5121114188981225
panpep,roc,0.11228070175438597,0.15789473684210525,0.5121114188981225
panpep,roc,0.15789473684210525,0.15789473684210525,0.5121114188981225
panpep,roc,0.15789473684210525,0.16666666666666666,0.5121114188981225
panpep,roc,0.1631578947368421,0.16666666666666666,0.5121114188981225
panpep,roc,0.1631578947368421,0.17543859649122806,0.5121114188981225
panpep,roc,0.17192982456140352,0.17543859649122806,0.5121114188981225
panpep,roc,0.17192982456140352,0.19298245614035087,0.5121114188981225
panpep,roc,0.17719298245614035,0.19298245614035087,0.5121114188981225
panpep,roc,0.17719298245614035,0.20175438596491227,0.5121114188981225
panpep,roc,0.21929824561403508,0.20175438596491227,0.5121114188981225
panpep,roc,0.21929824561403508,0.21052631578947367,0.5121114188981225
panpep,roc,0.23157894736842105,0.21052631578947367,0.5121114188981225
panpep,roc,0.23157894736842105,0.21929824561403508,0.5121114188981225
panpep,roc,0.24210526315789474,0.21929824561403508,0.5121114188981225
panpep,roc,0.24210526315789474,0.22807017543859648,0.5121114188981225
panpep,roc,0.24385964912280703,0.22807017543859648,0.5121114188981225
panpep,roc,0.24385964912280703,0.24561403508771928,0.5121114188981225
panpep,roc,0.24736842105263157,0.24561403508771928,0.5121114188981225
panpep,roc,0.24736842105263157,0.2543859649122807,0.5121114188981225
panpep,roc,0.25263157894736843,0.2543859649122807,0.5121114188981225
panpep,roc,0.25263157894736843,0.2631578947368421,0.5121114188981225
panpep,roc,0.2596491228070175,0.2631578947368421,0.5121114188981225
panpep,roc,0.2596491228070175,0.2719298245614035,0.5121114188981225
panpep,roc,0.2631578947368421,0.2719298245614035,0.5121114188981225
panpep,roc,0.2631578947368421,0.2807017543859649,0.5121114188981225
panpep,roc,0.2649122807017544,0.2807017543859649,0.5121114188981225
panpep,roc,0.2649122807017544,0.2894736842105263,0.5121114188981225
panpep,roc,0.2824561403508772,0.2894736842105263,0.5121114188981225
panpep,roc,0.2824561403508772,0.2982456140350877,0.5121114188981225
panpep,roc,0.28421052631578947,0.2982456140350877,0.5121114188981225
panpep,roc,0.28421052631578947,0.3157894736842105,0.5121114188981225
panpep,roc,0.28771929824561404,0.3157894736842105,0.5121114188981225
panpep,roc,0.28771929824561404,0.3333333333333333,0.5121114188981225
panpep,roc,0.3,0.3333333333333333,0.5121114188981225
panpep,roc,0.3,0.34210526315789475,0.5121114188981225
panpep,roc,0.312280701754386,0.34210526315789475,0.5121114188981225
panpep,roc,0.312280701754386,0.3508771929824561,0.5121114188981225
panpep,roc,0.3157894736842105,0.3508771929824561,0.5121114188981225
panpep,roc,0.3157894736842105,0.35964912280701755,0.5121114188981225
panpep,roc,0.3280701754385965,0.35964912280701755,0.5121114188981225
panpep,roc,0.3280701754385965,0.3684210526315789,0.5121114188981225
panpep,roc,0.3298245614035088,0.3684210526315789,0.5121114188981225
panpep,roc,0.3298245614035088,0.37719298245614036,0.5121114188981225
panpep,roc,0.3456140350877193,0.37719298245614036,0.5121114188981225
panpep,roc,0.3456140350877193,0.38596491228070173,0.5121114188981225
panpep,roc,0.36140350877192984,0.38596491228070173,0.5121114188981225
panpep,roc,0.36140350877192984,0.39473684210526316,0.5121114188981225
panpep,roc,0.36666666666666664,0.39473684210526316,0.5121114188981225
panpep,roc,0.36666666666666664,0.40350877192982454,0.5121114188981225
panpep,roc,0.37719298245614036,0.40350877192982454,0.5121114188981225
panpep,roc,0.37719298245614036,0.41228070175438597,0.5121114188981225
panpep,roc,0.38421052631578945,0.41228070175438597,0.5121114188981225
panpep,roc,0.38421052631578945,0.42105263157894735,0.5121114188981225
panpep,roc,0.387719298245614,0.42105263157894735,0.5121114188981225
panpep,roc,0.387719298245614,0.4298245614035088,0.5121114188981225
panpep,roc,0.3894736842105263,0.4298245614035088,0.5121114188981225
panpep,roc,0.3894736842105263,0.43859649122807015,0.5121114188981225
panpep,roc,0.3912280701754386,0.43859649122807015,0.5121114188981225
panpep,roc,0.3912280701754386,0.4473684210526316,0.5121114188981225
panpep,roc,0.39824561403508774,0.4473684210526316,0.5121114188981225
panpep,roc,0.39824561403508774,0.45614035087719296,0.5121114188981225
panpep,roc,0.4263157894736842,0.45614035087719296,0.5121114188981225
panpep,roc,0.4263157894736842,0.4649122807017544,0.5121114188981225
panpep,roc,0.44035087719298244,0.4649122807017544,0.5121114188981225
panpep,roc,0.44035087719298244,0.4824561403508772,0.5121114188981225
panpep,roc,0.44912280701754387,0.4824561403508772,0.5121114188981225
panpep,roc,0.44912280701754387,0.49122807017543857,0.5121114188981225
panpep,roc,0.45789473684210524,0.49122807017543857,0.5121114188981225
panpep,roc,0.45789473684210524,0.5087719298245614,0.5121114188981225
panpep,roc,0.4631578947368421,0.5087719298245614,0.5121114188981225
panpep,roc,0.4631578947368421,0.5175438596491229,0.5121114188981225
panpep,roc,0.4666666666666667,0.5175438596491229,0.5121114188981225
panpep,roc,0.4666666666666667,0.5263157894736842,0.5121114188981225
panpep,roc,0.5105263157894737,0.5263157894736842,0.5121114188981225
panpep,roc,0.5105263157894737,0.543859649122807,0.5121114188981225
panpep,roc,0.512280701754386,0.543859649122807,0.5121114188981225
panpep,roc,0.512280701754386,0.5526315789473685,0.5121114188981225
panpep,roc,0.5543859649122806,0.5526315789473685,0.5121114188981225
panpep,roc,0.5543859649122806,0.5614035087719298,0.5121114188981225
panpep,roc,0.5578947368421052,0.5614035087719298,0.5121114188981225
panpep,roc,0.5578947368421052,0.5701754385964912,0.5121114188981225
panpep,roc,0.5631578947368421,0.5701754385964912,0.5121114188981225
panpep,roc,0.5631578947368421,0.5789473684210527,0.5121114188981225
panpep,roc,0.5964912280701754,0.5789473684210527,0.5121114188981225
panpep,roc,0.5964912280701754,0.5877192982456141,0.5121114188981225
panpep,roc,0.6175438596491228,0.5877192982456141,0.5121114188981225
panpep,roc,0.6175438596491228,0.6140350877192983,0.5121114188981225
panpep,roc,0.6280701754385964,0.6140350877192983,0.5121114188981225
panpep,roc,0.6280701754385964,0.6228070175438597,0.5121114188981225
panpep,roc,0.6368421052631579,0.6228070175438597,0.5121114188981225
panpep,roc,0.6368421052631579,0.631578947368421,0.5121114188981225
panpep,roc,0.656140350877193,0.631578947368421,0.5121114188981225
panpep,roc,0.656140350877193,0.6403508771929824,0.5121114188981225
panpep,roc,0.6614035087719298,0.6403508771929824,0.5121114188981225
panpep,roc,0.6614035087719298,0.6491228070175439,0.5121114188981225
panpep,roc,0.6666666666666666,0.6491228070175439,0.5121114188981225
panpep,roc,0.6666666666666666,0.6666666666666666,0.5121114188981225
panpep,roc,0.6719298245614035,0.6666666666666666,0.5121114188981225
panpep,roc,0.6719298245614035,0.6754385964912281,0.5121114188981225
panpep,roc,0.712280701754386,0.6754385964912281,0.5121114188981225
panpep,roc,0.712280701754386,0.6842105263157895,0.5121114188981225
panpep,roc,0.7157894736842105,0.6842105263157895,0.5121114188981225
panpep,roc,0.7157894736842105,0.6929824561403509,0.5121114188981225
panpep,roc,0.7263157894736842,0.6929824561403509,0.5121114188981225
panpep,roc,0.7263157894736842,0.7105263157894737,0.5121114188981225
panpep,roc,0.7333333333333333,0.7105263157894737,0.5121114188981225
panpep,roc,0.7333333333333333,0.7192982456140351,0.5121114188981225
panpep,roc,0.7385964912280701,0.7192982456140351,0.5121114188981225
panpep,roc,0.7385964912280701,0.7280701754385965,0.5121114188981225
panpep,roc,0.7403508771929824,0.7280701754385965,0.5121114188981225
panpep,roc,0.7403508771929824,0.7368421052631579,0.5121114188981225
panpep,roc,0.7421052631578947,0.7368421052631579,0.5121114188981225
panpep,roc,0.7421052631578947,0.7543859649122807,0.5121114188981225
panpep,roc,0.7719298245614035,0.7543859649122807,0.5121114188981225
panpep,roc,0.7719298245614035,0.7631578947368421,0.5121114188981225
panpep,roc,0.7824561403508772,0.7631578947368421,0.5121114188981225
panpep,roc,0.7824561403508772,0.7719298245614035,0.5121114188981225
panpep,roc,0.7894736842105263,0.7719298245614035,0.5121114188981225
panpep,roc,0.7894736842105263,0.7807017543859649,0.5121114188981225
panpep,roc,0.7929824561403509,0.7807017543859649,0.5121114188981225
panpep,roc,0.7929824561403509,0.7894736842105263,0.5121114188981225
panpep,roc,0.8035087719298246,0.7894736842105263,0.5121114188981225
panpep,roc,0.8035087719298246,0.7982456140350878,0.5121114188981225
panpep,roc,0.8052631578947368,0.7982456140350878,0.5121114188981225
panpep,roc,0.8052631578947368,0.8157894736842105,0.5121114188981225
panpep,roc,0.8105263157894737,0.8157894736842105,0.5121114188981225
panpep,roc,0.8105263157894737,0.8333333333333334,0.5121114188981225
panpep,roc,0.8140350877192982,0.8333333333333334,0.5121114188981225
panpep,roc,0.8140350877192982,0.8421052631578947,0.5121114188981225
panpep,roc,0.8157894736842105,0.8421052631578947,0.5121114188981225
panpep,roc,0.8157894736842105,0.8508771929824561,0.5121114188981225
panpep,roc,0.8315789473684211,0.8508771929824561,0.5121114188981225
panpep,roc,0.8315789473684211,0.8596491228070176,0.5121114188981225
panpep,roc,0.8368421052631579,0.8596491228070176,0.5121114188981225
panpep,roc,0.8368421052631579,0.868421052631579,0.5121114188981225
panpep,roc,0.843859649122807,0.868421052631579,0.5121114188981225
panpep,roc,0.843859649122807,0.8859649122807017,0.5121114188981225
panpep,roc,0.8859649122807017,0.8859649122807017,0.5121114188981225
panpep,roc,0.8859649122807017,0.9035087719298246,0.5121114188981225
panpep,roc,0.8912280701754386,0.9035087719298246,0.5121114188981225
panpep,roc,0.8912280701754386,0.9122807017543859,0.5121114188981225
panpep,roc,0.8982456140350877,0.9122807017543859,0.5121114188981225
panpep,roc,0.8982456140350877,0.9210526315789473,0.5121114188981225
panpep,roc,0.9087719298245615,0.9210526315789473,0.5121114188981225
panpep,roc,0.9087719298245615,0.9298245614035088,0.5121114188981225
panpep,roc,0.9175438596491228,0.9298245614035088,0.5121114188981225
panpep,roc,0.9175438596491228,0.9385964912280702,0.5121114188981225
panpep,roc,0.9210526315789473,0.9385964912280702,0.5121114188981225
panpep,roc,0.9210526315789473,0.9473684210526315,0.5121114188981225
panpep,roc,0.9263157894736842,0.9473684210526315,0.5121114188981225
panpep,roc,0.9263157894736842,0.956140350877193,0.5121114188981225
panpep,roc,0.9333333333333333,0.956140350877193,0.5121114188981225
panpep,roc,0.9333333333333333,0.9649122807017544,0.5121114188981225
panpep,roc,0.9385964912280702,0.9649122807017544,0.5121114188981225
panpep,roc,0.9385964912280702,0.9736842105263158,0.5121114188981225
panpep,roc,0.9754385964912281,0.9736842105263158,0.5121114188981225
panpep,roc,0.9754385964912281,0.9824561403508771,0.5121114188981225
panpep,roc,0.987719298245614,0.9824561403508771,0.5121114188981225
panpep,roc,0.987719298245614,0.9912280701754386,0.5121114188981225
panpep,roc,0.9929824561403509,0.9912280701754386,0.5121114188981225
panpep,roc,0.9929824561403509,1.0,0.5121114188981225
panpep,roc,1.0,1.0,0.5121114188981225
panpep,pr,1.0,0.16666666666666666,0.17521666262000674
panpep,pr,1.0,0.16691068814055637,0.17521666262000674
panpep,pr,1.0,0.16715542521994134,0.17521666262000674
panpep,pr,1.0,0.16740088105726872,0.17521666262000674
panpep,pr,1.0,0.1676470588235294,0.17521666262000674
panpep,pr,0.9912280701754386,0.16642120765832105,0.17521666262000674
panpep,pr,0.9912280701754386,0.16666666666666666,0.17521666262000674
panpep,pr,0.9912280701754386,0.16691285081240767,0.17521666262000674
panpep,pr,0.9912280701754386,0.16715976331360946,0.17521666262000674
panpep,pr,0.9824561403508771,0.16592592592592592,0.17521666262000674
panpep,pr,0.9824561403508771,0.1661721068249258,0.17521666262000674
panpep,pr,0.9824561403508771,0.1664190193164933,0.17521666262000674
panpep,pr,0.9824561403508771,0.16666666666666666,0.17521666262000674
panpep,pr,0.9824561403508771,0.16691505216095381,0.17521666262000674
panpep,pr,0.9824561403508771,0.16716417910447762,0.17521666262000674
panpep,pr,0.9824561403508771,0.16741405082212257,0.17521666262000674
panpep,pr,0.9824561403508771,0.16766467065868262,0.17521666262000674
panpep,pr,0.9736842105263158,0.1664167916041979,0.17521666262000674
panpep,pr,0.9736842105263158,0.16666666666666666,0.17521666262000674
panpep,pr,0.9736842105263158,0.16691729323308271,0.17521666262000674
panpep,pr,0.9736842105263158,0.16716867469879518,0.17521666262000674
panpep,pr,0.9736842105263158,0.167420814479638,0.17521666262000674
panpep,pr,0.9736842105263158,0.16767371601208458,0.17521666262000674
panpep,pr,0.9736842105263158,0.16792738275340394,0.17521666262000674
panpep,pr,0.9736842105263158,0.16818181818181818,0.17521666262000674
panpep,pr,0.9736842105263158,0.16843702579666162,0.17521666262000674
panpep,pr,0.9736842105263158,0.16869300911854104,0.17521666262000674
panpep,pr,0.9736842105263158,0.1689497716894977,0.17521666262000674
panpep,pr,0.9736842105263158,0.16920731707317074,0.17521666262000674
panpep,pr,0.9736842105263158,0.16946564885496182,0.17521666262000674
panpep,pr,0.9736842105263158,0.16972477064220184,0.17521666262000674
panpep,pr,0.9736842105263158,0.16998468606431852,0.17521666262000674
panpep,pr,0.9736842105263158,0.17024539877300612,0.17521666262000674
panpep,pr,0.9736842105263158,0.17050691244239632,0.17521666262000674
panpep,pr,0.9736842105263158,0.17076923076923076,0.17521666262000674
panpep,pr,0.9736842105263158,0.17103235747303544,0.17521666262000674
panpep,pr,0.9736842105263158,0.1712962962962963,0.17521666262000674
panpep,pr,0.9736842105263158,0.17156105100463678,0.17521666262000674
panpep,pr,0.9736842105263158,0.17182662538699692,0.17521666262000674
panpep,pr,0.9649122807017544,0.17054263565891473,0.17521666262000674
panpep,pr,0.9649122807017544,0.17080745341614906,0.17521666262000674
panpep,pr,0.9649122807017544,0.17107309486780714,0.17521666262000674
panpep,pr,0.9649122807017544,0.17133956386292834,0.17521666262000674
panpep,pr,0.956140350877193,0.17004680187207488,0.17521666262000674
panpep,pr,0.956140350877193,0.1703125,0.17521666262000674
panpep,pr,0.956140350877193,0.1705790297339593,0.17521666262000674
panpep,pr,0.956140350877193,0.17084639498432602,0.17521666262000674
panpep,pr,0.956140350877193,0.17111459968602827,0.17521666262000674
panpep,pr,0.9473684210526315,0.16981132075471697,0.17521666262000674
panpep,pr,0.9473684210526315,0.1700787401574803,0.17521666262000674
panpep,pr,0.9473684210526315,0.17034700315457413,0.17521666262000674
panpep,pr,0.9473684210526315,0.17061611374407584,0.17521666262000674
panpep,pr,0.9385964912280702,0.16930379746835442,0.17521666262000674
panpep,pr,0.9385964912280702,0.16957210776545167,0.17521666262000674
panpep,pr,0.9385964912280702,0.16984126984126985,0.17521666262000674
panpep,pr,0.9298245614035088,0.1685214626391097,0.17521666262000674
panpep,pr,0.9298245614035088,0.16878980891719744,0.17521666262000674
panpep,pr,0.9298245614035088,0.16905901116427433,0.17521666262000674
panpep,pr,0.9298245614035088,0.16932907348242812,0.17521666262000674
panpep,pr,0.9298245614035088,0.1696,0.17521666262000674
panpep,pr,0.9298245614035088,0.16987179487179488,0.17521666262000674
panpep,pr,0.9210526315789473,0.16853932584269662,0.17521666262000674
panpep,pr,0.9210526315789473,0.16881028938906753,0.17521666262000674
panpep,pr,0.9210526315789473,0.16908212560386474,0.17521666262000674
panpep,pr,0.9210526315789473,0.1693548387096774,0.17521666262000674
panpep,pr,0.9210526315789473,0.16962843295638125,0.17521666262000674
panpep,pr,0.9210526315789473,0.16990291262135923,0.17521666262000674
panpep,pr,0.9210526315789473,0.17017828200972449,0.17521666262000674
panpep,pr,0.9122807017543859,0.16883116883116883,0.17521666262000674
panpep,pr,0.9122807017543859,0.16910569105691056,0.17521666262000674
panpep,pr,0.9122807017543859,0.16938110749185667,0.17521666262000674
panpep,pr,0.9122807017543859,0.16965742251223492,0.17521666262000674
panpep,pr,0.9122807017543859,0.16993464052287582,0.17521666262000674
panpep,pr,0.9035087719298246,0.1685761047463175,0.17521666262000674
panpep,pr,0.9035087719298246,0.16885245901639345,0.17521666262000674
panpep,pr,0.9035087719298246,0.16912972085385877,0.17521666262000674
panpep,pr,0.9035087719298246,0.16940789473684212,0.17521666262000674
panpep,pr,0.8947368421052632,0.16803953871499178,0.17521666262000674
panpep,pr,0.8859649122807017,0.16666666666666666,0.17521666262000674
panpep,pr,0.8859649122807017,0.1669421487603306,0.17521666262000674
panpep,pr,0.8859649122807017,0.1672185430463576,0.17521666262000674
panpep,pr,0.8859649122807017,0.16749585406301823,0.17521666262000674
panpep,pr,0.8859649122807017,0.16777408637873753,0.17521666262000674
panpep,pr,0.8859649122807017,0.16805324459234608,0.17521666262000674
panpep,pr,0.8859649122807017,0.16833333333333333,0.17521666262000674
panpep,pr,0.8859649122807017,0.1686143572621035,0.17521666262000674
panpep,pr,0.8859649122807017,0.1688963210702341,0.17521666262000674
panpep,pr,0.8859649122807017,0.16917922948073702,0.17521666262000674
panpep,pr,0.8859649122807017,0.16946308724832215,0.17521666262000674
panpep,pr,0.8859649122807017,0.16974789915966387,0.17521666262000674
panpep,pr,0.8859649122807017,0.17003367003367004,0.17521666262000674
panpep,pr,0.8859649122807017,0.1703204047217538,0.17521666262000674
panpep,pr,0.8859649122807017,0.17060810810810811,0.17521666262000674
panpep,pr,0.8859649122807017,0.17089678510998307,0.17521666262000674
panpep,pr,0.8859649122807017,0.1711864406779661,0.17521666262000674
panpep,pr,0.8859649122807017,0.17147707979626486,0.17521666262000674
panpep,pr,0.8859649122807017,0.1717687074829932,0.17521666262000674
panpep,pr,0.8859649122807017,0.17206132879045996,0.17521666262000674
panpep,pr,0.8859649122807017,0.17235494880546076,0.17521666262000674
panpep,pr,0.8859649122807017,0.17264957264957265,0.17521666262000674
panpep,pr,0.8859649122807017,0.17294520547945205,0.17521666262000674
panpep,pr,0.8859649122807017,0.1732418524871355,0.17521666262000674
panpep,pr,0.8859649122807017,0.17353951890034364,0.17521666262000674
panpep,pr,0.8771929824561403,0.1721170395869191,0.17521666262000674
panpep,pr,0.868421052631579,0.1706896551724138,0.17521666262000674
panpep,pr,0.868421052631579,0.17098445595854922,0.17521666262000674
panpep,pr,0.868421052631579,0.17128027681660898,0.17521666262000674
panpep,pr,0.868421052631579,0.17157712305025996,0.17521666262000674
panpep,pr,0.868421052631579,0.171875,0.17521666262000674
panpep,pr,0.8596491228070176,0.17043478260869566,0.17521666262000674
panpep,pr,0.8596491228070176,0.17073170731707318,0.17521666262000674
panpep,pr,0.8596491228070176,0.17102966841186737,0.17521666262000674
panpep,pr,0.8596491228070176,0.17132867132867133,0.17521666262000674
panpep,pr,0.8508771929824561,0.16987740805604204,0.17521666262000674
panpep,pr,0.8508771929824561,0.17017543859649123,0.17521666262000674
panpep,pr,0.8508771929824561,0.1704745166959578,0.17521666262000674
panpep,pr,0.8508771929824561,0.17077464788732394,0.17521666262000674
panpep,pr,0.8508771929824561,0.1710758377425044,0.17521666262000674
panpep,pr,0.8508771929824561,0.17137809187279152,0.17521666262000674
panpep,pr,0.8508771929824561,0.17168141592920355,0.17521666262000674
panpep,pr,0.8508771929824561,0.17198581560283688,0.17521666262000674
panpep,pr,0.8508771929824561,0.17229129662522202,0.17521666262000674
panpep,pr,0.8508771929824561,0.17259786476868327,0.17521666262000674
panpep,pr,0.8421052631578947,0.1711229946524064,0.17521666262000674
panpep,pr,0.8421052631578947,0.17142857142857143,0.17521666262000674
panpep,pr,0.8333333333333334,0.16994633273703041,0.17521666262000674
panpep,pr,0.8333333333333334,0.17025089605734767,0.17521666262000674
panpep,pr,0.8333333333333334,0.17055655296229802,0.17521666262000674
panpep,pr,0.8245614035087719,0.16906474820143885,0.17521666262000674
panpep,pr,0.8157894736842105,0.16756756756756758,0.17521666262000674
panpep,pr,0.8157894736842105,0.16787003610108303,0.17521666262000674
panpep,pr,0.8157894736842105,0.16817359855334538,0.17521666262000674
panpep,pr,0.8157894736842105,0.16847826086956522,0.17521666262000674
panpep,pr,0.8070175438596491,0.16696914700544466,0.17521666262000674
panpep,pr,0.7982456140350878,0.16545454545454547,0.17521666262000674
panpep,pr,0.7982456140350878,0.1657559198542805,0.17521666262000674
panpep,pr,0.7894736842105263,0.16423357664233576,0.17521666262000674
panpep,pr,0.7894736842105263,0.16453382084095064,0.17521666262000674
panpep,pr,0.7894736842105263,0.16483516483516483,0.17521666262000674
panpep,pr,0.7894736842105263,0.1651376146788991,0.17521666262000674
panpep,pr,0.7894736842105263,0.16544117647058823,0.17521666262000674
panpep,pr,0.7894736842105263,0.16574585635359115,0.17521666262000674
panpep,pr,0.7894736842105263,0.16605166051660517,0.17521666262000674
panpep,pr,0.7807017543859649,0.1645101663585952,0.17521666262000674
panpep,pr,0.7807017543859649,0.1648148148148148,0.17521666262000674
panpep,pr,0.7807017543859649,0.16512059369202226,0.17521666262000674
panpep,pr,0.7719298245614035,0.16356877323420074,0.17521666262000674
panpep,pr,0.7719298245614035,0.16387337057728119,0.17521666262000674
panpep,pr,0.7719298245614035,0.16417910447761194,0.17521666262000674
panpep,pr,0.7719298245614035,0.16448598130841122,0.17521666262000674
panpep,pr,0.7719298245614035,0.1647940074906367,0.17521666262000674
panpep,pr,0.7631578947368421,0.16322701688555347,0.17521666262000674
panpep,pr,0.7631578947368421,0.16353383458646617,0.17521666262000674
panpep,pr,0.7631578947368421,0.1638418079096045,0.17521666262000674
panpep,pr,0.7631578947368421,0.1641509433962264,0.17521666262000674
panpep,pr,0.7631578947368421,0.16446124763705103,0.17521666262000674
panpep,pr,0.7631578947368421,0.16477272727272727,0.17521666262000674
panpep,pr,0.7631578947368421,0.1650853889943074,0.17521666262000674
panpep,pr,0.7543859649122807,0.1634980988593156,0.17521666262000674
panpep,pr,0.7543859649122807,0.16380952380952382,0.17521666262000674
panpep,pr,0.7543859649122807,0.16412213740458015,0.17521666262000674
panpep,pr,0.7543859649122807,0.16443594646271512,0.17521666262000674
panpep,pr,0.7543859649122807,0.16475095785440613,0.17521666262000674
panpep,pr,0.7543859649122807,0.16506717850287908,0.17521666262000674
panpep,pr,0.7543859649122807,0.16538461538461538,0.17521666262000674
panpep,pr,0.7543859649122807,0.16570327552986513,0.17521666262000674
panpep,pr,0.7543859649122807,0.16602316602316602,0.17521666262000674
panpep,pr,0.7543859649122807,0.16634429400386846,0.17521666262000674
panpep,pr,0.7543859649122807,0.16666666666666666,0.17521666262000674
panpep,pr,0.7543859649122807,0.1669902912621359,0.17521666262000674
panpep,pr,0.7543859649122807,0.16731517509727625,0.17521666262000674
panpep,pr,0.7543859649122807,0.16764132553606237,0.17521666262000674
panpep,pr,0.7543859649122807,0.16796875,0.17521666262000674
panpep,pr,0.7543859649122807,0.16829745596868884,0.17521666262000674
panpep,pr,0.7543859649122807,0.16862745098039217,0.17521666262000674
panpep,pr,0.7543859649122807,0.16895874263261296,0.17521666262000674
panpep,pr,0.7456140350877193,0.1673228346456693,0.17521666262000674
panpep,pr,0.7368421052631579,0.16568047337278108,0.17521666262000674
panpep,pr,0.7368421052631579,0.16600790513833993,0.17521666262000674
panpep,pr,0.7280701754385965,0.16435643564356436,0.17521666262000674
panpep,pr,0.7280701754385965,0.16468253968253968,0.17521666262000674
panpep,pr,0.7192982456140351,0.16302186878727634,0.17521666262000674
panpep,pr,0.7192982456140351,0.16334661354581673,0.17521666262000674
panpep,pr,0.7192982456140351,0.16367265469061876,0.17521666262000674
panpep,pr,0.7192982456140351,0.164,0.17521666262000674
panpep,pr,0.7105263157894737,0.1623246492985972,0.17521666262000674
panpep,pr,0.7105263157894737,0.16265060240963855,0.17521666262000674
panpep,pr,0.7105263157894737,0.16297786720321933,0.17521666262000674
panpep,pr,0.7105263157894737,0.16330645161290322,0.17521666262000674
panpep,pr,0.7105263157894737,0.16363636363636364,0.17521666262000674
panpep,pr,0.7017543859649122,0.16194331983805668,0.17521666262000674
panpep,pr,0.6929824561403509,0.16024340770791076,0.17521666262000674
panpep,pr,0.6929824561403509,0.16056910569105692,0.17521666262000674
panpep,pr,0.6929824561403509,0.16089613034623218,0.17521666262000674
panpep,pr,0.6929824561403509,0.16122448979591836,0.17521666262000674
panpep,pr,0.6929824561403509,0.16155419222903886,0.17521666262000674
panpep,pr,0.6929824561403509,0.16188524590163936,0.17521666262000674
panpep,pr,0.6929824561403509,0.162217659137577,0.17521666262000674
panpep,pr,0.6842105263157895,0.16049382716049382,0.17521666262000674
panpep,pr,0.6842105263157895,0.16082474226804125,0.17521666262000674
panpep,pr,0.6842105263157895,0.16115702479338842,0.17521666262000674
panpep,pr,0.6754385964912281,0.15942028985507245,0.17521666262000674
panpep,pr,0.6754385964912281,0.15975103734439833,0.17521666262000674
panpep,pr,0.6754385964912281,0.1600831600831601,0.17521666262000674
panpep,pr,0.6754385964912281,0.16041666666666668,0.17521666262000674
panpep,pr,0.6754385964912281,0.16075156576200417,0.17521666262000674
panpep,pr,0.6754385964912281,0.16108786610878661,0.17521666262000674
panpep,pr,0.6754385964912281,0.16142557651991615,0.17521666262000674
panpep,pr,0.6754385964912281,0.16176470588235295,0.17521666262000674
panpep,pr,0.6754385964912281,0.16210526315789472,0.17521666262000674
panpep,pr,0.6754385964912281,0.16244725738396623,0.17521666262000674
panpep,pr,0.6754385964912281,0.16279069767441862,0.17521666262000674
panpep,pr,0.6754385964912281,0.163135593220339,0.17521666262000674
panpep,pr,0.6754385964912281,0.16348195329087048,0.17521666262000674
panpep,pr,0.6754385964912281,0.16382978723404254,0.17521666262000674
panpep,pr,0.6754385964912281,0.16417910447761194,0.17521666262000674
panpep,pr,0.6754385964912281,0.16452991452991453,0.17521666262000674
panpep,pr,0.6754385964912281,0.16488222698072805,0.17521666262000674
panpep,pr,0.6754385964912281,0.16523605150214593,0.17521666262000674
panpep,pr,0.6754385964912281,0.16559139784946236,0.17521666262000674
panpep,pr,0.6754385964912281,0.16594827586206898,0.17521666262000674
panpep,pr,0.6754385964912281,0.16630669546436286,0.17521666262000674
panpep,pr,0.6754385964912281,0.16666666666666666,0.17521666262000674
panpep,pr,0.6754385964912281,0.16702819956616052,0.17521666262000674
panpep,pr,0.6754385964912281,0.1673913043478261,0.17521666262000674
panpep,pr,0.6666666666666666,0.1655773420479303,0.17521666262000674
panpep,pr,0.6666666666666666,0.16593886462882096,0.17521666262000674
panpep,pr,0.6666666666666666,0.16630196936542668,0.17521666262000674
panpep,pr,0.6666666666666666,0.16666666666666666,0.17521666262000674
panpep,pr,0.6578947368421053,0.16483516483516483,0.17521666262000674
panpep,pr,0.6491228070175439,0.16299559471365638,0.17521666262000674
panpep,pr,0.6491228070175439,0.16335540838852097,0.17521666262000674
panpep,pr,0.6491228070175439,0.16371681415929204,0.17521666262000674
panpep,pr,0.6491228070175439,0.164079822616408,0.17521666262000674
panpep,pr,0.6403508771929824,0.1622222222222222,0.17521666262000674
panpep,pr,0.6403508771929824,0.16258351893095768,0.17521666262000674
panpep,pr,0.6403508771929824,0.16294642857142858,0.17521666262000674
panpep,pr,0.6403508771929824,0.16331096196868009,0.17521666262000674
panpep,pr,0.631578947368421,0.16143497757847533,0.17521666262000674
panpep,pr,0.631578947368421,0.16179775280898875,0.17521666262000674
panpep,pr,0.631578947368421,0.16216216216216217,0.17521666262000674
panpep,pr,0.631578947368421,0.16252821670428894,0.17521666262000674
panpep,pr,0.631578947368421,0.16289592760180996,0.17521666262000674
panpep,pr,0.631578947368421,0.16326530612244897,0.17521666262000674
panpep,pr,0.631578947368421,0.16363636363636364,0.17521666262000674
panpep,pr,0.631578947368421,0.16400911161731208,0.17521666262000674
panpep,pr,0.631578947368421,0.1643835616438356,0.17521666262000674
panpep,pr,0.631578947368421,0.16475972540045766,0.17521666262000674
panpep,pr,0.631578947368421,0.1651376146788991,0.17521666262000674
panpep,pr,0.631578947368421,0.16551724137931034,0.17521666262000674
panpep,pr,0.6228070175438597,0.16359447004608296,0.17521666262000674
panpep,pr,0.6228070175438597,0.16397228637413394,0.17521666262000674
panpep,pr,0.6228070175438597,0.16435185185185186,0.17521666262000674
panpep,pr,0.6228070175438597,0.16473317865429235,0.17521666262000674
panpep,pr,0.6228070175438597,0.16511627906976745,0.17521666262000674
panpep,pr,0.6228070175438597,0.1655011655011655,0.17521666262000674
panpep,pr,0.6140350877192983,0.16355140186915887,0.17521666262000674
panpep,pr,0.6140350877192983,0.16393442622950818,0.17521666262000674
panpep,pr,0.6140350877192983,0.1643192488262911,0.17521666262000674
panpep,pr,0.6140350877192983,0.16470588235294117,0.17521666262000674
panpep,pr,0.6140350877192983,0.1650943396226415,0.17521666262000674
panpep,pr,0.6140350877192983,0.16548463356973994,0.17521666262000674
panpep,pr,0.6140350877192983,0.16587677725118483,0.17521666262000674
panpep,pr,0.6052631578947368,0.16389548693586697,0.17521666262000674
panpep,pr,0.5964912280701754,0.1619047619047619,0.17521666262000674
panpep,pr,0.5877192982456141,0.15990453460620524,0.17521666262000674
panpep,pr,0.5877192982456141,0.16028708133971292,0.17521666262000674
panpep,pr,0.5877192982456141,0.1606714628297362,0.17521666262000674
panpep,pr,0.5877192982456141,0.16105769230769232,0.17521666262000674
panpep,pr,0.5877192982456141,0.1614457831325301,0.17521666262000674
panpep,pr,0.5877192982456141,0.16183574879227053,0.17521666262000674
panpep,pr,0.5877192982456141,0.162227602905569,0.17521666262000674
panpep,pr,0.5877192982456141,0.16262135922330098,0.17521666262000674
panpep,pr,0.5877192982456141,0.1630170316301703,0.17521666262000674
panpep,pr,0.5877192982456141,0.16341463414634147,0.17521666262000674
panpep,pr,0.5877192982456141,0.16381418092909536,0.17521666262000674
panpep,pr,0.5877192982456141,0.1642156862745098,0.17521666262000674
panpep,pr,0.5877192982456141,0.16461916461916462,0.17521666262000674
panpep,pr,0.5789473684210527,0.1625615763546798,0.17521666262000674
panpep,pr,0.5789473684210527,0.16296296296296298,0.17521666262000674
panpep,pr,0.5789473684210527,0.16336633663366337,0.17521666262000674
panpep,pr,0.5789473684210527,0.16377171215880892,0.17521666262000674
panpep,pr,0.5789473684210527,0.16417910447761194,0.17521666262000674
panpep,pr,0.5789473684210527,0.16458852867830423,0.17521666262000674
panpep,pr,0.5789473684210527,0.165,0.17521666262000674
panpep,pr,0.5789473684210527,0.16541353383458646,0.17521666262000674
panpep,pr,0.5789473684210527,0.1658291457286432,0.17521666262000674
panpep,pr,0.5789473684210527,0.16624685138539042,0.17521666262000674
panpep,pr,0.5789473684210527,0.16666666666666666,0.17521666262000674
panpep,pr,0.5789473684210527,0.1670886075949367,0.17521666262000674
panpep,pr,0.5789473684210527,0.16751269035532995,0.17521666262000674
panpep,pr,0.5789473684210527,0.16793893129770993,0.17521666262000674
panpep,pr,0.5789473684210527,0.1683673469387755,0.17521666262000674
panpep,pr,0.5789473684210527,0.16879795396419436,0.17521666262000674
panpep,pr,0.5789473684210527,0.16923076923076924,0.17521666262000674
panpep,pr,0.5789473684210527,0.16966580976863754,0.17521666262000674
panpep,pr,0.5789473684210527,0.17010309278350516,0.17521666262000674
panpep,pr,0.5789473684210527,0.17054263565891473,0.17521666262000674
panpep,pr,0.5701754385964912,0.16839378238341968,0.17521666262000674
panpep,pr,0.5701754385964912,0.16883116883116883,0.17521666262000674
panpep,pr,0.5701754385964912,0.16927083333333334,0.17521666262000674
panpep,pr,0.5701754385964912,0.16971279373368145,0.17521666262000674
panpep,pr,0.5614035087719298,0.16753926701570682,0.17521666262000674
panpep,pr,0.5614035087719298,0.1679790026246719,0.17521666262000674
panpep,pr,0.5614035087719298,0.16842105263157894,0.17521666262000674
panpep,pr,0.5526315789473685,0.1662269129287599,0.17521666262000674
panpep,pr,0.5526315789473685,0.16666666666666666,0.17521666262000674
panpep,pr,0.5526315789473685,0.16710875331564987,0.17521666262000674
panpep,pr,0.5526315789473685,0.1675531914893617,0.17521666262000674
panpep,pr,0.5526315789473685,0.168,0.17521666262000674
panpep,pr,0.5526315789473685,0.16844919786096257,0.17521666262000674
panpep,pr,0.5526315789473685,0.16890080428954424,0.17521666262000674
panpep,pr,0.5526315789473685,0.1693548387096774,0.17521666262000674
panpep,pr,0.5526315789473685,0.16981132075471697,0.17521666262000674
panpep,pr,0.5526315789473685,0.17027027027027028,0.17521666262000674
panpep,pr,0.5526315789473685,0.17073170731707318,0.17521666262000674
panpep,pr,0.5526315789473685,0.17119565217391305,0.17521666262000674
panpep,pr,0.5526315789473685,0.17166212534059946,0.17521666262000674
panpep,pr,0.5526315789473685,0.1721311475409836,0.17521666262000674
panpep,pr,0.5526315789473685,0.1726027397260274,0.17521666262000674
panpep,pr,0.5526315789473685,0.17307692307692307,0.17521666262000674
panpep,pr,0.5526315789473685,0.17355371900826447,0.17521666262000674
panpep,pr,0.5526315789473685,0.17403314917127072,0.17521666262000674
panpep,pr,0.5526315789473685,0.1745152354570637,0.17521666262000674
panpep,pr,0.5526315789473685,0.175,0.17521666262000674
panpep,pr,0.5526315789473685,0.17548746518105848,0.17521666262000674
panpep,pr,0.5526315789473685,0.17597765363128492,0.17521666262000674
panpep,pr,0.5526315789473685,0.17647058823529413,0.17521666262000674
panpep,pr,0.5526315789473685,0.17696629213483145,0.17521666262000674
panpep,pr,0.5526315789473685,0.17746478873239438,0.17521666262000674
panpep,pr,0.543859649122807,0.1751412429378531,0.17521666262000674
panpep,pr,0.543859649122807,0.17563739376770537,0.17521666262000674
panpep,pr,0.5350877192982456,0.17329545454545456,0.17521666262000674
panpep,pr,0.5263157894736842,0.17094017094017094,0.17521666262000674
panpep,pr,0.5263157894736842,0.17142857142857143,0.17521666262000674
panpep,pr,0.5263157894736842,0.17191977077363896,0.17521666262000674
panpep,pr,0.5263157894736842,0.1724137931034483,0.17521666262000674
panpep,pr,0.5263157894736842,0.1729106628242075,0.17521666262000674
panpep,pr,0.5263157894736842,0.17341040462427745,0.17521666262000674
panpep,pr,0.5263157894736842,0.17391304347826086,0.17521666262000674
panpep,pr,0.5263157894736842,0.1744186046511628,0.17521666262000674
panpep,pr,0.5263157894736842,0.1749271137026239,0.17521666262000674
panpep,pr,0.5263157894736842,0.17543859649122806,0.17521666262000674
panpep,pr,0.5263157894736842,0.17595307917888564,0.17521666262000674
panpep,pr,0.5263157894736842,0.17647058823529413,0.17521666262000674
panpep,pr,0.5263157894736842,0.17699115044247787,0.17521666262000674
panpep,pr,0.5263157894736842,0.17751479289940827,0.17521666262000674
panpep,pr,0.5263157894736842,0.17804154302670624,0.17521666262000674
panpep,pr,0.5263157894736842,0.17857142857142858,0.17521666262000674
panpep,pr,0.5263157894736842,0.1791044776119403,0.17521666262000674
panpep,pr,0.5263157894736842,0.17964071856287425,0.17521666262000674
panpep,pr,0.5263157894736842,0.18018018018018017,0.17521666262000674
panpep,pr,0.5263157894736842,0.18072289156626506,0.17521666262000674
panpep,pr,0.5263157894736842,0.18126888217522658,0.17521666262000674
panpep,pr,0.5263157894736842,0.18181818181818182,0.17521666262000674
panpep,pr,0.5263157894736842,0.182370820668693,0.17521666262000674
panpep,pr,0.5263157894736842,0.18292682926829268,0.17521666262000674
panpep,pr,0.5263157894736842,0.1834862385321101,0.17521666262000674
panpep,pr,0.5263157894736842,0.18404907975460122,0.17521666262000674
panpep,pr,0.5175438596491229,0.18153846153846154,0.17521666262000674
panpep,pr,0.5175438596491229,0.18209876543209877,0.17521666262000674
panpep,pr,0.5175438596491229,0.1826625386996904,0.17521666262000674
panpep,pr,0.5087719298245614,0.18012422360248448,0.17521666262000674
panpep,pr,0.5087719298245614,0.1806853582554517,0.17521666262000674
panpep,pr,0.5087719298245614,0.18125,0.17521666262000674
panpep,pr,0.5087719298245614,0.18181818181818182,0.17521666262000674
panpep,pr,0.5,0.1792452830188679,0.17521666262000674
panpep,pr,0.49122807017543857,0.17665615141955837,0.17521666262000674
panpep,pr,0.49122807017543857,0.17721518987341772,0.17521666262000674
panpep,pr,0.49122807017543857,0.17777777777777778,0.17521666262000674
panpep,pr,0.49122807017543857,0.17834394904458598,0.17521666262000674
panpep,pr,0.49122807017543857,0.17891373801916932,0.17521666262000674
panpep,pr,0.49122807017543857,0.1794871794871795,0.17521666262000674
panpep,pr,0.4824561403508772,0.17684887459807075,0.17521666262000674
panpep,pr,0.4824561403508772,0.1774193548387097,0.17521666262000674
panpep,pr,0.4824561403508772,0.1779935275080906,0.17521666262000674
panpep,pr,0.4824561403508772,0.17857142857142858,0.17521666262000674
panpep,pr,0.4824561403508772,0.1791530944625407,0.17521666262000674
panpep,pr,0.4824561403508772,0.17973856209150327,0.17521666262000674
panpep,pr,0.47368421052631576,0.17704918032786884,0.17521666262000674
panpep,pr,0.4649122807017544,0.17434210526315788,0.17521666262000674
panpep,pr,0.4649122807017544,0.17491749174917492,0.17521666262000674
panpep,pr,0.4649122807017544,0.17549668874172186,0.17521666262000674
panpep,pr,0.4649122807017544,0.1760797342192691,0.17521666262000674
panpep,pr,0.4649122807017544,0.17666666666666667,0.17521666262000674
panpep,pr,0.4649122807017544,0.17725752508361203,0.17521666262000674
panpep,pr,0.4649122807017544,0.17785234899328858,0.17521666262000674
panpep,pr,0.4649122807017544,0.17845117845117844,0.17521666262000674
panpep,pr,0.4649122807017544,0.17905405405405406,0.17521666262000674
panpep,pr,0.45614035087719296,0.17627118644067796,0.17521666262000674
panpep,pr,0.45614035087719296,0.17687074829931973,0.17521666262000674
panpep,pr,0.45614035087719296,0.17747440273037543,0.17521666262000674
panpep,pr,0.45614035087719296,0.1780821917808219,0.17521666262000674
panpep,pr,0.45614035087719296,0.17869415807560138,0.17521666262000674
panpep,pr,0.45614035087719296,0.1793103448275862,0.17521666262000674
panpep,pr,0.45614035087719296,0.17993079584775087,0.17521666262000674
panpep,pr,0.45614035087719296,0.18055555555555555,0.17521666262000674
panpep,pr,0.45614035087719296,0.18118466898954705,0.17521666262000674
panpep,pr,0.45614035087719296,0.18181818181818182,0.17521666262000674
panpep,pr,0.45614035087719296,0.1824561403508772,0.17521666262000674
panpep,pr,0.45614035087719296,0.18309859154929578,0.17521666262000674
panpep,pr,0.45614035087719296,0.18374558303886926,0.17521666262000674
panpep,pr,0.45614035087719296,0.18439716312056736,0.17521666262000674
panpep,pr,0.45614035087719296,0.18505338078291814,0.17521666262000674
panpep,pr,0.45614035087719296,0.18571428571428572,0.17521666262000674
panpep,pr,0.45614035087719296,0.1863799283154122,0.17521666262000674
panpep,pr,0.4473684210526316,0.18345323741007194,0.17521666262000674
panpep,pr,0.4473684210526316,0.18411552346570398,0.17521666262000674
panpep,pr,0.4473684210526316,0.18478260869565216,0.17521666262000674
panpep,pr,0.4473684210526316,0.18545454545454546,0.17521666262000674
panpep,pr,0.4473684210526316,0.18613138686131386,0.17521666262000674
panpep,pr,0.43859649122807015,0.18315018315018314,0.17521666262000674
panpep,pr,0.43859649122807015,0.18382352941176472,0.17521666262000674
panpep,pr,0.4298245614035088,0.18081180811808117,0.17521666262000674
panpep,pr,0.4298245614035088,0.1814814814814815,0.17521666262000674
panpep,pr,0.42105263157894735,0.17843866171003717,0.17521666262000674
panpep,pr,0.42105263157894735,0.1791044776119403,0.17521666262000674
panpep,pr,0.42105263157894735,0.1797752808988764,0.17521666262000674
panpep,pr,0.41228070175438597,0.17669172932330826,0.17521666262000674
panpep,pr,0.41228070175438597,0.17735849056603772,0.17521666262000674
panpep,pr,0.41228070175438597,0.17803030303030304,0.17521666262000674
panpep,pr,0.41228070175438597,0.17870722433460076,0.17521666262000674
panpep,pr,0.41228070175438597,0.17938931297709923,0.17521666262000674
panpep,pr,0.40350877192982454,0.17624521072796934,0.17521666262000674
panpep,pr,0.40350877192982454,0.17692307692307693,0.17521666262000674
panpep,pr,0.40350877192982454,0.1776061776061776,0.17521666262000674
panpep,pr,0.40350877192982454,0.17829457364341086,0.17521666262000674
panpep,pr,0.40350877192982454,0.17898832684824903,0.17521666262000674
panpep,pr,0.40350877192982454,0.1796875,0.17521666262000674
panpep,pr,0.40350877192982454,0.1803921568627451,0.17521666262000674
panpep,pr,0.39473684210526316,0.17716535433070865,0.17521666262000674
panpep,pr,0.39473684210526316,0.17786561264822134,0.17521666262000674
panpep,pr,0.39473684210526316,0.17857142857142858,0.17521666262000674
panpep,pr,0.39473684210526316,0.17928286852589642,0.17521666262000674
panpep,pr,0.38596491228070173,0.176,0.17521666262000674
panpep,pr,0.38596491228070173,0.17670682730923695,0.17521666262000674
panpep,pr,0.38596491228070173,0.1774193548387097,0.17521666262000674
panpep,pr,0.38596491228070173,0.17813765182186234,0.17521666262000674
panpep,pr,0.38596491228070173,0.17886178861788618,0.17521666262000674
panpep,pr,0.38596491228070173,0.17959183673469387,0.17521666262000674
panpep,pr,0.38596491228070173,0.18032786885245902,0.17521666262000674
panpep,pr,0.38596491228070173,0.18106995884773663,0.17521666262000674
panpep,pr,0.38596491228070173,0.18181818181818182,0.17521666262000674
panpep,pr,0.38596491228070173,0.1825726141078838,0.17521666262000674
panpep,pr,0.37719298245614036,0.17916666666666667,0.17521666262000674
panpep,pr,0.37719298245614036,0.1799163179916318,0.17521666262000674
panpep,pr,0.37719298245614036,0.18067226890756302,0.17521666262000674
panpep,pr,0.37719298245614036,0.18143459915611815,0.17521666262000674
panpep,pr,0.37719298245614036,0.18220338983050846,0.17521666262000674
panpep,pr,0.37719298245614036,0.1829787234042553,0.17521666262000674
panpep,pr,0.37719298245614036,0.18376068376068377,0.17521666262000674
panpep,pr,0.37719298245614036,0.18454935622317598,0.17521666262000674
panpep,pr,0.37719298245614036,0.1853448275862069,0.17521666262000674
panpep,pr,0.37719298245614036,0.18614718614718614,0.17521666262000674
panpep,pr,0.3684210526315789,0.1826086956521739,0.17521666262000674
panpep,pr,0.3684210526315789,0.18340611353711792,0.17521666262000674
panpep,pr,0.35964912280701755,0.17982456140350878,0.17521666262000674
panpep,pr,0.35964912280701755,0.18061674008810572,0.17521666262000674
panpep,pr,0.35964912280701755,0.18141592920353983,0.17521666262000674
panpep,pr,0.35964912280701755,0.18222222222222223,0.17521666262000674
panpep,pr,0.35964912280701755,0.18303571428571427,0.17521666262000674
panpep,pr,0.35964912280701755,0.18385650224215247,0.17521666262000674
panpep,pr,0.35964912280701755,0.18468468468468469,0.17521666262000674
panpep,pr,0.35964912280701755,0.18552036199095023,0.17521666262000674
panpep,pr,0.3508771929824561,0.18181818181818182,0.17521666262000674
panpep,pr,0.3508771929824561,0.182648401826484,0.17521666262000674
panpep,pr,0.3508771929824561,0.1834862385321101,0.17521666262000674
panpep,pr,0.34210526315789475,0.17972350230414746,0.17521666262000674
panpep,pr,0.34210526315789475,0.18055555555555555,0.17521666262000674
panpep,pr,0.34210526315789475,0.1813953488372093,0.17521666262000674
panpep,pr,0.34210526315789475,0.1822429906542056,0.17521666262000674
panpep,pr,0.34210526315789475,0.18309859154929578,0.17521666262000674
panpep,pr,0.34210526315789475,0.18396226415094338,0.17521666262000674
panpep,pr,0.34210526315789475,0.1848341232227488,0.17521666262000674
panpep,pr,0.34210526315789475,0.18571428571428572,0.17521666262000674
panpep,pr,0.3333333333333333,0.18181818181818182,0.17521666262000674
panpep,pr,0.3333333333333333,0.18269230769230768,0.17521666262000674
panpep,pr,0.3333333333333333,0.18357487922705315,0.17521666262000674
panpep,pr,0.3333333333333333,0.18446601941747573,0.17521666262000674
panpep,pr,0.3333333333333333,0.18536585365853658,0.17521666262000674
panpep,pr,0.3333333333333333,0.18627450980392157,0.17521666262000674
panpep,pr,0.3333333333333333,0.18719211822660098,0.17521666262000674
panpep,pr,0.3333333333333333,0.18811881188118812,0.17521666262000674
panpep,pr,0.32456140350877194,0.18407960199004975,0.17521666262000674
panpep,pr,0.3157894736842105,0.18,0.17521666262000674
panpep,pr,0.3157894736842105,0.18090452261306533,0.17521666262000674
panpep,pr,0.3157894736842105,0.18181818181818182,0.17521666262000674
panpep,pr,0.30701754385964913,0.17766497461928935,0.17521666262000674
panpep,pr,0.2982456140350877,0.17346938775510204,0.17521666262000674
panpep,pr,0.2982456140350877,0.17435897435897435,0.17521666262000674
panpep,pr,0.2894736842105263,0.17010309278350516,0.17521666262000674
panpep,pr,0.2894736842105263,0.17098445595854922,0.17521666262000674
panpep,pr,0.2894736842105263,0.171875,0.17521666262000674
panpep,pr,0.2894736842105263,0.17277486910994763,0.17521666262000674
panpep,pr,0.2894736842105263,0.1736842105263158,0.17521666262000674
panpep,pr,0.2894736842105263,0.1746031746031746,0.17521666262000674
panpep,pr,0.2894736842105263,0.17553191489361702,0.17521666262000674
panpep,pr,0.2894736842105263,0.17647058823529413,0.17521666262000674
panpep,pr,0.2894736842105263,0.1774193548387097,0.17521666262000674
panpep,pr,0.2894736842105263,0.1783783783783784,0.17521666262000674
panpep,pr,0.2894736842105263,0.1793478260869565,0.17521666262000674
panpep,pr,0.2807017543859649,0.17486338797814208,0.17521666262000674
panpep,pr,0.2807017543859649,0.17582417582417584,0.17521666262000674
panpep,pr,0.2719298245614035,0.1712707182320442,0.17521666262000674
panpep,pr,0.2719298245614035,0.17222222222222222,0.17521666262000674
panpep,pr,0.2719298245614035,0.17318435754189945,0.17521666262000674
panpep,pr,0.2631578947368421,0.16853932584269662,0.17521666262000674
panpep,pr,0.2631578947368421,0.1694915254237288,0.17521666262000674
panpep,pr,0.2631578947368421,0.17045454545454544,0.17521666262000674
panpep,pr,0.2631578947368421,0.17142857142857143,0.17521666262000674
panpep,pr,0.2631578947368421,0.1724137931034483,0.17521666262000674
panpep,pr,0.2543859649122807,0.1676300578034682,0.17521666262000674
panpep,pr,0.2543859649122807,0.1686046511627907,0.17521666262000674
panpep,pr,0.2543859649122807,0.1695906432748538,0.17521666262000674
panpep,pr,0.2543859649122807,0.17058823529411765,0.17521666262000674
panpep,pr,0.24561403508771928,0.16568047337278108,0.17521666262000674
panpep,pr,0.24561403508771928,0.16666666666666666,0.17521666262000674
panpep,pr,0.24561403508771928,0.16766467065868262,0.17521666262000674
panpep,pr,0.23684210526315788,0.16265060240963855,0.17521666262000674
panpep,pr,0.22807017543859648,0.15757575757575756,0.17521666262000674
panpep,pr,0.22807017543859648,0.15853658536585366,0.17521666262000674
panpep,pr,0.21929824561403508,0.15337423312883436,0.17521666262000674
panpep,pr,0.21929824561403508,0.15432098765432098,0.17521666262000674
panpep,pr,0.21929824561403508,0.15527950310559005,0.17521666262000674
panpep,pr,0.21929824561403508,0.15625,0.17521666262000674
panpep,pr,0.21929824561403508,0.15723270440251572,0.17521666262000674
panpep,pr,0.21929824561403508,0.15822784810126583,0.17521666262000674
panpep,pr,0.21929824561403508,0.1592356687898089,0.17521666262000674
panpep,pr,0.21052631578947367,0.15384615384615385,0.17521666262000674
panpep,pr,0.21052631578947367,0.15483870967741936,0.17521666262000674
panpep,pr,0.21052631578947367,0.15584415584415584,0.17521666262000674
panpep,pr,0.21052631578947367,0.1568627450980392,0.17521666262000674
panpep,pr,0.21052631578947367,0.15789473684210525,0.17521666262000674
panpep,pr,0.21052631578947367,0.15894039735099338,0.17521666262000674
panpep,pr,0.21052631578947367,0.16,0.17521666262000674
panpep,pr,0.21052631578947367,0.1610738255033557,0.17521666262000674
panpep,pr,0.20175438596491227,0.1554054054054054,0.17521666262000674
panpep,pr,0.20175438596491227,0.1564625850340136,0.17521666262000674
panpep,pr,0.20175438596491227,0.15753424657534246,0.17521666262000674
panpep,pr,0.20175438596491227,0.15862068965517243,0.17521666262000674
panpep,pr,0.20175438596491227,0.1597222222222222,0.17521666262000674
panpep,pr,0.20175438596491227,0.16083916083916083,0.17521666262000674
panpep,pr,0.20175438596491227,0.1619718309859155,0.17521666262000674
panpep,pr,0.20175438596491227,0.16312056737588654,0.17521666262000674
panpep,pr,0.20175438596491227,0.16428571428571428,0.17521666262000674
panpep,pr,0.20175438596491227,0.16546762589928057,0.17521666262000674
panpep,pr,0.20175438596491227,0.16666666666666666,0.17521666262000674
panpep,pr,0.20175438596491227,0.1678832116788321,0.17521666262000674
panpep,pr,0.20175438596491227,0.16911764705882354,0.17521666262000674
panpep,pr,0.20175438596491227,0.17037037037037037,0.17521666262000674
panpep,pr,0.20175438596491227,0.17164179104477612,0.17521666262000674
panpep,pr,0.20175438596491227,0.17293233082706766,0.17521666262000674
panpep,pr,0.20175438596491227,0.17424242424242425,0.17521666262000674
panpep,pr,0.20175438596491227,0.17557251908396945,0.17521666262000674
panpep,pr,0.20175438596491227,0.17692307692307693,0.17521666262000674
panpep,pr,0.20175438596491227,0.17829457364341086,0.17521666262000674
panpep,pr,0.20175438596491227,0.1796875,0.17521666262000674
panpep,pr,0.20175438596491227,0.18110236220472442,0.17521666262000674
panpep,pr,0.20175438596491227,0.18253968253968253,0.17521666262000674
panpep,pr,0.20175438596491227,0.184,0.17521666262000674
panpep,pr,0.20175438596491227,0.18548387096774194,0.17521666262000674
panpep,pr,0.19298245614035087,0.17886178861788618,0.17521666262000674
panpep,pr,0.19298245614035087,0.18032786885245902,0.17521666262000674
panpep,pr,0.19298245614035087,0.18181818181818182,0.17521666262000674
panpep,pr,0.19298245614035087,0.18333333333333332,0.17521666262000674
panpep,pr,0.18421052631578946,0.17647058823529413,0.17521666262000674
panpep,pr,0.17543859649122806,0.1694915254237288,0.17521666262000674
panpep,pr,0.17543859649122806,0.17094017094017094,0.17521666262000674
panpep,pr,0.17543859649122806,0.1724137931034483,0.17521666262000674
panpep,pr,0.17543859649122806,0.17391304347826086,0.17521666262000674
panpep,pr,0.17543859649122806,0.17543859649122806,0.17521666262000674
panpep,pr,0.17543859649122806,0.17699115044247787,0.17521666262000674
panpep,pr,0.16666666666666666,0.16964285714285715,0.17521666262000674
panpep,pr,0.16666666666666666,0.17117117117117117,0.17521666262000674
panpep,pr,0.16666666666666666,0.17272727272727273,0.17521666262000674
panpep,pr,0.16666666666666666,0.1743119266055046,0.17521666262000674
panpep,pr,0.15789473684210525,0.16666666666666666,0.17521666262000674
panpep,pr,0.15789473684210525,0.16822429906542055,0.17521666262000674
panpep,pr,0.15789473684210525,0.16981132075471697,0.17521666262000674
panpep,pr,0.15789473684210525,0.17142857142857143,0.17521666262000674
panpep,pr,0.15789473684210525,0.17307692307692307,0.17521666262000674
panpep,pr,0.15789473684210525,0.17475728155339806,0.17521666262000674
panpep,pr,0.15789473684210525,0.17647058823529413,0.17521666262000674
panpep,pr,0.15789473684210525,0.1782178217821782,0.17521666262000674
panpep,pr,0.15789473684210525,0.18,0.17521666262000674
panpep,pr,0.15789473684210525,0.18181818181818182,0.17521666262000674
panpep,pr,0.15789473684210525,0.1836734693877551,0.17521666262000674
panpep,pr,0.15789473684210525,0.18556701030927836,0.17521666262000674
panpep,pr,0.15789473684210525,0.1875,0.17521666262000674
panpep,pr,0.15789473684210525,0.18947368421052632,0.17521666262000674
panpep,pr,0.15789473684210525,0.19148936170212766,0.17521666262000674
panpep,pr,0.15789473684210525,0.1935483870967742,0.17521666262000674
panpep,pr,0.15789473684210525,0.1956521739130435,0.17521666262000674
panpep,pr,0.15789473684210525,0.1978021978021978,0.17521666262000674
panpep,pr,0.15789473684210525,0.2,0.17521666262000674
panpep,pr,0.15789473684210525,0.20224719101123595,0.17521666262000674
panpep,pr,0.15789473684210525,0.20454545454545456,0.17521666262000674
panpep,pr,0.15789473684210525,0.20689655172413793,0.17521666262000674
panpep,pr,0.15789473684210525,0.20930232558139536,0.17521666262000674
panpep,pr,0.15789473684210525,0.21176470588235294,0.17521666262000674
panpep,pr,0.15789473684210525,0.21428571428571427,0.17521666262000674
panpep,pr,0.15789473684210525,0.21686746987951808,0.17521666262000674
panpep,pr,0.15789473684210525,0.21951219512195122,0.17521666262000674
panpep,pr,0.14912280701754385,0.20987654320987653,0.17521666262000674
panpep,pr,0.14912280701754385,0.2125,0.17521666262000674
panpep,pr,0.14912280701754385,0.21518987341772153,0.17521666262000674
panpep,pr,0.14912280701754385,0.21794871794871795,0.17521666262000674
panpep,pr,0.14912280701754385,0.22077922077922077,0.17521666262000674
panpep,pr,0.14912280701754385,0.2236842105263158,0.17521666262000674
panpep,pr,0.14912280701754385,0.22666666666666666,0.17521666262000674
panpep,pr,0.14912280701754385,0.22972972972972974,0.17521666262000674
panpep,pr,0.14912280701754385,0.2328767123287671,0.17521666262000674
panpep,pr,0.14912280701754385,0.2361111111111111,0.17521666262000674
panpep,pr,0.14912280701754385,0.23943661971830985,0.17521666262000674
panpep,pr,0.14035087719298245,0.22857142857142856,0.17521666262000674
panpep,pr,0.14035087719298245,0.2318840579710145,0.17521666262000674
panpep,pr,0.14035087719298245,0.23529411764705882,0.17521666262000674
panpep,pr,0.14035087719298245,0.23880597014925373,0.17521666262000674
panpep,pr,0.13157894736842105,0.22727272727272727,0.17521666262000674
panpep,pr,0.12280701754385964,0.2153846153846154,0.17521666262000674
panpep,pr,0.11403508771929824,0.203125,0.17521666262000674
panpep,pr,0.11403508771929824,0.20634920634920634,0.17521666262000674
panpep,pr,0.10526315789473684,0.1935483870967742,0.17521666262000674
panpep,pr,0.10526315789473684,0.19672131147540983,0.17521666262000674
panpep,pr,0.09649122807017543,0.18333333333333332,0.17521666262000674
panpep,pr,0.09649122807017543,0.1864406779661017,0.17521666262000674
panpep,pr,0.09649122807017543,0.1896551724137931,0.17521666262000674
panpep,pr,0.09649122807017543,0.19298245614035087,0.17521666262000674
panpep,pr,0.08771929824561403,0.17857142857142858,0.17521666262000674
panpep,pr,0.08771929824561403,0.18181818181818182,0.17521666262000674
panpep,pr,0.07894736842105263,0.16666666666666666,0.17521666262000674
panpep,pr,0.07894736842105263,0.16981132075471697,0.17521666262000674
panpep,pr,0.07894736842105263,0.17307692307692307,0.17521666262000674
panpep,pr,0.07017543859649122,0.1568627450980392,0.17521666262000674
panpep,pr,0.07017543859649122,0.16,0.17521666262000674
panpep,pr,0.07017543859649122,0.16326530612244897,0.17521666262000674
panpep,pr,0.07017543859649122,0.16666666666666666,0.17521666262000674
panpep,pr,0.06140350877192982,0.14893617021276595,0.17521666262000674
panpep,pr,0.05263157894736842,0.13043478260869565,0.17521666262000674
panpep,pr,0.05263157894736842,0.13333333333333333,0.17521666262000674
panpep,pr,0.05263157894736842,0.13636363636363635,0.17521666262000674
panpep,pr,0.043859649122807015,0.11627906976744186,0.17521666262000674
panpep,pr,0.043859649122807015,0.11904761904761904,0.17521666262000674
panpep,pr,0.043859649122807015,0.12195121951219512,0.17521666262000674
panpep,pr,0.043859649122807015,0.125,0.17521666262000674
panpep,pr,0.03508771929824561,0.10256410256410256,0.17521666262000674
panpep,pr,0.03508771929824561,0.10526315789473684,0.17521666262000674
panpep,pr,0.03508771929824561,0.10810810810810811,0.17521666262000674
panpep,pr,0.03508771929824561,0.1111111111111111,0.17521666262000674
panpep,pr,0.02631578947368421,0.08571428571428572,0.17521666262000674
panpep,pr,0.02631578947368421,0.08823529411764706,0.17521666262000674
panpep,pr,0.02631578947368421,0.09090909090909091,0.17521666262000674
panpep,pr,0.02631578947368421,0.09375,0.17521666262000674
panpep,pr,0.02631578947368421,0.0967741935483871,0.17521666262000674
panpep,pr,0.02631578947368421,0.1,0.17521666262000674
panpep,pr,0.02631578947368421,0.10344827586206896,0.17521666262000674
panpep,pr,0.02631578947368421,0.10714285714285714,0.17521666262000674
panpep,pr,0.02631578947368421,0.1111111111111111,0.17521666262000674
panpep,pr,0.02631578947368421,0.11538461538461539,0.17521666262000674
panpep,pr,0.02631578947368421,0.12,0.17521666262000674
panpep,pr,0.02631578947368421,0.125,0.17521666262000674
panpep,pr,0.02631578947368421,0.13043478260869565,0.17521666262000674
panpep,pr,0.02631578947368421,0.13636363636363635,0.17521666262000674
panpep,pr,0.02631578947368421,0.14285714285714285,0.17521666262000674
panpep,pr,0.02631578947368421,0.15,0.17521666262000674
panpep,pr,0.02631578947368421,0.15789473684210525,0.17521666262000674
panpep,pr,0.02631578947368421,0.16666666666666666,0.17521666262000674
panpep,pr,0.02631578947368421,0.17647058823529413,0.17521666262000674
panpep,pr,0.02631578947368421,0.1875,0.17521666262000674
panpep,pr,0.017543859649122806,0.13333333333333333,0.17521666262000674
panpep,pr,0.017543859649122806,0.14285714285714285,0.17521666262000674
panpep,pr,0.017543859649122806,0.15384615384615385,0.17521666262000674
panpep,pr,0.017543859649122806,0.16666666666666666,0.17521666262000674
panpep,pr,0.017543859649122806,0.18181818181818182,0.17521666262000674
panpep,pr,0.017543859649122806,0.2,0.17521666262000674
panpep,pr,0.017543859649122806,0.2222222222222222,0.17521666262000674
panpep,pr,0.017543859649122806,0.25,0.17521666262000674
panpep,pr,0.008771929824561403,0.14285714285714285,0.17521666262000674
panpep,pr,0.008771929824561403,0.16666666666666666,0.17521666262000674
panpep,pr,0.008771929824561403,0.2,0.17521666262000674
panpep,pr,0.0,0.0,0.17521666262000674
panpep,pr,0.0,0.0,0.17521666262000674
panpep,pr,0.0,0.0,0.17521666262000674
panpep,pr,0.0,0.0,0.17521666262000674
panpep,pr,0.0,1.0,0.17521666262000674
pmtnet,roc,0.0,0.0,0.48986611265004615
pmtnet,roc,0.0017543859649122807,0.0,0.48986611265004615
pmtnet,roc,0.014035087719298246,0.0,0.48986611265004615
pmtnet,roc,0.017543859649122806,0.0,0.48986611265004615
pmtnet,roc,0.021052631578947368,0.0,0.48986611265004615
pmtnet,roc,0.028070175438596492,0.0,0.48986611265004615
pmtnet,roc,0.02982456140350877,0.0,0.48986611265004615
pmtnet,roc,0.03333333333333333,0.0,0.48986611265004615
pmtnet,roc,0.03508771929824561,0.0,0.48986611265004615
pmtnet,roc,0.03859649122807018,0.0,0.48986611265004615
pmtnet,roc,0.03859649122807018,0.008771929824561403,0.48986611265004615
pmtnet,roc,0.04035087719298246,0.008771929824561403,0.48986611265004615
pmtnet,roc,0.042105263157894736,0.017543859649122806,0.48986611265004615
pmtnet,roc,0.042105263157894736,0.02631578947368421,0.48986611265004615
pmtnet,roc,0.056140350877192984,0.02631578947368421,0.48986611265004615
pmtnet,roc,0.056140350877192984,0.03508771929824561,0.48986611265004615
pmtnet,roc,0.05964912280701754,0.03508771929824561,0.48986611265004615
pmtnet,roc,0.05964912280701754,0.043859649122807015,0.48986611265004615
pmtnet,roc,0.06140350877192982,0.043859649122807015,0.48986611265004615
pmtnet,roc,0.06140350877192982,0.05263157894736842,0.48986611265004615
pmtnet,roc,0.06491228070175438,0.05263157894736842,0.48986611265004615
pmtnet,roc,0.06491228070175438,0.06140350877192982,0.48986611265004615
pmtnet,roc,0.07017543859649122,0.06140350877192982,0.48986611265004615
pmtnet,roc,0.07368421052631578,0.06140350877192982,0.48986611265004615
pmtnet,roc,0.07368421052631578,0.07017543859649122,0.48986611265004615
pmtnet,roc,0.07719298245614035,0.07017543859649122,0.48986611265004615
pmtnet,roc,0.07894736842105263,0.07017543859649122,0.48986611265004615
pmtnet,roc,0.0824561403508772,0.07017543859649122,0.48986611265004615
pmtnet,roc,0.08596491228070176,0.07017543859649122,0.48986611265004615
pmtnet,roc,0.08947368421052632,0.07017543859649122,0.48986611265004615
pmtnet,roc,0.09298245614035087,0.07017543859649122,0.48986611265004615
pmtnet,roc,0.09473684210526316,0.07894736842105263,0.48986611265004615
pmtnet,roc,0.09649122807017543,0.07894736842105263,0.48986611265004615
pmtnet,roc,0.09824561403508772,0.08771929824561403,0.48986611265004615
pmtnet,roc,0.10175438596491228,0.08771929824561403,0.48986611265004615
pmtnet,roc,0.10701754385964912,0.08771929824561403,0.48986611265004615
pmtnet,roc,0.11228070175438597,0.08771929824561403,0.48986611265004615
pmtnet,roc,0.11228070175438597,0.09649122807017543,0.48986611265004615
pmtnet,roc,0.11403508771929824,0.09649122807017543,0.48986611265004615
pmtnet,roc,0.11578947368421053,0.10526315789473684,0.48986611265004615
pmtnet,roc,0.11754385964912281,0.10526315789473684,0.48986611265004615
pmtnet,roc,0.12456140350877193,0.10526315789473684,0.48986611265004615
pmtnet,roc,0.1280701754385965,0.10526315789473684,0.48986611265004615
pmtnet,roc,0.13157894736842105,0.10526315789473684,0.48986611265004615
pmtnet,roc,0.13333333333333333,0.11403508771929824,0.48986611265004615
pmtnet,roc,0.1368421052631579,0.11403508771929824,0.48986611265004615
pmtnet,roc,0.14210526315789473,0.12280701754385964,0.48986611265004615
pmtnet,roc,0.14385964912280702,0.13157894736842105,0.48986611265004615
pmtnet,roc,0.14736842105263157,0.14035087719298245,0.48986611265004615
pmtnet,roc,0.1543859649122807,0.14035087719298245,0.48986611265004615
pmtnet,roc,0.16140350877192983,0.14035087719298245,0.48986611265004615
pmtnet,roc,0.1631578947368421,0.14035087719298245,0.48986611265004615
pmtnet,roc,0.16842105263157894,0.14035087719298245,0.48986611265004615
pmtnet,roc,0.16842105263157894,0.15789473684210525,0.48986611265004615
pmtnet,roc,0.17017543859649123,0.15789473684210525,0.48986611265004615
pmtnet,roc,0.1736842105263158,0.15789473684210525,0.48986611265004615
pmtnet,roc,0.17543859649122806,0.15789473684210525,0.48986611265004615
pmtnet,roc,0.17894736842105263,0.16666666666666666,0.48986611265004615
pmtnet,roc,0.18070175438596492,0.16666666666666666,0.48986611265004615
pmtnet,roc,0.18421052631578946,0.16666666666666666,0.48986611265004615
pmtnet,roc,0.18596491228070175,0.16666666666666666,0.48986611265004615
pmtnet,roc,0.18947368421052632,0.16666666666666666,0.48986611265004615
pmtnet,roc,0.1912280701754386,0.17543859649122806,0.48986611265004615
pmtnet,roc,0.19298245614035087,0.17543859649122806,0.48986611265004615
pmtnet,roc,0.19824561403508772,0.17543859649122806,0.48986611265004615
pmtnet,roc,0.2,0.17543859649122806,0.48986611265004615
pmtnet,roc,0.2,0.18421052631578946,0.48986611265004615
pmtnet,roc,0.20175438596491227,0.18421052631578946,0.48986611265004615
pmtnet,roc,0.20175438596491227,0.19298245614035087,0.48986611265004615
pmtnet,roc,0.20701754385964913,0.19298245614035087,0.48986611265004615
pmtnet,roc,0.21228070175438596,0.19298245614035087,0.48986611265004615
pmtnet,roc,0.21578947368421053,0.19298245614035087,0.48986611265004615
pmtnet,roc,0.21754385964912282,0.20175438596491227,0.48986611265004615
pmtnet,roc,0.21929824561403508,0.20175438596491227,0.48986611265004615
pmtnet,roc,0.22456140350877193,0.20175438596491227,0.48986611265004615
pmtnet,roc,0.22456140350877193,0.21052631578947367,0.48986611265004615
pmtnet,roc,0.22631578947368422,0.21052631578947367,0.48986611265004615
pmtnet,roc,0.22982456140350876,0.21929824561403508,0.48986611265004615
pmtnet,roc,0.24035087719298245,0.21929824561403508,0.48986611265004615
pmtnet,roc,0.24385964912280703,0.21929824561403508,0.48986611265004615
pmtnet,roc,0.24561403508771928,0.21929824561403508,0.48986611265004615
pmtnet,roc,0.24912280701754386,0.22807017543859648,0.48986611265004615
pmtnet,roc,0.25263157894736843,0.22807017543859648,0.48986611265004615
pmtnet,roc,0.2614035087719298,0.22807017543859648,0.48986611265004615
pmtnet,roc,0.2649122807017544,0.22807017543859648,0.48986611265004615
pmtnet,roc,0.27017543859649124,0.22807017543859648,0.48986611265004615
pmtnet,roc,0.2754385964912281,0.22807017543859648,0.48986611265004615
pmtnet,roc,0.2771929824561403,0.23684210526315788,0.48986611265004615
pmtnet,roc,0.2789473684210526,0.23684210526315788,0.48986611265004615
pmtnet,roc,0.2824561403508772,0.23684210526315788,0.48986611265004615
pmtnet,roc,0.28421052631578947,0.23684210526315788,0.48986611265004615
pmtnet,roc,0.28771929824561404,0.24561403508771928,0.48986611265004615
pmtnet,roc,0.2912280701754386,0.24561403508771928,0.48986611265004615
pmtnet,roc,0.2929824561403509,0.24561403508771928,0.48986611265004615
pmtnet,roc,0.2964912280701754,0.24561403508771928,0.48986611265004615
pmtnet,roc,0.2964912280701754,0.2543859649122807,0.48986611265004615
pmtnet,roc,0.3,0.2543859649122807,0.48986611265004615
pmtnet,roc,0.30350877192982456,0.2543859649122807,0.48986611265004615
pmtnet,roc,0.30350877192982456,0.2631578947368421,0.48986611265004615
pmtnet,roc,0.3087719298245614,0.2631578947368421,0.48986611265004615
pmtnet,roc,0.312280701754386,0.2631578947368421,0.48986611265004615
pmtnet,roc,0.312280701754386,0.2719298245614035,0.48986611265004615
pmtnet,roc,0.3175438596491228,0.2719298245614035,0.48986611265004615
pmtnet,roc,0.32105263157894737,0.2719298245614035,0.48986611265004615
pmtnet,roc,0.32456140350877194,0.2719298245614035,0.48986611265004615
pmtnet,roc,0.3280701754385965,0.2719298245614035,0.48986611265004615
pmtnet,roc,0.3298245614035088,0.2894736842105263,0.48986611265004615
pmtnet,roc,0.3333333333333333,0.2894736842105263,0.48986611265004615
pmtnet,roc,0.3333333333333333,0.2982456140350877,0.48986611265004615
pmtnet,roc,0.3350877192982456,0.2982456140350877,0.48986611265004615
pmtnet,roc,0.3350877192982456,0.30701754385964913,0.48986611265004615
pmtnet,roc,0.34210526315789475,0.30701754385964913,0.48986611265004615
pmtnet,roc,0.34385964912280703,0.3157894736842105,0.48986611265004615
pmtnet,roc,0.3456140350877193,0.3157894736842105,0.48986611265004615
pmtnet,roc,0.34912280701754383,0.32456140350877194,0.48986611265004615
pmtnet,roc,0.3526315789473684,0.32456140350877194,0.48986611265004615
pmtnet,roc,0.3526315789473684,0.3333333333333333,0.48986611265004615
pmtnet,roc,0.356140350877193,0.3333333333333333,0.48986611265004615
pmtnet,roc,0.35789473684210527,0.34210526315789475,0.48986611265004615
pmtnet,roc,0.3649122807017544,0.34210526315789475,0.48986611265004615
pmtnet,roc,0.36666666666666664,0.3508771929824561,0.48986611265004615
pmtnet,roc,0.3719298245614035,0.3508771929824561,0.48986611265004615
pmtnet,roc,0.3719298245614035,0.35964912280701755,0.48986611265004615
pmtnet,roc,0.3736842105263158,0.35964912280701755,0.48986611265004615
pmtnet,roc,0.3736842105263158,0.37719298245614036,0.48986611265004615
pmtnet,roc,0.37543859649122807,0.37719298245614036,0.48986611265004615
pmtnet,roc,0.37894736842105264,0.37719298245614036,0.48986611265004615
pmtnet,roc,0.37894736842105264,0.38596491228070173,0.48986611265004615
pmtnet,roc,0.3824561403508772,0.38596491228070173,0.48986611265004615
pmtnet,roc,0.38421052631578945,0.38596491228070173,0.48986611265004615
pmtnet,roc,0.38421052631578945,0.39473684210526316,0.48986611265004615
pmtnet,roc,0.3894736842105263,0.39473684210526316,0.48986611265004615
pmtnet,roc,0.39649122807017545,0.39473684210526316,0.48986611265004615
pmtnet,roc,0.40350877192982454,0.39473684210526316,0.48986611265004615
pmtnet,roc,0.4105263157894737,0.39473684210526316,0.48986611265004615
pmtnet,roc,0.41403508771929826,0.39473684210526316,0.48986611265004615
pmtnet,roc,0.42280701754385963,0.39473684210526316,0.48986611265004615
pmtnet,roc,0.4245614035087719,0.40350877192982454,0.48986611265004615
pmtnet,roc,0.4263157894736842,0.40350877192982454,0.48986611265004615
pmtnet,roc,0.4298245614035088,0.40350877192982454,0.48986611265004615
pmtnet,roc,0.443859649122807,0.40350877192982454,0.48986611265004615
pmtnet,roc,0.4456140350877193,0.41228070175438597,0.48986611265004615
pmtnet,roc,0.45263157894736844,0.41228070175438597,0.48986611265004615
pmtnet,roc,0.4543859649122807,0.41228070175438597,0.48986611265004615
pmtnet,roc,0.4543859649122807,0.42105263157894735,0.48986611265004615
pmtnet,roc,0.45789473684210524,0.42105263157894735,0.48986611265004615
pmtnet,roc,0.4614035087719298,0.42105263157894735,0.48986611265004615
pmtnet,roc,0.4666666666666667,0.42105263157894735,0.48986611265004615
pmtnet,roc,0.4666666666666667,0.4298245614035088,0.48986611265004615
pmtnet,roc,0.47017543859649125,0.4298245614035088,0.48986611265004615
pmtnet,roc,0.47368421052631576,0.43859649122807015,0.48986611265004615
pmtnet,roc,0.47543859649122805,0.43859649122807015,0.48986611265004615
pmtnet,roc,0.4789473684210526,0.43859649122807015,0.48986611265004615
pmtnet,roc,0.4842105263157895,0.43859649122807015,0.48986611265004615
pmtnet,roc,0.48771929824561405,0.43859649122807015,0.48986611265004615
pmtnet,roc,0.48947368421052634,0.43859649122807015,0.48986611265004615
pmtnet,roc,0.49122807017543857,0.4473684210526316,0.48986611265004615
pmtnet,roc,0.49473684210526314,0.4473684210526316,0.48986611265004615
pmtnet,roc,0.49473684210526314,0.45614035087719296,0.48986611265004615
pmtnet,roc,0.5,0.45614035087719296,0.48986611265004615
pmtnet,roc,0.5,0.4649122807017544,0.48986611265004615
pmtnet,roc,0.5035087719298246,0.4649122807017544,0.48986611265004615
pmtnet,roc,0.5035087719298246,0.47368421052631576,0.48986611265004615
pmtnet,roc,0.5070175438596491,0.47368421052631576,0.48986611265004615
pmtnet,roc,0.5087719298245614,0.4824561403508772,0.48986611265004615
pmtnet,roc,0.5175438596491229,0.4824561403508772,0.48986611265004615
pmtnet,roc,0.5210526315789473,0.4824561403508772,0.48986611265004615
pmtnet,roc,0.5210526315789473,0.5,0.48986611265004615
pmtnet,roc,0.5245614035087719,0.5,0.48986611265004615
pmtnet,roc,0.5280701754385965,0.5,0.48986611265004615
pmtnet,roc,0.531578947368421,0.5,0.48986611265004615
pmtnet,roc,0.5333333333333333,0.5,0.48986611265004615
pmtnet,roc,0.5333333333333333,0.5175438596491229,0.48986611265004615
pmtnet,roc,0.5368421052631579,0.5175438596491229,0.48986611265004615
pmtnet,roc,0.5368421052631579,0.543859649122807,0.48986611265004615
pmtnet,roc,0.543859649122807,0.543859649122807,0.48986611265004615
pmtnet,roc,0.5473684210526316,0.543859649122807,0.48986611265004615
pmtnet,roc,0.5508771929824562,0.543859649122807,0.48986611265004615
pmtnet,roc,0.5508771929824562,0.5526315789473685,0.48986611265004615
pmtnet,roc,0.5561403508771929,0.5526315789473685,0.48986611265004615
pmtnet,roc,0.5561403508771929,0.5614035087719298,0.48986611265004615
pmtnet,roc,0.5596491228070175,0.5614035087719298,0.48986611265004615
pmtnet,roc,0.5596491228070175,0.5701754385964912,0.48986611265004615
pmtnet,roc,0.5666666666666667,0.5701754385964912,0.48986611265004615
pmtnet,roc,0.5701754385964912,0.5701754385964912,0.48986611265004615
pmtnet,roc,0.5719298245614035,0.5789473684210527,0.48986611265004615
pmtnet,roc,0.5754385964912281,0.5789473684210527,0.48986611265004615
pmtnet,roc,0.5789473684210527,0.5789473684210527,0.48986611265004615
pmtnet,roc,0.5842105263157895,0.5789473684210527,0.48986611265004615
pmtnet,roc,0.5842105263157895,0.5877192982456141,0.48986611265004615
pmtnet,roc,0.5912280701754385,0.5877192982456141,0.48986611265004615
pmtnet,roc,0.5929824561403508,0.5964912280701754,0.48986611265004615
pmtnet,roc,0.6017543859649123,0.5964912280701754,0.48986611265004615
pmtnet,roc,0.6052631578947368,0.6052631578947368,0.48986611265004615
pmtnet,roc,0.6070175438596491,0.6140350877192983,0.48986611265004615
pmtnet,roc,0.6157894736842106,0.6140350877192983,0.48986611265004615
pmtnet,roc,0.6157894736842106,0.6228070175438597,0.48986611265004615
pmtnet,roc,0.6192982456140351,0.6228070175438597,0.48986611265004615
pmtnet,roc,0.6192982456140351,0.631578947368421,0.48986611265004615
pmtnet,roc,0.6228070175438597,0.631578947368421,0.48986611265004615
pmtnet,roc,0.6263157894736842,0.631578947368421,0.48986611265004615
pmtnet,roc,0.6333333333333333,0.631578947368421,0.48986611265004615
pmtnet,roc,0.6368421052631579,0.631578947368421,0.48986611265004615
pmtnet,roc,0.6403508771929824,0.631578947368421,0.48986611265004615
pmtnet,roc,0.6421052631578947,0.6403508771929824,0.48986611265004615
pmtnet,roc,0.6456140350877193,0.6403508771929824,0.48986611265004615
pmtnet,roc,0.6456140350877193,0.6491228070175439,0.48986611265004615
pmtnet,roc,0.6473684210526316,0.6491228070175439,0.48986611265004615
pmtnet,roc,0.6491228070175439,0.6578947368421053,0.48986611265004615
pmtnet,roc,0.6508771929824562,0.6578947368421053,0.48986611265004615
pmtnet,roc,0.6508771929824562,0.6666666666666666,0.48986611265004615
pmtnet,roc,0.6526315789473685,0.6754385964912281,0.48986611265004615
pmtnet,roc,0.6578947368421053,0.6754385964912281,0.48986611265004615
pmtnet,roc,0.6631578947368421,0.6754385964912281,0.48986611265004615
pmtnet,roc,0.6666666666666666,0.6754385964912281,0.48986611265004615
pmtnet,roc,0.6684210526315789,0.6754385964912281,0.48986611265004615
pmtnet,roc,0.6754385964912281,0.6754385964912281,0.48986611265004615
pmtnet,roc,0.6754385964912281,0.6842105263157895,0.48986611265004615
pmtnet,roc,0.6789473684210526,0.6842105263157895,0.48986611265004615
pmtnet,roc,0.6789473684210526,0.6929824561403509,0.48986611265004615
pmtnet,roc,0.6807017543859649,0.6929824561403509,0.48986611265004615
pmtnet,roc,0.6877192982456141,0.6929824561403509,0.48986611265004615
pmtnet,roc,0.6912280701754386,0.6929824561403509,0.48986611265004615
pmtnet,roc,0.6929824561403509,0.7105263157894737,0.48986611265004615
pmtnet,roc,0.6947368421052632,0.7192982456140351,0.48986611265004615
pmtnet,roc,0.7052631578947368,0.7192982456140351,0.48986611265004615
pmtnet,roc,0.7087719298245614,0.7192982456140351,0.48986611265004615
pmtnet,roc,0.7175438596491228,0.7192982456140351,0.48986611265004615
pmtnet,roc,0.7210526315789474,0.7280701754385965,0.48986611265004615
pmtnet,roc,0.724561403508772,0.7280701754385965,0.48986611265004615
pmtnet,roc,0.7263157894736842,0.7368421052631579,0.48986611265004615
pmtnet,roc,0.7315789473684211,0.7368421052631579,0.48986611265004615
pmtnet,roc,0.7315789473684211,0.7543859649122807,0.48986611265004615
pmtnet,roc,0.7368421052631579,0.7631578947368421,0.48986611265004615
pmtnet,roc,0.7368421052631579,0.7719298245614035,0.48986611265004615
pmtnet,roc,0.7403508771929824,0.7719298245614035,0.48986611265004615
pmtnet,roc,0.7403508771929824,0.7807017543859649,0.48986611265004615
pmtnet,roc,0.743859649122807,0.7807017543859649,0.48986611265004615
pmtnet,roc,0.7491228070175439,0.7894736842105263,0.48986611265004615
pmtnet,roc,0.7526315789473684,0.7982456140350878,0.48986611265004615
pmtnet,roc,0.7526315789473684,0.8070175438596491,0.48986611265004615
pmtnet,roc,0.7543859649122807,0.8070175438596491,0.48986611265004615
pmtnet,roc,0.7596491228070176,0.8070175438596491,0.48986611265004615
pmtnet,roc,0.7614035087719299,0.8157894736842105,0.48986611265004615
pmtnet,roc,0.7631578947368421,0.8157894736842105,0.48986611265004615
pmtnet,roc,0.7631578947368421,0.8245614035087719,0.48986611265004615
pmtnet,roc,0.7684210526315789,0.8245614035087719,0.48986611265004615
pmtnet,roc,0.7719298245614035,0.8245614035087719,0.48986611265004615
pmtnet,roc,0.7824561403508772,0.8245614035087719,0.48986611265004615
pmtnet,roc,0.7859649122807018,0.8245614035087719,0.48986611265004615
pmtnet,roc,0.787719298245614,0.8333333333333334,0.48986611265004615
pmtnet,roc,0.7894736842105263,0.8333333333333334,0.48986611265004615
pmtnet,roc,0.7929824561403509,0.8333333333333334,0.48986611265004615
pmtnet,roc,0.8052631578947368,0.8333333333333334,0.48986611265004615
pmtnet,roc,0.8070175438596491,0.8421052631578947,0.48986611265004615
pmtnet,roc,0.8140350877192982,0.8421052631578947,0.48986611265004615
pmtnet,roc,0.8210526315789474,0.8421052631578947,0.48986611265004615
pmtnet,roc,0.8228070175438597,0.8421052631578947,0.48986611265004615
pmtnet,roc,0.8263157894736842,0.8421052631578947,0.48986611265004615
pmtnet,roc,0.8298245614035088,0.8421052631578947,0.48986611265004615
pmtnet,roc,0.8333333333333334,0.8421052631578947,0.48986611265004615
pmtnet,roc,0.8385964912280702,0.8421052631578947,0.48986611265004615
pmtnet,roc,0.8421052631578947,0.8421052631578947,0.48986611265004615
pmtnet,roc,0.8456140350877193,0.8421052631578947,0.48986611265004615
pmtnet,roc,0.8508771929824561,0.8421052631578947,0.48986611265004615
pmtnet,roc,0.8578947368421053,0.8421052631578947,0.48986611265004615
pmtnet,roc,0.8631578947368421,0.8421052631578947,0.48986611265004615
pmtnet,roc,0.8649122807017544,0.8508771929824561,0.48986611265004615
pmtnet,roc,0.868421052631579,0.8508771929824561,0.48986611265004615
pmtnet,roc,0.8701754385964913,0.8508771929824561,0.48986611265004615
pmtnet,roc,0.875438596491228,0.8508771929824561,0.48986611265004615
pmtnet,roc,0.8824561403508772,0.8508771929824561,0.48986611265004615
pmtnet,roc,0.8842105263157894,0.8596491228070176,0.48986611265004615
pmtnet,roc,0.887719298245614,0.8596491228070176,0.48986611265004615
pmtnet,roc,0.8912280701754386,0.8771929824561403,0.48986611265004615
pmtnet,roc,0.8964912280701754,0.8771929824561403,0.48986611265004615
pmtnet,roc,0.8964912280701754,0.8859649122807017,0.48986611265004615
pmtnet,roc,0.9017543859649123,0.8859649122807017,0.48986611265004615
pmtnet,roc,0.9035087719298246,0.8947368421052632,0.48986611265004615
pmtnet,roc,0.9052631578947369,0.8947368421052632,0.48986611265004615
pmtnet,roc,0.9087719298245615,0.8947368421052632,0.48986611265004615
pmtnet,roc,0.9122807017543859,0.8947368421052632,0.48986611265004615
pmtnet,roc,0.9140350877192982,0.9035087719298246,0.48986611265004615
pmtnet,roc,0.9157894736842105,0.9035087719298246,0.48986611265004615
pmtnet,roc,0.9157894736842105,0.9122807017543859,0.48986611265004615
pmtnet,roc,0.9175438596491228,0.9122807017543859,0.48986611265004615
pmtnet,roc,0.9228070175438596,0.9122807017543859,0.48986611265004615
pmtnet,roc,0.9245614035087719,0.9210526315789473,0.48986611265004615
pmtnet,roc,0.9245614035087719,0.9298245614035088,0.48986611265004615
pmtnet,roc,0.9280701754385965,0.9298245614035088,0.48986611265004615
pmtnet,roc,0.9298245614035088,0.9298245614035088,0.48986611265004615
pmtnet,roc,0.9333333333333333,0.9298245614035088,0.48986611265004615
pmtnet,roc,0.9421052631578948,0.9298245614035088,0.48986611265004615
pmtnet,roc,0.9456140350877194,0.9298245614035088,0.48986611265004615
pmtnet,roc,0.9456140350877194,0.9385964912280702,0.48986611265004615
pmtnet,roc,0.9491228070175438,0.9385964912280702,0.48986611265004615
pmtnet,roc,0.9508771929824561,0.9385964912280702,0.48986611265004615
pmtnet,roc,0.956140350877193,0.9473684210526315,0.48986611265004615
pmtnet,roc,0.9614035087719298,0.9473684210526315,0.48986611265004615
pmtnet,roc,0.9631578947368421,0.956140350877193,0.48986611265004615
pmtnet,roc,0.968421052631579,0.956140350877193,0.48986611265004615
pmtnet,roc,0.968421052631579,0.9649122807017544,0.48986611265004615
pmtnet,roc,0.980701754385965,0.9649122807017544,0.48986611265004615
pmtnet,roc,0.9824561403508771,0.9736842105263158,0.48986611265004615
pmtnet,roc,0.9842105263157894,0.9736842105263158,0.48986611265004615
pmtnet,roc,0.9842105263157894,0.9912280701754386,0.48986611265004615
pmtnet,roc,0.987719298245614,0.9912280701754386,0.48986611265004615
pmtnet,roc,0.9894736842105263,0.9912280701754386,0.48986611265004615
pmtnet,roc,0.9947368421052631,1.0,0.48986611265004615
pmtnet,roc,1.0,1.0,0.48986611265004615
pmtnet,pr,1.0,0.16666666666666666,0.15933816337080503
pmtnet,pr,1.0,0.16691068814055637,0.15933816337080503
pmtnet,pr,1.0,0.16715542521994134,0.15933816337080503
pmtnet,pr,1.0,0.16740088105726872,0.15933816337080503
pmtnet,pr,0.9912280701754386,0.16691285081240767,0.15933816337080503
pmtnet,pr,0.9912280701754386,0.16715976331360946,0.15933816337080503
pmtnet,pr,0.9912280701754386,0.16765578635014836,0.15933816337080503
pmtnet,pr,0.9736842105263158,0.16517857142857142,0.15933816337080503
pmtnet,pr,0.9736842105263158,0.16542473919523099,0.15933816337080503
pmtnet,pr,0.9649122807017544,0.16442451420029897,0.15933816337080503
pmtnet,pr,0.9649122807017544,0.16467065868263472,0.15933816337080503
pmtnet,pr,0.9649122807017544,0.16491754122938532,0.15933816337080503
pmtnet,pr,0.9649122807017544,0.16516516516516516,0.15933816337080503
pmtnet,pr,0.9649122807017544,0.16541353383458646,0.15933816337080503
pmtnet,pr,0.9649122807017544,0.16566265060240964,0.15933816337080503
pmtnet,pr,0.9649122807017544,0.16591251885369532,0.15933816337080503
pmtnet,pr,0.9649122807017544,0.1661631419939577,0.15933816337080503
pmtnet,pr,0.956140350877193,0.1649016641452345,0.15933816337080503
pmtnet,pr,0.956140350877193,0.16515151515151516,0.15933816337080503
pmtnet,pr,0.956140350877193,0.165402124430956,0.15933816337080503
pmtnet,pr,0.956140350877193,0.1656534954407295,0.15933816337080503
pmtnet,pr,0.9473684210526315,0.16463414634146342,0.15933816337080503
pmtnet,pr,0.9473684210526315,0.16539050535987748,0.15933816337080503
pmtnet,pr,0.9385964912280702,0.16486902927580893,0.15933816337080503
pmtnet,pr,0.9385964912280702,0.16512345679012347,0.15933816337080503
pmtnet,pr,0.9385964912280702,0.16563467492260062,0.15933816337080503
pmtnet,pr,0.9298245614035088,0.16434108527131783,0.15933816337080503
pmtnet,pr,0.9298245614035088,0.16485225505443235,0.15933816337080503
pmtnet,pr,0.9298245614035088,0.16510903426791276,0.15933816337080503
pmtnet,pr,0.9298245614035088,0.16536661466458658,0.15933816337080503
pmtnet,pr,0.9298245614035088,0.165625,0.15933816337080503
pmtnet,pr,0.9298245614035088,0.16588419405320814,0.15933816337080503
pmtnet,pr,0.9298245614035088,0.16614420062695925,0.15933816337080503
pmtnet,pr,0.9298245614035088,0.16666666666666666,0.15933816337080503
pmtnet,pr,0.9298245614035088,0.16692913385826771,0.15933816337080503
pmtnet,pr,0.9298245614035088,0.1674565560821485,0.15933816337080503
pmtnet,pr,0.9210526315789473,0.1661392405063291,0.15933816337080503
pmtnet,pr,0.9122807017543859,0.16507936507936508,0.15933816337080503
pmtnet,pr,0.9122807017543859,0.16586921850079744,0.15933816337080503
pmtnet,pr,0.9122807017543859,0.16613418530351437,0.15933816337080503
pmtnet,pr,0.9035087719298246,0.1648,0.15933816337080503
pmtnet,pr,0.9035087719298246,0.16506410256410256,0.15933816337080503
pmtnet,pr,0.8947368421052632,0.1639871382636656,0.15933816337080503
pmtnet,pr,0.8947368421052632,0.1642512077294686,0.15933816337080503
pmtnet,pr,0.8947368421052632,0.16451612903225807,0.15933816337080503
pmtnet,pr,0.8947368421052632,0.1650485436893204,0.15933816337080503
pmtnet,pr,0.8947368421052632,0.16531604538087522,0.15933816337080503
pmtnet,pr,0.8859649122807017,0.16422764227642275,0.15933816337080503
pmtnet,pr,0.8859649122807017,0.1650326797385621,0.15933816337080503
pmtnet,pr,0.8771929824561403,0.16366612111292964,0.15933816337080503
pmtnet,pr,0.8771929824561403,0.16393442622950818,0.15933816337080503
pmtnet,pr,0.8771929824561403,0.16420361247947454,0.15933816337080503
pmtnet,pr,0.8771929824561403,0.16447368421052633,0.15933816337080503
pmtnet,pr,0.868421052631579,0.16336633663366337,0.15933816337080503
pmtnet,pr,0.8596491228070176,0.16225165562913907,0.15933816337080503
pmtnet,pr,0.8596491228070176,0.1625207296849088,0.15933816337080503
pmtnet,pr,0.8596491228070176,0.16279069767441862,0.15933816337080503
pmtnet,pr,0.8508771929824561,0.16166666666666665,0.15933816337080503
pmtnet,pr,0.8508771929824561,0.16193656093489148,0.15933816337080503
pmtnet,pr,0.8508771929824561,0.16220735785953178,0.15933816337080503
pmtnet,pr,0.8508771929824561,0.1624790619765494,0.15933816337080503
pmtnet,pr,0.8508771929824561,0.16275167785234898,0.15933816337080503
pmtnet,pr,0.8508771929824561,0.163575042158516,0.15933816337080503
pmtnet,pr,0.8508771929824561,0.16385135135135134,0.15933816337080503
pmtnet,pr,0.8508771929824561,0.16440677966101694,0.15933816337080503
pmtnet,pr,0.8421052631578947,0.16326530612244897,0.15933816337080503
pmtnet,pr,0.8421052631578947,0.1641025641025641,0.15933816337080503
pmtnet,pr,0.8421052631578947,0.1643835616438356,0.15933816337080503
pmtnet,pr,0.8421052631578947,0.1646655231560892,0.15933816337080503
pmtnet,pr,0.8421052631578947,0.16494845360824742,0.15933816337080503
pmtnet,pr,0.8421052631578947,0.16523235800344235,0.15933816337080503
pmtnet,pr,0.8421052631578947,0.16608996539792387,0.15933816337080503
pmtnet,pr,0.8421052631578947,0.1663778162911612,0.15933816337080503
pmtnet,pr,0.8421052631578947,0.16666666666666666,0.15933816337080503
pmtnet,pr,0.8421052631578947,0.1672473867595819,0.15933816337080503
pmtnet,pr,0.8421052631578947,0.16753926701570682,0.15933816337080503
pmtnet,pr,0.8421052631578947,0.16783216783216784,0.15933816337080503
pmtnet,pr,0.8421052631578947,0.1681260945709282,0.15933816337080503
pmtnet,pr,0.8421052631578947,0.1687170474516696,0.15933816337080503
pmtnet,pr,0.8421052631578947,0.16901408450704225,0.15933816337080503
pmtnet,pr,0.8421052631578947,0.1693121693121693,0.15933816337080503
pmtnet,pr,0.8421052631578947,0.16991150442477876,0.15933816337080503
pmtnet,pr,0.8421052631578947,0.1702127659574468,0.15933816337080503
pmtnet,pr,0.8421052631578947,0.1708185053380783,0.15933816337080503
pmtnet,pr,0.8421052631578947,0.17142857142857143,0.15933816337080503
pmtnet,pr,0.8421052631578947,0.17266187050359713,0.15933816337080503
pmtnet,pr,0.8333333333333334,0.17148014440433212,0.15933816337080503
pmtnet,pr,0.8333333333333334,0.1717902350813743,0.15933816337080503
pmtnet,pr,0.8333333333333334,0.1721014492753623,0.15933816337080503
pmtnet,pr,0.8333333333333334,0.1724137931034483,0.15933816337080503
pmtnet,pr,0.8333333333333334,0.17272727272727273,0.15933816337080503
pmtnet,pr,0.8333333333333334,0.17304189435336975,0.15933816337080503
pmtnet,pr,0.8333333333333334,0.17335766423357665,0.15933816337080503
pmtnet,pr,0.8333333333333334,0.1736745886654479,0.15933816337080503
pmtnet,pr,0.8333333333333334,0.1743119266055046,0.15933816337080503
pmtnet,pr,0.8333333333333334,0.17463235294117646,0.15933816337080503
pmtnet,pr,0.8245614035087719,0.17343173431734318,0.15933816337080503
pmtnet,pr,0.8245614035087719,0.17407407407407408,0.15933816337080503
pmtnet,pr,0.8245614035087719,0.17439703153988867,0.15933816337080503
pmtnet,pr,0.8245614035087719,0.17472118959107807,0.15933816337080503
pmtnet,pr,0.8245614035087719,0.1750465549348231,0.15933816337080503
pmtnet,pr,0.8245614035087719,0.17537313432835822,0.15933816337080503
pmtnet,pr,0.8245614035087719,0.17570093457943925,0.15933816337080503
pmtnet,pr,0.8245614035087719,0.1760299625468165,0.15933816337080503
pmtnet,pr,0.8245614035087719,0.17669172932330826,0.15933816337080503
pmtnet,pr,0.8245614035087719,0.17702448210922786,0.15933816337080503
pmtnet,pr,0.8245614035087719,0.17735849056603772,0.15933816337080503
pmtnet,pr,0.8245614035087719,0.1776937618147448,0.15933816337080503
pmtnet,pr,0.8157894736842105,0.17613636363636365,0.15933816337080503
pmtnet,pr,0.8157894736842105,0.17647058823529413,0.15933816337080503
pmtnet,pr,0.8070175438596491,0.17523809523809525,0.15933816337080503
pmtnet,pr,0.8070175438596491,0.17624521072796934,0.15933816337080503
pmtnet,pr,0.8070175438596491,0.1765834932821497,0.15933816337080503
pmtnet,pr,0.7982456140350878,0.175,0.15933816337080503
pmtnet,pr,0.7894736842105263,0.17408123791102514,0.15933816337080503
pmtnet,pr,0.7807017543859649,0.17348927875243664,0.15933816337080503
pmtnet,pr,0.7807017543859649,0.173828125,0.15933816337080503
pmtnet,pr,0.7807017543859649,0.17416829745596868,0.15933816337080503
pmtnet,pr,0.7719298245614035,0.17254901960784313,0.15933816337080503
pmtnet,pr,0.7719298245614035,0.17288801571709234,0.15933816337080503
pmtnet,pr,0.7719298245614035,0.1732283464566929,0.15933816337080503
pmtnet,pr,0.7631578947368421,0.17159763313609466,0.15933816337080503
pmtnet,pr,0.7543859649122807,0.1709741550695825,0.15933816337080503
pmtnet,pr,0.7456140350877193,0.1693227091633466,0.15933816337080503
pmtnet,pr,0.7368421052631579,0.16766467065868262,0.15933816337080503
pmtnet,pr,0.7368421052631579,0.168,0.15933816337080503
pmtnet,pr,0.7368421052631579,0.1683366733466934,0.15933816337080503
pmtnet,pr,0.7368421052631579,0.1686746987951807,0.15933816337080503
pmtnet,pr,0.7280701754385965,0.16733870967741934,0.15933816337080503
pmtnet,pr,0.7280701754385965,0.16767676767676767,0.15933816337080503
pmtnet,pr,0.7280701754385965,0.1680161943319838,0.15933816337080503
pmtnet,pr,0.7192982456140351,0.1670061099796334,0.15933816337080503
pmtnet,pr,0.7192982456140351,0.1673469387755102,0.15933816337080503
pmtnet,pr,0.7192982456140351,0.16768916155419222,0.15933816337080503
pmtnet,pr,0.7192982456140351,0.1680327868852459,0.15933816337080503
pmtnet,pr,0.7192982456140351,0.16837782340862423,0.15933816337080503
pmtnet,pr,0.7192982456140351,0.16872427983539096,0.15933816337080503
pmtnet,pr,0.7192982456140351,0.16942148760330578,0.15933816337080503
pmtnet,pr,0.7192982456140351,0.16977225672877846,0.15933816337080503
pmtnet,pr,0.7192982456140351,0.17012448132780084,0.15933816337080503
pmtnet,pr,0.7192982456140351,0.1704781704781705,0.15933816337080503
pmtnet,pr,0.7192982456140351,0.17083333333333334,0.15933816337080503
pmtnet,pr,0.7192982456140351,0.17118997912317327,0.15933816337080503
pmtnet,pr,0.7192982456140351,0.17154811715481172,0.15933816337080503
pmtnet,pr,0.7105263157894737,0.17016806722689076,0.15933816337080503
pmtnet,pr,0.6929824561403509,0.16701902748414377,0.15933816337080503
pmtnet,pr,0.6929824561403509,0.1673728813559322,0.15933816337080503
pmtnet,pr,0.6929824561403509,0.16772823779193205,0.15933816337080503
pmtnet,pr,0.6929824561403509,0.16916488222698073,0.15933816337080503
pmtnet,pr,0.6929824561403509,0.16952789699570817,0.15933816337080503
pmtnet,pr,0.6842105263157895,0.16774193548387098,0.15933816337080503
pmtnet,pr,0.6842105263157895,0.16810344827586207,0.15933816337080503
pmtnet,pr,0.6842105263157895,0.16846652267818574,0.15933816337080503
pmtnet,pr,0.6754385964912281,0.16666666666666666,0.15933816337080503
pmtnet,pr,0.6754385964912281,0.16812227074235808,0.15933816337080503
pmtnet,pr,0.6754385964912281,0.16849015317286653,0.15933816337080503
pmtnet,pr,0.6754385964912281,0.16923076923076924,0.15933816337080503
pmtnet,pr,0.6754385964912281,0.1696035242290749,0.15933816337080503
pmtnet,pr,0.6754385964912281,0.16997792494481237,0.15933816337080503
pmtnet,pr,0.6754385964912281,0.17035398230088494,0.15933816337080503
pmtnet,pr,0.6754385964912281,0.1714922048997773,0.15933816337080503
pmtnet,pr,0.6666666666666666,0.17002237136465326,0.15933816337080503
pmtnet,pr,0.6578947368421053,0.1681614349775785,0.15933816337080503
pmtnet,pr,0.6578947368421053,0.16853932584269662,0.15933816337080503
pmtnet,pr,0.6491228070175439,0.1670428893905192,0.15933816337080503
pmtnet,pr,0.6491228070175439,0.167420814479638,0.15933816337080503
pmtnet,pr,0.6403508771929824,0.1655328798185941,0.15933816337080503
pmtnet,pr,0.6403508771929824,0.16590909090909092,0.15933816337080503
pmtnet,pr,0.6403508771929824,0.1662870159453303,0.15933816337080503
pmtnet,pr,0.631578947368421,0.16475972540045766,0.15933816337080503
pmtnet,pr,0.631578947368421,0.16551724137931034,0.15933816337080503
pmtnet,pr,0.631578947368421,0.16589861751152074,0.15933816337080503
pmtnet,pr,0.631578947368421,0.16628175519630484,0.15933816337080503
pmtnet,pr,0.631578947368421,0.16783216783216784,0.15933816337080503
pmtnet,pr,0.631578947368421,0.16822429906542055,0.15933816337080503
pmtnet,pr,0.631578947368421,0.1686182669789227,0.15933816337080503
pmtnet,pr,0.631578947368421,0.16941176470588235,0.15933816337080503
pmtnet,pr,0.6228070175438597,0.16745283018867924,0.15933816337080503
pmtnet,pr,0.6228070175438597,0.16824644549763032,0.15933816337080503
pmtnet,pr,0.6140350877192983,0.166270783847981,0.15933816337080503
pmtnet,pr,0.6140350877192983,0.16666666666666666,0.15933816337080503
pmtnet,pr,0.6140350877192983,0.16706443914081145,0.15933816337080503
pmtnet,pr,0.6140350877192983,0.1674641148325359,0.15933816337080503
pmtnet,pr,0.6140350877192983,0.16786570743405277,0.15933816337080503
pmtnet,pr,0.6140350877192983,0.16826923076923078,0.15933816337080503
pmtnet,pr,0.6052631578947368,0.16666666666666666,0.15933816337080503
pmtnet,pr,0.5964912280701754,0.1654501216545012,0.15933816337080503
pmtnet,pr,0.5964912280701754,0.16585365853658537,0.15933816337080503
pmtnet,pr,0.5964912280701754,0.16625916870415647,0.15933816337080503
pmtnet,pr,0.5964912280701754,0.16666666666666666,0.15933816337080503
pmtnet,pr,0.5964912280701754,0.16707616707616707,0.15933816337080503
pmtnet,pr,0.5964912280701754,0.16748768472906403,0.15933816337080503
pmtnet,pr,0.5877192982456141,0.16584158415841585,0.15933816337080503
pmtnet,pr,0.5877192982456141,0.1675,0.15933816337080503
pmtnet,pr,0.5789473684210527,0.16541353383458646,0.15933816337080503
pmtnet,pr,0.5789473684210527,0.1658291457286432,0.15933816337080503
pmtnet,pr,0.5789473684210527,0.16624685138539042,0.15933816337080503
pmtnet,pr,0.5789473684210527,0.16666666666666666,0.15933816337080503
pmtnet,pr,0.5789473684210527,0.16751269035532995,0.15933816337080503
pmtnet,pr,0.5789473684210527,0.16793893129770993,0.15933816337080503
pmtnet,pr,0.5789473684210527,0.1683673469387755,0.15933816337080503
pmtnet,pr,0.5701754385964912,0.16666666666666666,0.15933816337080503
pmtnet,pr,0.5701754385964912,0.16709511568123395,0.15933816337080503
pmtnet,pr,0.5701754385964912,0.16752577319587628,0.15933816337080503
pmtnet,pr,0.5701754385964912,0.16839378238341968,0.15933816337080503
pmtnet,pr,0.5701754385964912,0.16927083333333334,0.15933816337080503
pmtnet,pr,0.5614035087719298,0.1671018276762402,0.15933816337080503
pmtnet,pr,0.5614035087719298,0.16753926701570682,0.15933816337080503
pmtnet,pr,0.5614035087719298,0.1679790026246719,0.15933816337080503
pmtnet,pr,0.5526315789473685,0.16578947368421051,0.15933816337080503
pmtnet,pr,0.5526315789473685,0.1662269129287599,0.15933816337080503
pmtnet,pr,0.5526315789473685,0.16666666666666666,0.15933816337080503
pmtnet,pr,0.5526315789473685,0.16710875331564987,0.15933816337080503
pmtnet,pr,0.543859649122807,0.16489361702127658,0.15933816337080503
pmtnet,pr,0.543859649122807,0.16533333333333333,0.15933816337080503
pmtnet,pr,0.543859649122807,0.1657754010695187,0.15933816337080503
pmtnet,pr,0.543859649122807,0.16666666666666666,0.15933816337080503
pmtnet,pr,0.543859649122807,0.16711590296495957,0.15933816337080503
pmtnet,pr,0.543859649122807,0.16756756756756758,0.15933816337080503
pmtnet,pr,0.543859649122807,0.16802168021680217,0.15933816337080503
pmtnet,pr,0.543859649122807,0.16847826086956522,0.15933816337080503
pmtnet,pr,0.5350877192982456,0.16621253405994552,0.15933816337080503
pmtnet,pr,0.5263157894736842,0.16393442622950818,0.15933816337080503
pmtnet,pr,0.5175438596491229,0.16164383561643836,0.15933816337080503
pmtnet,pr,0.5175438596491229,0.162534435261708,0.15933816337080503
pmtnet,pr,0.5087719298245614,0.16022099447513813,0.15933816337080503
pmtnet,pr,0.5,0.15789473684210525,0.15933816337080503
pmtnet,pr,0.5,0.15833333333333333,0.15933816337080503
pmtnet,pr,0.5,0.15921787709497207,0.15933816337080503
pmtnet,pr,0.5,0.15966386554621848,0.15933816337080503
pmtnet,pr,0.5,0.1601123595505618,0.15933816337080503
pmtnet,pr,0.5,0.16101694915254236,0.15933816337080503
pmtnet,pr,0.4824561403508772,0.15625,0.15933816337080503
pmtnet,pr,0.4824561403508772,0.15714285714285714,0.15933816337080503
pmtnet,pr,0.4824561403508772,0.15759312320916904,0.15933816337080503
pmtnet,pr,0.4824561403508772,0.15804597701149425,0.15933816337080503
pmtnet,pr,0.4824561403508772,0.1585014409221902,0.15933816337080503
pmtnet,pr,0.4824561403508772,0.15895953757225434,0.15933816337080503
pmtnet,pr,0.4824561403508772,0.15942028985507245,0.15933816337080503
pmtnet,pr,0.47368421052631576,0.15743440233236153,0.15933816337080503
pmtnet,pr,0.47368421052631576,0.15789473684210525,0.15933816337080503
pmtnet,pr,0.47368421052631576,0.15835777126099707,0.15933816337080503
pmtnet,pr,0.4649122807017544,0.15588235294117647,0.15933816337080503
pmtnet,pr,0.4649122807017544,0.15680473372781065,0.15933816337080503
pmtnet,pr,0.45614035087719296,0.1543026706231454,0.15933816337080503
pmtnet,pr,0.45614035087719296,0.15476190476190477,0.15933816337080503
pmtnet,pr,0.45614035087719296,0.15522388059701492,0.15933816337080503
pmtnet,pr,0.45614035087719296,0.15568862275449102,0.15933816337080503
pmtnet,pr,0.4473684210526316,0.15315315315315314,0.15933816337080503
pmtnet,pr,0.4473684210526316,0.1540785498489426,0.15933816337080503
pmtnet,pr,0.43859649122807015,0.1519756838905775,0.15933816337080503
pmtnet,pr,0.43859649122807015,0.1524390243902439,0.15933816337080503
pmtnet,pr,0.43859649122807015,0.15337423312883436,0.15933816337080503
pmtnet,pr,0.43859649122807015,0.15384615384615385,0.15933816337080503
pmtnet,pr,0.43859649122807015,0.15432098765432098,0.15933816337080503
pmtnet,pr,0.43859649122807015,0.15479876160990713,0.15933816337080503
pmtnet,pr,0.43859649122807015,0.1557632398753894,0.15933816337080503
pmtnet,pr,0.43859649122807015,0.15625,0.15933816337080503
pmtnet,pr,0.4298245614035088,0.15457413249211358,0.15933816337080503
pmtnet,pr,0.4298245614035088,0.1550632911392405,0.15933816337080503
pmtnet,pr,0.4298245614035088,0.15555555555555556,0.15933816337080503
pmtnet,pr,0.42105263157894735,0.15286624203821655,0.15933816337080503
pmtnet,pr,0.42105263157894735,0.15335463258785942,0.15933816337080503
pmtnet,pr,0.42105263157894735,0.15384615384615385,0.15933816337080503
pmtnet,pr,0.42105263157894735,0.15434083601286175,0.15933816337080503
pmtnet,pr,0.42105263157894735,0.1553398058252427,0.15933816337080503
pmtnet,pr,0.42105263157894735,0.15584415584415584,0.15933816337080503
pmtnet,pr,0.42105263157894735,0.1563517915309446,0.15933816337080503
pmtnet,pr,0.41228070175438597,0.15359477124183007,0.15933816337080503
pmtnet,pr,0.41228070175438597,0.1540983606557377,0.15933816337080503
pmtnet,pr,0.41228070175438597,0.15614617940199335,0.15933816337080503
pmtnet,pr,0.40350877192982454,0.15384615384615385,0.15933816337080503
pmtnet,pr,0.40350877192982454,0.15436241610738255,0.15933816337080503
pmtnet,pr,0.40350877192982454,0.15488215488215487,0.15933816337080503
pmtnet,pr,0.40350877192982454,0.1554054054054054,0.15933816337080503
pmtnet,pr,0.40350877192982454,0.15593220338983052,0.15933816337080503
pmtnet,pr,0.40350877192982454,0.1564625850340136,0.15933816337080503
pmtnet,pr,0.40350877192982454,0.15699658703071673,0.15933816337080503
pmtnet,pr,0.40350877192982454,0.15753424657534246,0.15933816337080503
pmtnet,pr,0.40350877192982454,0.15807560137457044,0.15933816337080503
pmtnet,pr,0.40350877192982454,0.15916955017301038,0.15933816337080503
pmtnet,pr,0.40350877192982454,0.1597222222222222,0.15933816337080503
pmtnet,pr,0.39473684210526316,0.15734265734265734,0.15933816337080503
pmtnet,pr,0.39473684210526316,0.15789473684210525,0.15933816337080503
pmtnet,pr,0.39473684210526316,0.15845070422535212,0.15933816337080503
pmtnet,pr,0.39473684210526316,0.15901060070671377,0.15933816337080503
pmtnet,pr,0.39473684210526316,0.1595744680851064,0.15933816337080503
pmtnet,pr,0.39473684210526316,0.1601423487544484,0.15933816337080503
pmtnet,pr,0.39473684210526316,0.16129032258064516,0.15933816337080503
pmtnet,pr,0.39473684210526316,0.16363636363636364,0.15933816337080503
pmtnet,pr,0.39473684210526316,0.16423357664233576,0.15933816337080503
pmtnet,pr,0.39473684210526316,0.16483516483516483,0.15933816337080503
pmtnet,pr,0.39473684210526316,0.16544117647058823,0.15933816337080503
pmtnet,pr,0.39473684210526316,0.16605166051660517,0.15933816337080503
pmtnet,pr,0.39473684210526316,0.16728624535315986,0.15933816337080503
pmtnet,pr,0.39473684210526316,0.16853932584269662,0.15933816337080503
pmtnet,pr,0.39473684210526316,0.16917293233082706,0.15933816337080503
pmtnet,pr,0.39473684210526316,0.16981132075471697,0.15933816337080503
pmtnet,pr,0.39473684210526316,0.17045454545454544,0.15933816337080503
pmtnet,pr,0.38596491228070173,0.16730038022813687,0.15933816337080503
pmtnet,pr,0.38596491228070173,0.16793893129770993,0.15933816337080503
pmtnet,pr,0.38596491228070173,0.16923076923076924,0.15933816337080503
pmtnet,pr,0.37719298245614036,0.16602316602316602,0.15933816337080503
pmtnet,pr,0.37719298245614036,0.16731517509727625,0.15933816337080503
pmtnet,pr,0.37719298245614036,0.16796875,0.15933816337080503
pmtnet,pr,0.35964912280701755,0.16141732283464566,0.15933816337080503
pmtnet,pr,0.35964912280701755,0.16205533596837945,0.15933816337080503
pmtnet,pr,0.3508771929824561,0.15873015873015872,0.15933816337080503
pmtnet,pr,0.3508771929824561,0.1593625498007968,0.15933816337080503
pmtnet,pr,0.3508771929824561,0.16,0.15933816337080503
pmtnet,pr,0.3508771929824561,0.1606425702811245,0.15933816337080503
pmtnet,pr,0.34210526315789475,0.15789473684210525,0.15933816337080503
pmtnet,pr,0.34210526315789475,0.15853658536585366,0.15933816337080503
pmtnet,pr,0.34210526315789475,0.15918367346938775,0.15933816337080503
pmtnet,pr,0.34210526315789475,0.1598360655737705,0.15933816337080503
pmtnet,pr,0.34210526315789475,0.16049382716049382,0.15933816337080503
pmtnet,pr,0.3333333333333333,0.15767634854771784,0.15933816337080503
pmtnet,pr,0.3333333333333333,0.1589958158995816,0.15933816337080503
pmtnet,pr,0.32456140350877194,0.15546218487394958,0.15933816337080503
pmtnet,pr,0.32456140350877194,0.15611814345991562,0.15933816337080503
pmtnet,pr,0.32456140350877194,0.15677966101694915,0.15933816337080503
pmtnet,pr,0.3157894736842105,0.15450643776824036,0.15933816337080503
pmtnet,pr,0.3157894736842105,0.15517241379310345,0.15933816337080503
pmtnet,pr,0.30701754385964913,0.15217391304347827,0.15933816337080503
pmtnet,pr,0.30701754385964913,0.15283842794759825,0.15933816337080503
pmtnet,pr,0.30701754385964913,0.15350877192982457,0.15933816337080503
pmtnet,pr,0.30701754385964913,0.15418502202643172,0.15933816337080503
pmtnet,pr,0.30701754385964913,0.15486725663716813,0.15933816337080503
pmtnet,pr,0.2982456140350877,0.1511111111111111,0.15933816337080503
pmtnet,pr,0.2982456140350877,0.15178571428571427,0.15933816337080503
pmtnet,pr,0.2894736842105263,0.14798206278026907,0.15933816337080503
pmtnet,pr,0.2894736842105263,0.14864864864864866,0.15933816337080503
pmtnet,pr,0.2894736842105263,0.1493212669683258,0.15933816337080503
pmtnet,pr,0.2719298245614035,0.14220183486238533,0.15933816337080503
pmtnet,pr,0.2719298245614035,0.14351851851851852,0.15933816337080503
pmtnet,pr,0.2719298245614035,0.14418604651162792,0.15933816337080503
pmtnet,pr,0.2719298245614035,0.14485981308411214,0.15933816337080503
pmtnet,pr,0.2719298245614035,0.14622641509433962,0.15933816337080503
pmtnet,pr,0.2719298245614035,0.14691943127962084,0.15933816337080503
pmtnet,pr,0.2719298245614035,0.14761904761904762,0.15933816337080503
pmtnet,pr,0.2719298245614035,0.14832535885167464,0.15933816337080503
pmtnet,pr,0.2631578947368421,0.14423076923076922,0.15933816337080503
pmtnet,pr,0.2631578947368421,0.14563106796116504,0.15933816337080503
pmtnet,pr,0.2631578947368421,0.14634146341463414,0.15933816337080503
pmtnet,pr,0.2631578947368421,0.14705882352941177,0.15933816337080503
pmtnet,pr,0.2631578947368421,0.1477832512315271,0.15933816337080503
pmtnet,pr,0.2543859649122807,0.14356435643564355,0.15933816337080503
pmtnet,pr,0.2543859649122807,0.14427860696517414,0.15933816337080503
pmtnet,pr,0.2543859649122807,0.145,0.15933816337080503
pmtnet,pr,0.2543859649122807,0.14646464646464646,0.15933816337080503
pmtnet,pr,0.24561403508771928,0.14213197969543148,0.15933816337080503
pmtnet,pr,0.24561403508771928,0.14358974358974358,0.15933816337080503
pmtnet,pr,0.24561403508771928,0.14432989690721648,0.15933816337080503
pmtnet,pr,0.24561403508771928,0.14583333333333334,0.15933816337080503
pmtnet,pr,0.23684210526315788,0.14285714285714285,0.15933816337080503
pmtnet,pr,0.23684210526315788,0.14361702127659576,0.15933816337080503
pmtnet,pr,0.23684210526315788,0.14516129032258066,0.15933816337080503
pmtnet,pr,0.23684210526315788,0.14594594594594595,0.15933816337080503
pmtnet,pr,0.22807017543859648,0.14207650273224043,0.15933816337080503
pmtnet,pr,0.22807017543859648,0.14285714285714285,0.15933816337080503
pmtnet,pr,0.22807017543859648,0.143646408839779,0.15933816337080503
pmtnet,pr,0.22807017543859648,0.14444444444444443,0.15933816337080503
pmtnet,pr,0.22807017543859648,0.14689265536723164,0.15933816337080503
pmtnet,pr,0.22807017543859648,0.14857142857142858,0.15933816337080503
pmtnet,pr,0.22807017543859648,0.14942528735632185,0.15933816337080503
pmtnet,pr,0.22807017543859648,0.15028901734104047,0.15933816337080503
pmtnet,pr,0.22807017543859648,0.1511627906976744,0.15933816337080503
pmtnet,pr,0.22807017543859648,0.15204678362573099,0.15933816337080503
pmtnet,pr,0.22807017543859648,0.15294117647058825,0.15933816337080503
pmtnet,pr,0.22807017543859648,0.15476190476190477,0.15933816337080503
pmtnet,pr,0.21929824561403508,0.15151515151515152,0.15933816337080503
pmtnet,pr,0.21929824561403508,0.1524390243902439,0.15933816337080503
pmtnet,pr,0.21929824561403508,0.15432098765432098,0.15933816337080503
pmtnet,pr,0.21929824561403508,0.15527950310559005,0.15933816337080503
pmtnet,pr,0.21929824561403508,0.15625,0.15933816337080503
pmtnet,pr,0.21929824561403508,0.15723270440251572,0.15933816337080503
pmtnet,pr,0.21929824561403508,0.15822784810126583,0.15933816337080503
pmtnet,pr,0.21929824561403508,0.1592356687898089,0.15933816337080503
pmtnet,pr,0.21929824561403508,0.16025641025641027,0.15933816337080503
pmtnet,pr,0.21052631578947367,0.1568627450980392,0.15933816337080503
pmtnet,pr,0.21052631578947367,0.15789473684210525,0.15933816337080503
pmtnet,pr,0.20175438596491227,0.152317880794702,0.15933816337080503
pmtnet,pr,0.20175438596491227,0.1554054054054054,0.15933816337080503
pmtnet,pr,0.20175438596491227,0.1564625850340136,0.15933816337080503
pmtnet,pr,0.19298245614035087,0.15172413793103448,0.15933816337080503
pmtnet,pr,0.19298245614035087,0.1527777777777778,0.15933816337080503
pmtnet,pr,0.19298245614035087,0.15384615384615385,0.15933816337080503
pmtnet,pr,0.19298245614035087,0.15714285714285714,0.15933816337080503
pmtnet,pr,0.19298245614035087,0.15827338129496402,0.15933816337080503
pmtnet,pr,0.19298245614035087,0.15942028985507245,0.15933816337080503
pmtnet,pr,0.19298245614035087,0.16058394160583941,0.15933816337080503
pmtnet,pr,0.18421052631578946,0.15441176470588236,0.15933816337080503
pmtnet,pr,0.18421052631578946,0.15555555555555556,0.15933816337080503
pmtnet,pr,0.17543859649122806,0.14925373134328357,0.15933816337080503
pmtnet,pr,0.17543859649122806,0.15037593984962405,0.15933816337080503
pmtnet,pr,0.17543859649122806,0.15384615384615385,0.15933816337080503
pmtnet,pr,0.17543859649122806,0.15503875968992248,0.15933816337080503
pmtnet,pr,0.16666666666666666,0.14960629921259844,0.15933816337080503
pmtnet,pr,0.16666666666666666,0.152,0.15933816337080503
pmtnet,pr,0.16666666666666666,0.1532258064516129,0.15933816337080503
pmtnet,pr,0.16666666666666666,0.1557377049180328,0.15933816337080503
pmtnet,pr,0.16666666666666666,0.15702479338842976,0.15933816337080503
pmtnet,pr,0.15789473684210525,0.15254237288135594,0.15933816337080503
pmtnet,pr,0.15789473684210525,0.15384615384615385,0.15933816337080503
pmtnet,pr,0.15789473684210525,0.1565217391304348,0.15933816337080503
pmtnet,pr,0.15789473684210525,0.15789473684210525,0.15933816337080503
pmtnet,pr,0.14912280701754385,0.1504424778761062,0.15933816337080503
pmtnet,pr,0.14035087719298245,0.14285714285714285,0.15933816337080503
pmtnet,pr,0.14035087719298245,0.14678899082568808,0.15933816337080503
pmtnet,pr,0.14035087719298245,0.14814814814814814,0.15933816337080503
pmtnet,pr,0.14035087719298245,0.1509433962264151,0.15933816337080503
pmtnet,pr,0.14035087719298245,0.15384615384615385,0.15933816337080503
pmtnet,pr,0.14035087719298245,0.1553398058252427,0.15933816337080503
pmtnet,pr,0.14035087719298245,0.1568627450980392,0.15933816337080503
pmtnet,pr,0.14035087719298245,0.15841584158415842,0.15933816337080503
pmtnet,pr,0.14035087719298245,0.16,0.15933816337080503
pmtnet,pr,0.13157894736842105,0.15463917525773196,0.15933816337080503
pmtnet,pr,0.12280701754385964,0.14736842105263157,0.15933816337080503
pmtnet,pr,0.11403508771929824,0.14285714285714285,0.15933816337080503
pmtnet,pr,0.11403508771929824,0.14606741573033707,0.15933816337080503
pmtnet,pr,0.10526315789473684,0.13793103448275862,0.15933816337080503
pmtnet,pr,0.10526315789473684,0.1411764705882353,0.15933816337080503
pmtnet,pr,0.10526315789473684,0.14285714285714285,0.15933816337080503
pmtnet,pr,0.10526315789473684,0.14457831325301204,0.15933816337080503
pmtnet,pr,0.10526315789473684,0.14814814814814814,0.15933816337080503
pmtnet,pr,0.10526315789473684,0.1518987341772152,0.15933816337080503
pmtnet,pr,0.10526315789473684,0.15384615384615385,0.15933816337080503
pmtnet,pr,0.09649122807017543,0.14473684210526316,0.15933816337080503
pmtnet,pr,0.09649122807017543,0.14666666666666667,0.15933816337080503
pmtnet,pr,0.08771929824561403,0.13513513513513514,0.15933816337080503
pmtnet,pr,0.08771929824561403,0.136986301369863,0.15933816337080503
pmtnet,pr,0.08771929824561403,0.1388888888888889,0.15933816337080503
pmtnet,pr,0.08771929824561403,0.14084507042253522,0.15933816337080503
pmtnet,pr,0.08771929824561403,0.14705882352941177,0.15933816337080503
pmtnet,pr,0.08771929824561403,0.14925373134328357,0.15933816337080503
pmtnet,pr,0.08771929824561403,0.15151515151515152,0.15933816337080503
pmtnet,pr,0.07894736842105263,0.140625,0.15933816337080503
pmtnet,pr,0.07894736842105263,0.14285714285714285,0.15933816337080503
pmtnet,pr,0.07017543859649122,0.13114754098360656,0.15933816337080503
pmtnet,pr,0.07017543859649122,0.13333333333333333,0.15933816337080503
pmtnet,pr,0.07017543859649122,0.13559322033898305,0.15933816337080503
pmtnet,pr,0.07017543859649122,0.14035087719298245,0.15933816337080503
pmtnet,pr,0.07017543859649122,0.14285714285714285,0.15933816337080503
pmtnet,pr,0.07017543859649122,0.14545454545454545,0.15933816337080503
pmtnet,pr,0.07017543859649122,0.1509433962264151,0.15933816337080503
pmtnet,pr,0.07017543859649122,0.15384615384615385,0.15933816337080503
pmtnet,pr,0.07017543859649122,0.16,0.15933816337080503
pmtnet,pr,0.06140350877192982,0.14285714285714285,0.15933816337080503
pmtnet,pr,0.06140350877192982,0.14893617021276595,0.15933816337080503
pmtnet,pr,0.06140350877192982,0.15217391304347827,0.15933816337080503
pmtnet,pr,0.06140350877192982,0.15555555555555556,0.15933816337080503
pmtnet,pr,0.06140350877192982,0.1590909090909091,0.15933816337080503
pmtnet,pr,0.05263157894736842,0.13953488372093023,0.15933816337080503
pmtnet,pr,0.05263157894736842,0.14634146341463414,0.15933816337080503
pmtnet,pr,0.043859649122807015,0.125,0.15933816337080503
pmtnet,pr,0.043859649122807015,0.1282051282051282,0.15933816337080503
pmtnet,pr,0.03508771929824561,0.10526315789473684,0.15933816337080503
pmtnet,pr,0.03508771929824561,0.10810810810810811,0.15933816337080503
pmtnet,pr,0.03508771929824561,0.1111111111111111,0.15933816337080503
pmtnet,pr,0.02631578947368421,0.08571428571428572,0.15933816337080503
pmtnet,pr,0.02631578947368421,0.08823529411764706,0.15933816337080503
pmtnet,pr,0.02631578947368421,0.09090909090909091,0.15933816337080503
pmtnet,pr,0.02631578947368421,0.09375,0.15933816337080503
pmtnet,pr,0.02631578947368421,0.0967741935483871,0.15933816337080503
pmtnet,pr,0.02631578947368421,0.1,0.15933816337080503
pmtnet,pr,0.02631578947368421,0.10344827586206896,0.15933816337080503
pmtnet,pr,0.02631578947368421,0.10714285714285714,0.15933816337080503
pmtnet,pr,0.02631578947368421,0.1111111111111111,0.15933816337080503
pmtnet,pr,0.017543859649122806,0.07692307692307693,0.15933816337080503
pmtnet,pr,0.008771929824561403,0.041666666666666664,0.15933816337080503
pmtnet,pr,0.008771929824561403,0.043478260869565216,0.15933816337080503
pmtnet,pr,0.0,0.0,0.15933816337080503
pmtnet,pr,0.0,0.0,0.15933816337080503
pmtnet,pr,0.0,0.0,0.15933816337080503
pmtnet,pr,0.0,0.0,0.15933816337080503
pmtnet,pr,0.0,0.0,0.15933816337080503
pmtnet,pr,0.0,0.0,0.15933816337080503
pmtnet,pr,0.0,0.0,0.15933816337080503
pmtnet,pr,0.0,0.0,0.15933816337080503
pmtnet,pr,0.0,0.0,0.15933816337080503
pmtnet,pr,0.0,0.0,0.15933816337080503
pmtnet,pr,0.0,0.0,0.15933816337080503
pmtnet,pr,0.0,0.0,0.15933816337080503
pmtnet,pr,0.0,0.0,0.15933816337080503
pmtnet,pr,0.0,0.0,0.15933816337080503
pmtnet,pr,0.0,0.0,0.15933816337080503
pmtnet,pr,0.0,0.0,0.15933816337080503
pmtnet,pr,0.0,0.0,0.15933816337080503
pmtnet,pr,0.0,1.0,0.15933816337080503
stepmhc_beta,roc,0.0,0.0,0.669482917820868
stepmhc_beta,roc,0.0,0.008771929824561403,0.669482917820868
stepmhc_beta,roc,0.0035087719298245615,0.008771929824561403,0.669482917820868
stepmhc_beta,roc,0.0035087719298245615,0.017543859649122806,0.669482917820868
stepmhc_beta,roc,0.005263157894736842,0.017543859649122806,0.669482917820868
stepmhc_beta,roc,0.005263157894736842,0.02631578947368421,0.669482917820868
stepmhc_beta,roc,0.007017543859649123,0.02631578947368421,0.669482917820868
stepmhc_beta,roc,0.007017543859649123,0.05263157894736842,0.669482917820868
stepmhc_beta,roc,0.008771929824561403,0.05263157894736842,0.669482917820868
stepmhc_beta,roc,0.008771929824561403,0.07017543859649122,0.669482917820868
stepmhc_beta,roc,0.012280701754385965,0.07017543859649122,0.669482917820868
stepmhc_beta,roc,0.012280701754385965,0.07894736842105263,0.669482917820868
stepmhc_beta,roc,0.017543859649122806,0.07894736842105263,0.669482917820868
stepmhc_beta,roc,0.017543859649122806,0.08771929824561403,0.669482917820868
stepmhc_beta,roc,0.01929824561403509,0.08771929824561403,0.669482917820868
stepmhc_beta,roc,0.01929824561403509,0.09649122807017543,0.669482917820868
stepmhc_beta,roc,0.021052631578947368,0.09649122807017543,0.669482917820868
stepmhc_beta,roc,0.021052631578947368,0.10526315789473684,0.669482917820868
stepmhc_beta,roc,0.02456140350877193,0.10526315789473684,0.669482917820868
stepmhc_beta,roc,0.02456140350877193,0.11403508771929824,0.669482917820868
stepmhc_beta,roc,0.02631578947368421,0.11403508771929824,0.669482917820868
stepmhc_beta,roc,0.02631578947368421,0.13157894736842105,0.669482917820868
stepmhc_beta,roc,0.028070175438596492,0.13157894736842105,0.669482917820868
stepmhc_beta,roc,0.028070175438596492,0.14035087719298245,0.669482917820868
stepmhc_beta,roc,0.03508771929824561,0.14035087719298245,0.669482917820868
stepmhc_beta,roc,0.03508771929824561,0.14912280701754385,0.669482917820868
stepmhc_beta,roc,0.03859649122807018,0.14912280701754385,0.669482917820868
stepmhc_beta,roc,0.03859649122807018,0.15789473684210525,0.669482917820868
stepmhc_beta,roc,0.042105263157894736,0.15789473684210525,0.669482917820868
stepmhc_beta,roc,0.042105263157894736,0.17543859649122806,0.669482917820868
stepmhc_beta,roc,0.0456140350877193,0.17543859649122806,0.669482917820868
stepmhc_beta,roc,0.0456140350877193,0.19298245614035087,0.669482917820868
stepmhc_beta,roc,0.04736842105263158,0.19298245614035087,0.669482917820868
stepmhc_beta,roc,0.04736842105263158,0.20175438596491227,0.669482917820868
stepmhc_beta,roc,0.04912280701754386,0.20175438596491227,0.669482917820868
stepmhc_beta,roc,0.04912280701754386,0.21052631578947367,0.669482917820868
stepmhc_beta,roc,0.05263157894736842,0.21052631578947367,0.669482917820868
stepmhc_beta,roc,0.05263157894736842,0.21929824561403508,0.669482917820868
stepmhc_beta,roc,0.07368421052631578,0.21929824561403508,0.669482917820868
stepmhc_beta,roc,0.07368421052631578,0.22807017543859648,0.669482917820868
stepmhc_beta,roc,0.07894736842105263,0.22807017543859648,0.669482917820868
stepmhc_beta,roc,0.07894736842105263,0.23684210526315788,0.669482917820868
stepmhc_beta,roc,0.0824561403508772,0.23684210526315788,0.669482917820868
stepmhc_beta,roc,0.0824561403508772,0.24561403508771928,0.669482917820868
stepmhc_beta,roc,0.08421052631578947,0.24561403508771928,0.669482917820868
stepmhc_beta,roc,0.08421052631578947,0.2631578947368421,0.669482917820868
stepmhc_beta,roc,0.08596491228070176,0.2631578947368421,0.669482917820868
stepmhc_beta,roc,0.08596491228070176,0.2719298245614035,0.669482917820868
stepmhc_beta,roc,0.08771929824561403,0.2719298245614035,0.669482917820868
stepmhc_beta,roc,0.08771929824561403,0.2807017543859649,0.669482917820868
stepmhc_beta,roc,0.09649122807017543,0.2807017543859649,0.669482917820868
stepmhc_beta,roc,0.09649122807017543,0.2894736842105263,0.669482917820868
stepmhc_beta,roc,0.1,0.2894736842105263,0.669482917820868
stepmhc_beta,roc,0.1,0.2982456140350877,0.669482917820868
stepmhc_beta,roc,0.11754385964912281,0.2982456140350877,0.669482917820868
stepmhc_beta,roc,0.11754385964912281,0.30701754385964913,0.669482917820868
stepmhc_beta,roc,0.11929824561403508,0.30701754385964913,0.669482917820868
stepmhc_beta,roc,0.11929824561403508,0.3157894736842105,0.669482917820868
stepmhc_beta,roc,0.12982456140350876,0.3157894736842105,0.669482917820868
stepmhc_beta,roc,0.12982456140350876,0.32456140350877194,0.669482917820868
stepmhc_beta,roc,0.1368421052631579,0.32456140350877194,0.669482917820868
stepmhc_beta,roc,0.1368421052631579,0.3333333333333333,0.669482917820868
stepmhc_beta,roc,0.14385964912280702,0.3333333333333333,0.669482917820868
stepmhc_beta,roc,0.14385964912280702,0.34210526315789475,0.669482917820868
stepmhc_beta,roc,0.14736842105263157,0.34210526315789475,0.669482917820868
stepmhc_beta,roc,0.14736842105263157,0.3508771929824561,0.669482917820868
stepmhc_beta,roc,0.14912280701754385,0.3508771929824561,0.669482917820868
stepmhc_beta,roc,0.14912280701754385,0.35964912280701755,0.669482917820868
stepmhc_beta,roc,0.15263157894736842,0.35964912280701755,0.669482917820868
stepmhc_beta,roc,0.15263157894736842,0.3684210526315789,0.669482917820868
stepmhc_beta,roc,0.156140350877193,0.3684210526315789,0.669482917820868
stepmhc_beta,roc,0.156140350877193,0.37719298245614036,0.669482917820868
stepmhc_beta,roc,0.16140350877192983,0.37719298245614036,0.669482917820868
stepmhc_beta,roc,0.16140350877192983,0.38596491228070173,0.669482917820868
stepmhc_beta,roc,0.1649122807017544,0.38596491228070173,0.669482917820868
stepmhc_beta,roc,0.1649122807017544,0.39473684210526316,0.669482917820868
stepmhc_beta,roc,0.17719298245614035,0.39473684210526316,0.669482917820868
stepmhc_beta,roc,0.17719298245614035,0.40350877192982454,0.669482917820868
stepmhc_beta,roc,0.19824561403508772,0.40350877192982454,0.669482917820868
stepmhc_beta,roc,0.19824561403508772,0.4298245614035088,0.669482917820868
stepmhc_beta,roc,0.22105263157894736,0.4298245614035088,0.669482917820868
stepmhc_beta,roc,0.22105263157894736,0.43859649122807015,0.669482917820868
stepmhc_beta,roc,0.23157894736842105,0.43859649122807015,0.669482917820868
stepmhc_beta,roc,0.23157894736842105,0.45614035087719296,0.669482917820868
stepmhc_beta,roc,0.24210526315789474,0.45614035087719296,0.669482917820868
stepmhc_beta,roc,0.24210526315789474,0.47368421052631576,0.669482917820868
stepmhc_beta,roc,0.24736842105263157,0.47368421052631576,0.669482917820868
stepmhc_beta,roc,0.24736842105263157,0.49122807017543857,0.669482917820868
stepmhc_beta,roc,0.24912280701754386,0.49122807017543857,0.669482917820868
stepmhc_beta,roc,0.24912280701754386,0.5,0.669482917820868
stepmhc_beta,roc,0.256140350877193,0.5,0.669482917820868
stepmhc_beta,roc,0.256140350877193,0.5087719298245614,0.669482917820868
stepmhc_beta,roc,0.26842105263157895,0.5087719298245614,0.669482917820868
stepmhc_beta,roc,0.26842105263157895,0.5175438596491229,0.669482917820868
stepmhc_beta,roc,0.2789473684210526,0.5175438596491229,0.669482917820868
stepmhc_beta,roc,0.2789473684210526,0.5263157894736842,0.669482917820868
stepmhc_beta,roc,0.312280701754386,0.5263157894736842,0.669482917820868
stepmhc_beta,roc,0.312280701754386,0.5350877192982456,0.669482917820868
stepmhc_beta,roc,0.32105263157894737,0.5350877192982456,0.669482917820868
stepmhc_beta,roc,0.32105263157894737,0.5614035087719298,0.669482917820868
stepmhc_beta,roc,0.3385964912280702,0.5614035087719298,0.669482917820868
stepmhc_beta,roc,0.3385964912280702,0.5701754385964912,0.669482917820868
stepmhc_beta,roc,0.34385964912280703,0.5701754385964912,0.669482917820868
stepmhc_beta,roc,0.34385964912280703,0.5789473684210527,0.669482917820868
stepmhc_beta,roc,0.3631578947368421,0.5789473684210527,0.669482917820868
stepmhc_beta,roc,0.3631578947368421,0.5877192982456141,0.669482917820868
stepmhc_beta,roc,0.3701754385964912,0.5877192982456141,0.669482917820868
stepmhc_beta,roc,0.3701754385964912,0.5964912280701754,0.669482917820868
stepmhc_beta,roc,0.3736842105263158,0.5964912280701754,0.669482917820868
stepmhc_beta,roc,0.3736842105263158,0.6052631578947368,0.669482917820868
stepmhc_beta,roc,0.37894736842105264,0.6052631578947368,0.669482917820868
stepmhc_beta,roc,0.37894736842105264,0.6140350877192983,0.669482917820868
stepmhc_beta,roc,0.38421052631578945,0.6140350877192983,0.669482917820868
stepmhc_beta,roc,0.38421052631578945,0.6228070175438597,0.669482917820868
stepmhc_beta,roc,0.4245614035087719,0.6228070175438597,0.669482917820868
stepmhc_beta,roc,0.4245614035087719,0.631578947368421,0.669482917820868
stepmhc_beta,roc,0.4421052631578947,0.631578947368421,0.669482917820868
stepmhc_beta,roc,0.4421052631578947,0.6403508771929824,0.669482917820868
stepmhc_beta,roc,0.45789473684210524,0.6403508771929824,0.669482917820868
stepmhc_beta,roc,0.45789473684210524,0.6491228070175439,0.669482917820868
stepmhc_beta,roc,0.4631578947368421,0.6491228070175439,0.669482917820868
stepmhc_beta,roc,0.4631578947368421,0.6666666666666666,0.669482917820868
stepmhc_beta,roc,0.46842105263157896,0.6666666666666666,0.669482917820868
stepmhc_beta,roc,0.46842105263157896,0.6754385964912281,0.669482917820868
stepmhc_beta,roc,0.4824561403508772,0.6754385964912281,0.669482917820868
stepmhc_beta,roc,0.4824561403508772,0.6842105263157895,0.669482917820868
stepmhc_beta,roc,0.5017543859649123,0.6842105263157895,0.669482917820868
stepmhc_beta,roc,0.5017543859649123,0.6929824561403509,0.669482917820868
stepmhc_beta,roc,0.5210526315789473,0.6929824561403509,0.669482917820868
stepmhc_beta,roc,0.5210526315789473,0.7017543859649122,0.669482917820868
stepmhc_beta,roc,0.5333333333333333,0.7017543859649122,0.669482917820868
stepmhc_beta,roc,0.5333333333333333,0.7105263157894737,0.669482917820868
stepmhc_beta,roc,0.5385964912280702,0.7105263157894737,0.669482917820868
stepmhc_beta,roc,0.5385964912280702,0.7192982456140351,0.669482917820868
stepmhc_beta,roc,0.5526315789473685,0.7192982456140351,0.669482917820868
stepmhc_beta,roc,0.5526315789473685,0.7368421052631579,0.669482917820868
stepmhc_beta,roc,0.5543859649122806,0.7368421052631579,0.669482917820868
stepmhc_beta,roc,0.5543859649122806,0.7456140350877193,0.669482917820868
stepmhc_beta,roc,0.5578947368421052,0.7456140350877193,0.669482917820868
stepmhc_beta,roc,0.5578947368421052,0.7631578947368421,0.669482917820868
stepmhc_beta,roc,0.5596491228070175,0.7631578947368421,0.669482917820868
stepmhc_beta,roc,0.5596491228070175,0.7719298245614035,0.669482917820868
stepmhc_beta,roc,0.5614035087719298,0.7719298245614035,0.669482917820868
stepmhc_beta,roc,0.5614035087719298,0.7894736842105263,0.669482917820868
stepmhc_beta,roc,0.5701754385964912,0.7894736842105263,0.669482917820868
stepmhc_beta,roc,0.5701754385964912,0.7982456140350878,0.669482917820868
stepmhc_beta,roc,0.5736842105263158,0.7982456140350878,0.669482917820868
stepmhc_beta,roc,0.5736842105263158,0.8070175438596491,0.669482917820868
stepmhc_beta,roc,0.5754385964912281,0.8070175438596491,0.669482917820868
stepmhc_beta,roc,0.5754385964912281,0.8245614035087719,0.669482917820868
stepmhc_beta,roc,0.5807017543859649,0.8245614035087719,0.669482917820868
stepmhc_beta,roc,0.5807017543859649,0.8333333333333334,0.669482917820868
stepmhc_beta,roc,0.6052631578947368,0.8333333333333334,0.669482917820868
stepmhc_beta,roc,0.6052631578947368,0.8421052631578947,0.669482917820868
stepmhc_beta,roc,0.631578947368421,0.8421052631578947,0.669482917820868
stepmhc_beta,roc,0.631578947368421,0.8508771929824561,0.669482917820868
stepmhc_beta,roc,0.6684210526315789,0.8508771929824561,0.669482917820868
stepmhc_beta,roc,0.6684210526315789,0.8596491228070176,0.669482917820868
stepmhc_beta,roc,0.6701754385964912,0.8596491228070176,0.669482917820868
stepmhc_beta,roc,0.6701754385964912,0.868421052631579,0.669482917820868
stepmhc_beta,roc,0.6877192982456141,0.868421052631579,0.669482917820868
stepmhc_beta,roc,0.6877192982456141,0.8771929824561403,0.669482917820868
stepmhc_beta,roc,0.7192982456140351,0.8771929824561403,0.669482917820868
stepmhc_beta,roc,0.7192982456140351,0.8859649122807017,0.669482917820868
stepmhc_beta,roc,0.7263157894736842,0.8859649122807017,0.669482917820868
stepmhc_beta,roc,0.7263157894736842,0.8947368421052632,0.669482917820868
stepmhc_beta,roc,0.7333333333333333,0.8947368421052632,0.669482917820868
stepmhc_beta,roc,0.7333333333333333,0.9035087719298246,0.669482917820868
stepmhc_beta,roc,0.7421052631578947,0.9035087719298246,0.669482917820868
stepmhc_beta,roc,0.7421052631578947,0.9122807017543859,0.669482917820868
stepmhc_beta,roc,0.7649122807017544,0.9122807017543859,0.669482917820868
stepmhc_beta,roc,0.7649122807017544,0.9210526315789473,0.669482917820868
stepmhc_beta,roc,0.8087719298245614,0.9210526315789473,0.669482917820868
stepmhc_beta,roc,0.8087719298245614,0.9298245614035088,0.669482917820868
stepmhc_beta,roc,0.8175438596491228,0.9298245614035088,0.669482917820868
stepmhc_beta,roc,0.8175438596491228,0.9385964912280702,0.669482917820868
stepmhc_beta,roc,0.8298245614035088,0.9385964912280702,0.669482917820868
stepmhc_beta,roc,0.8298245614035088,0.9473684210526315,0.669482917820868
stepmhc_beta,roc,0.8350877192982457,0.9473684210526315,0.669482917820868
stepmhc_beta,roc,0.8350877192982457,0.956140350877193,0.669482917820868
stepmhc_beta,roc,0.8456140350877193,0.956140350877193,0.669482917820868
stepmhc_beta,roc,0.8456140350877193,0.9649122807017544,0.669482917820868
stepmhc_beta,roc,0.8859649122807017,0.9649122807017544,0.669482917820868
stepmhc_beta,roc,0.8859649122807017,0.9736842105263158,0.669482917820868
stepmhc_beta,roc,0.9228070175438596,0.9736842105263158,0.669482917820868
stepmhc_beta,roc,0.9228070175438596,0.9824561403508771,0.669482917820868
stepmhc_beta,roc,0.9263157894736842,0.9824561403508771,0.669482917820868
stepmhc_beta,roc,0.9263157894736842,0.9912280701754386,0.669482917820868
stepmhc_beta,roc,0.9385964912280702,0.9912280701754386,0.669482917820868
stepmhc_beta,roc,0.9385964912280702,1.0,0.669482917820868
stepmhc_beta,roc,1.0,1.0,0.669482917820868
stepmhc_beta,pr,1.0,0.16666666666666666,0.31538040455373795
stepmhc_beta,pr,1.0,0.16691068814055637,0.31538040455373795
stepmhc_beta,pr,1.0,0.16715542521994134,0.31538040455373795
stepmhc_beta,pr,1.0,0.16740088105726872,0.31538040455373795
stepmhc_beta,pr,1.0,0.1676470588235294,0.31538040455373795
stepmhc_beta,pr,1.0,0.16789396170839468,0.31538040455373795
stepmhc_beta,pr,1.0,0.168141592920354,0.31538040455373795
stepmhc_beta,pr,1.0,0.16838995568685378,0.31538040455373795
stepmhc_beta,pr,1.0,0.16863905325443787,0.31538040455373795
stepmhc_beta,pr,1.0,0.1688888888888889,0.31538040455373795
stepmhc_beta,pr,1.0,0.16913946587537093,0.31538040455373795
stepmhc_beta,pr,1.0,0.16939078751857356,0.31538040455373795
stepmhc_beta,pr,1.0,0.16964285714285715,0.31538040455373795
stepmhc_beta,pr,1.0,0.16989567809239942,0.31538040455373795
stepmhc_beta,pr,1.0,0.1701492537313433,0.31538040455373795
stepmhc_beta,pr,1.0,0.17040358744394618,0.31538040455373795
stepmhc_beta,pr,1.0,0.17065868263473055,0.31538040455373795
stepmhc_beta,pr,1.0,0.17091454272863568,0.31538040455373795
stepmhc_beta,pr,1.0,0.17117117117117117,0.31538040455373795
stepmhc_beta,pr,1.0,0.17142857142857143,0.31538040455373795
stepmhc_beta,pr,1.0,0.1716867469879518,0.31538040455373795
stepmhc_beta,pr,1.0,0.17194570135746606,0.31538040455373795
stepmhc_beta,pr,1.0,0.17220543806646527,0.31538040455373795
stepmhc_beta,pr,1.0,0.17246596066565809,0.31538040455373795
stepmhc_beta,pr,1.0,0.17272727272727273,0.31538040455373795
stepmhc_beta,pr,1.0,0.17298937784522003,0.31538040455373795
stepmhc_beta,pr,1.0,0.17325227963525835,0.31538040455373795
stepmhc_beta,pr,1.0,0.1735159817351598,0.31538040455373795
stepmhc_beta,pr,1.0,0.17378048780487804,0.31538040455373795
stepmhc_beta,pr,1.0,0.17404580152671756,0.31538040455373795
stepmhc_beta,pr,1.0,0.1743119266055046,0.31538040455373795
stepmhc_beta,pr,1.0,0.17457886676875958,0.31538040455373795
stepmhc_beta,pr,1.0,0.17484662576687116,0.31538040455373795
stepmhc_beta,pr,1.0,0.17511520737327188,0.31538040455373795
stepmhc_beta,pr,1.0,0.1753846153846154,0.31538040455373795
stepmhc_beta,pr,1.0,0.17565485362095531,0.31538040455373795
stepmhc_beta,pr,0.9912280701754386,0.1743827160493827,0.31538040455373795
stepmhc_beta,pr,0.9912280701754386,0.17465224111282843,0.31538040455373795
stepmhc_beta,pr,0.9912280701754386,0.17492260061919504,0.31538040455373795
stepmhc_beta,pr,0.9912280701754386,0.17519379844961241,0.31538040455373795
stepmhc_beta,pr,0.9912280701754386,0.17546583850931677,0.31538040455373795
stepmhc_beta,pr,0.9912280701754386,0.17573872472783825,0.31538040455373795
stepmhc_beta,pr,0.9912280701754386,0.17601246105919002,0.31538040455373795
stepmhc_beta,pr,0.9912280701754386,0.17628705148205928,0.31538040455373795
stepmhc_beta,pr,0.9824561403508771,0.175,0.31538040455373795
stepmhc_beta,pr,0.9824561403508771,0.1752738654147105,0.31538040455373795
stepmhc_beta,pr,0.9824561403508771,0.1755485893416928,0.31538040455373795
stepmhc_beta,pr,0.9736842105263158,0.17425431711145997,0.31538040455373795
stepmhc_beta,pr,0.9736842105263158,0.17452830188679244,0.31538040455373795
stepmhc_beta,pr,0.9736842105263158,0.17480314960629922,0.31538040455373795
stepmhc_beta,pr,0.9736842105263158,0.1750788643533123,0.31538040455373795
stepmhc_beta,pr,0.9736842105263158,0.17535545023696683,0.31538040455373795
stepmhc_beta,pr,0.9736842105263158,0.17563291139240506,0.31538040455373795
stepmhc_beta,pr,0.9736842105263158,0.17591125198098256,0.31538040455373795
stepmhc_beta,pr,0.9736842105263158,0.1761904761904762,0.31538040455373795
stepmhc_beta,pr,0.9736842105263158,0.17647058823529413,0.31538040455373795
stepmhc_beta,pr,0.9736842105263158,0.1767515923566879,0.31538040455373795
stepmhc_beta,pr,0.9736842105263158,0.17703349282296652,0.31538040455373795
stepmhc_beta,pr,0.9736842105263158,0.17731629392971246,0.31538040455373795
stepmhc_beta,pr,0.9736842105263158,0.1776,0.31538040455373795
stepmhc_beta,pr,0.9736842105263158,0.1778846153846154,0.31538040455373795
stepmhc_beta,pr,0.9736842105263158,0.1781701444622793,0.31538040455373795
stepmhc_beta,pr,0.9736842105263158,0.17845659163987138,0.31538040455373795
stepmhc_beta,pr,0.9736842105263158,0.178743961352657,0.31538040455373795
stepmhc_beta,pr,0.9736842105263158,0.17903225806451614,0.31538040455373795
stepmhc_beta,pr,0.9736842105263158,0.17932148626817448,0.31538040455373795
stepmhc_beta,pr,0.9736842105263158,0.1796116504854369,0.31538040455373795
stepmhc_beta,pr,0.9736842105263158,0.17990275526742303,0.31538040455373795
stepmhc_beta,pr,0.9736842105263158,0.18019480519480519,0.31538040455373795
stepmhc_beta,pr,0.9649122807017544,0.17886178861788618,0.31538040455373795
stepmhc_beta,pr,0.9649122807017544,0.1791530944625407,0.31538040455373795
stepmhc_beta,pr,0.9649122807017544,0.17944535073409462,0.31538040455373795
stepmhc_beta,pr,0.9649122807017544,0.17973856209150327,0.31538040455373795
stepmhc_beta,pr,0.9649122807017544,0.18003273322422259,0.31538040455373795
stepmhc_beta,pr,0.9649122807017544,0.18032786885245902,0.31538040455373795
stepmhc_beta,pr,0.9649122807017544,0.180623973727422,0.31538040455373795
stepmhc_beta,pr,0.9649122807017544,0.18092105263157895,0.31538040455373795
stepmhc_beta,pr,0.9649122807017544,0.1812191103789127,0.31538040455373795
stepmhc_beta,pr,0.9649122807017544,0.18151815181518152,0.31538040455373795
stepmhc_beta,pr,0.9649122807017544,0.18181818181818182,0.31538040455373795
stepmhc_beta,pr,0.9649122807017544,0.18211920529801323,0.31538040455373795
stepmhc_beta,pr,0.9649122807017544,0.1824212271973466,0.31538040455373795
stepmhc_beta,pr,0.9649122807017544,0.18272425249169436,0.31538040455373795
stepmhc_beta,pr,0.9649122807017544,0.18302828618968386,0.31538040455373795
stepmhc_beta,pr,0.9649122807017544,0.18333333333333332,0.31538040455373795
stepmhc_beta,pr,0.9649122807017544,0.18363939899833054,0.31538040455373795
stepmhc_beta,pr,0.9649122807017544,0.18394648829431437,0.31538040455373795
stepmhc_beta,pr,0.9649122807017544,0.18425460636515914,0.31538040455373795
stepmhc_beta,pr,0.9649122807017544,0.18456375838926176,0.31538040455373795
stepmhc_beta,pr,0.9649122807017544,0.18487394957983194,0.31538040455373795
stepmhc_beta,pr,0.9649122807017544,0.18518518518518517,0.31538040455373795
stepmhc_beta,pr,0.9649122807017544,0.18549747048903878,0.31538040455373795
stepmhc_beta,pr,0.9649122807017544,0.1858108108108108,0.31538040455373795
stepmhc_beta,pr,0.956140350877193,0.1844331641285956,0.31538040455373795
stepmhc_beta,pr,0.956140350877193,0.1847457627118644,0.31538040455373795
stepmhc_beta,pr,0.956140350877193,0.18505942275042445,0.31538040455373795
stepmhc_beta,pr,0.956140350877193,0.18537414965986396,0.31538040455373795
stepmhc_beta,pr,0.956140350877193,0.18568994889267462,0.31538040455373795
stepmhc_beta,pr,0.956140350877193,0.18600682593856654,0.31538040455373795
stepmhc_beta,pr,0.956140350877193,0.18632478632478633,0.31538040455373795
stepmhc_beta,pr,0.9473684210526315,0.18493150684931506,0.31538040455373795
stepmhc_beta,pr,0.9473684210526315,0.18524871355060035,0.31538040455373795
stepmhc_beta,pr,0.9473684210526315,0.18556701030927836,0.31538040455373795
stepmhc_beta,pr,0.9473684210526315,0.18588640275387264,0.31538040455373795
stepmhc_beta,pr,0.9385964912280702,0.18448275862068966,0.31538040455373795
stepmhc_beta,pr,0.9385964912280702,0.1848013816925734,0.31538040455373795
stepmhc_beta,pr,0.9385964912280702,0.185121107266436,0.31538040455373795
stepmhc_beta,pr,0.9385964912280702,0.1854419410745234,0.31538040455373795
stepmhc_beta,pr,0.9385964912280702,0.1857638888888889,0.31538040455373795
stepmhc_beta,pr,0.9385964912280702,0.18608695652173912,0.31538040455373795
stepmhc_beta,pr,0.9385964912280702,0.18641114982578397,0.31538040455373795
stepmhc_beta,pr,0.9385964912280702,0.18673647469458987,0.31538040455373795
stepmhc_beta,pr,0.9298245614035088,0.1853146853146853,0.31538040455373795
stepmhc_beta,pr,0.9298245614035088,0.18563922942206654,0.31538040455373795
stepmhc_beta,pr,0.9298245614035088,0.18596491228070175,0.31538040455373795
stepmhc_beta,pr,0.9298245614035088,0.18629173989455183,0.31538040455373795
stepmhc_beta,pr,0.9298245614035088,0.18661971830985916,0.31538040455373795
stepmhc_beta,pr,0.9298245614035088,0.18694885361552027,0.31538040455373795
stepmhc_beta,pr,0.9210526315789473,0.1855123674911661,0.31538040455373795
stepmhc_beta,pr,0.9210526315789473,0.18584070796460178,0.31538040455373795
stepmhc_beta,pr,0.9210526315789473,0.18617021276595744,0.31538040455373795
stepmhc_beta,pr,0.9210526315789473,0.18650088809946713,0.31538040455373795
stepmhc_beta,pr,0.9210526315789473,0.18683274021352314,0.31538040455373795
stepmhc_beta,pr,0.9210526315789473,0.18716577540106952,0.31538040455373795
stepmhc_beta,pr,0.9210526315789473,0.1875,0.31538040455373795
stepmhc_beta,pr,0.9210526315789473,0.18783542039355994,0.31538040455373795
stepmhc_beta,pr,0.9210526315789473,0.1881720430107527,0.31538040455373795
stepmhc_beta,pr,0.9210526315789473,0.18850987432675045,0.31538040455373795
stepmhc_beta,pr,0.9210526315789473,0.18884892086330934,0.31538040455373795
stepmhc_beta,pr,0.9210526315789473,0.1891891891891892,0.31538040455373795
stepmhc_beta,pr,0.9210526315789473,0.18953068592057762,0.31538040455373795
stepmhc_beta,pr,0.9210526315789473,0.189873417721519,0.31538040455373795
stepmhc_beta,pr,0.9210526315789473,0.19021739130434784,0.31538040455373795
stepmhc_beta,pr,0.9210526315789473,0.19056261343012704,0.31538040455373795
stepmhc_beta,pr,0.9210526315789473,0.19090909090909092,0.31538040455373795
stepmhc_beta,pr,0.9210526315789473,0.1912568306010929,0.31538040455373795
stepmhc_beta,pr,0.9210526315789473,0.19160583941605838,0.31538040455373795
stepmhc_beta,pr,0.9210526315789473,0.19195612431444242,0.31538040455373795
stepmhc_beta,pr,0.9210526315789473,0.19230769230769232,0.31538040455373795
stepmhc_beta,pr,0.9210526315789473,0.1926605504587156,0.31538040455373795
stepmhc_beta,pr,0.9210526315789473,0.19301470588235295,0.31538040455373795
stepmhc_beta,pr,0.9210526315789473,0.19337016574585636,0.31538040455373795
stepmhc_beta,pr,0.9210526315789473,0.1937269372693727,0.31538040455373795
stepmhc_beta,pr,0.9210526315789473,0.19408502772643252,0.31538040455373795
stepmhc_beta,pr,0.9122807017543859,0.1925925925925926,0.31538040455373795
stepmhc_beta,pr,0.9122807017543859,0.19294990723562153,0.31538040455373795
stepmhc_beta,pr,0.9122807017543859,0.19330855018587362,0.31538040455373795
stepmhc_beta,pr,0.9122807017543859,0.19366852886405958,0.31538040455373795
stepmhc_beta,pr,0.9122807017543859,0.19402985074626866,0.31538040455373795
stepmhc_beta,pr,0.9122807017543859,0.19439252336448598,0.31538040455373795
stepmhc_beta,pr,0.9122807017543859,0.1947565543071161,0.31538040455373795
stepmhc_beta,pr,0.9122807017543859,0.1951219512195122,0.31538040455373795
stepmhc_beta,pr,0.9122807017543859,0.19548872180451127,0.31538040455373795
stepmhc_beta,pr,0.9122807017543859,0.1958568738229755,0.31538040455373795
stepmhc_beta,pr,0.9122807017543859,0.19622641509433963,0.31538040455373795
stepmhc_beta,pr,0.9122807017543859,0.19659735349716445,0.31538040455373795
stepmhc_beta,pr,0.9122807017543859,0.19696969696969696,0.31538040455373795
stepmhc_beta,pr,0.9122807017543859,0.19734345351043645,0.31538040455373795
stepmhc_beta,pr,0.9035087719298246,0.1958174904942966,0.31538040455373795
stepmhc_beta,pr,0.9035087719298246,0.1961904761904762,0.31538040455373795
stepmhc_beta,pr,0.9035087719298246,0.1965648854961832,0.31538040455373795
stepmhc_beta,pr,0.9035087719298246,0.19694072657743786,0.31538040455373795
stepmhc_beta,pr,0.9035087719298246,0.19731800766283525,0.31538040455373795
stepmhc_beta,pr,0.9035087719298246,0.19769673704414586,0.31538040455373795
stepmhc_beta,pr,0.8947368421052632,0.19615384615384615,0.31538040455373795
stepmhc_beta,pr,0.8947368421052632,0.19653179190751446,0.31538040455373795
stepmhc_beta,pr,0.8947368421052632,0.1969111969111969,0.31538040455373795
stepmhc_beta,pr,0.8947368421052632,0.19729206963249515,0.31538040455373795
stepmhc_beta,pr,0.8947368421052632,0.19767441860465115,0.31538040455373795
stepmhc_beta,pr,0.8859649122807017,0.19611650485436893,0.31538040455373795
stepmhc_beta,pr,0.8859649122807017,0.19649805447470817,0.31538040455373795
stepmhc_beta,pr,0.8859649122807017,0.1968810916179337,0.31538040455373795
stepmhc_beta,pr,0.8859649122807017,0.197265625,0.31538040455373795
stepmhc_beta,pr,0.8859649122807017,0.19765166340508805,0.31538040455373795
stepmhc_beta,pr,0.8771929824561403,0.19607843137254902,0.31538040455373795
stepmhc_beta,pr,0.8771929824561403,0.19646365422396855,0.31538040455373795
stepmhc_beta,pr,0.8771929824561403,0.1968503937007874,0.31538040455373795
stepmhc_beta,pr,0.8771929824561403,0.19723865877712032,0.31538040455373795
stepmhc_beta,pr,0.8771929824561403,0.1976284584980237,0.31538040455373795
stepmhc_beta,pr,0.8771929824561403,0.19801980198019803,0.31538040455373795
stepmhc_beta,pr,0.8771929824561403,0.1984126984126984,0.31538040455373795
stepmhc_beta,pr,0.8771929824561403,0.1988071570576541,0.31538040455373795
stepmhc_beta,pr,0.8771929824561403,0.199203187250996,0.31538040455373795
stepmhc_beta,pr,0.8771929824561403,0.1996007984031936,0.31538040455373795
stepmhc_beta,pr,0.8771929824561403,0.2,0.31538040455373795
stepmhc_beta,pr,0.8771929824561403,0.20040080160320642,0.31538040455373795
stepmhc_beta,pr,0.8771929824561403,0.20080321285140562,0.31538040455373795
stepmhc_beta,pr,0.8771929824561403,0.2012072434607646,0.31538040455373795
stepmhc_beta,pr,0.8771929824561403,0.20161290322580644,0.31538040455373795
stepmhc_beta,pr,0.8771929824561403,0.20202020202020202,0.31538040455373795
stepmhc_beta,pr,0.8771929824561403,0.20242914979757085,0.31538040455373795
stepmhc_beta,pr,0.8771929824561403,0.2028397565922921,0.31538040455373795
stepmhc_beta,pr,0.8771929824561403,0.2032520325203252,0.31538040455373795
stepmhc_beta,pr,0.868421052631579,0.20162932790224034,0.31538040455373795
stepmhc_beta,pr,0.868421052631579,0.20204081632653062,0.31538040455373795
stepmhc_beta,pr,0.868421052631579,0.20245398773006135,0.31538040455373795
stepmhc_beta,pr,0.868421052631579,0.2028688524590164,0.31538040455373795
stepmhc_beta,pr,0.868421052631579,0.2032854209445585,0.31538040455373795
stepmhc_beta,pr,0.868421052631579,0.2037037037037037,0.31538040455373795
stepmhc_beta,pr,0.868421052631579,0.20412371134020618,0.31538040455373795
stepmhc_beta,pr,0.868421052631579,0.20454545454545456,0.31538040455373795
stepmhc_beta,pr,0.868421052631579,0.20496894409937888,0.31538040455373795
stepmhc_beta,pr,0.868421052631579,0.2053941908713693,0.31538040455373795
stepmhc_beta,pr,0.868421052631579,0.20582120582120583,0.31538040455373795
stepmhc_beta,pr,0.8596491228070176,0.20416666666666666,0.31538040455373795
stepmhc_beta,pr,0.8596491228070176,0.2045929018789144,0.31538040455373795
stepmhc_beta,pr,0.8508771929824561,0.20292887029288703,0.31538040455373795
stepmhc_beta,pr,0.8508771929824561,0.20335429769392033,0.31538040455373795
stepmhc_beta,pr,0.8508771929824561,0.20378151260504201,0.31538040455373795
stepmhc_beta,pr,0.8508771929824561,0.20421052631578948,0.31538040455373795
stepmhc_beta,pr,0.8508771929824561,0.20464135021097046,0.31538040455373795
stepmhc_beta,pr,0.8508771929824561,0.20507399577167018,0.31538040455373795
stepmhc_beta,pr,0.8508771929824561,0.2055084745762712,0.31538040455373795
stepmhc_beta,pr,0.8508771929824561,0.2059447983014862,0.31538040455373795
stepmhc_beta,pr,0.8508771929824561,0.20638297872340425,0.31538040455373795
stepmhc_beta,pr,0.8508771929824561,0.2068230277185501,0.31538040455373795
stepmhc_beta,pr,0.8508771929824561,0.20726495726495728,0.31538040455373795
stepmhc_beta,pr,0.8508771929824561,0.20770877944325483,0.31538040455373795
stepmhc_beta,pr,0.8508771929824561,0.20815450643776823,0.31538040455373795
stepmhc_beta,pr,0.8508771929824561,0.2086021505376344,0.31538040455373795
stepmhc_beta,pr,0.8508771929824561,0.20905172413793102,0.31538040455373795
stepmhc_beta,pr,0.8508771929824561,0.20950323974082075,0.31538040455373795
stepmhc_beta,pr,0.8508771929824561,0.20995670995670995,0.31538040455373795
stepmhc_beta,pr,0.8508771929824561,0.210412147505423,0.31538040455373795
stepmhc_beta,pr,0.8508771929824561,0.2108695652173913,0.31538040455373795
stepmhc_beta,pr,0.8508771929824561,0.2113289760348584,0.31538040455373795
stepmhc_beta,pr,0.8508771929824561,0.21179039301310043,0.31538040455373795
stepmhc_beta,pr,0.8508771929824561,0.212253829321663,0.31538040455373795
stepmhc_beta,pr,0.8421052631578947,0.21052631578947367,0.31538040455373795
stepmhc_beta,pr,0.8421052631578947,0.210989010989011,0.31538040455373795
stepmhc_beta,pr,0.8421052631578947,0.21145374449339208,0.31538040455373795
stepmhc_beta,pr,0.8421052631578947,0.2119205298013245,0.31538040455373795
stepmhc_beta,pr,0.8421052631578947,0.21238938053097345,0.31538040455373795
stepmhc_beta,pr,0.8421052631578947,0.21286031042128603,0.31538040455373795
stepmhc_beta,pr,0.8421052631578947,0.21333333333333335,0.31538040455373795
stepmhc_beta,pr,0.8421052631578947,0.21380846325167038,0.31538040455373795
stepmhc_beta,pr,0.8421052631578947,0.21428571428571427,0.31538040455373795
stepmhc_beta,pr,0.8421052631578947,0.21476510067114093,0.31538040455373795
stepmhc_beta,pr,0.8421052631578947,0.21524663677130046,0.31538040455373795
stepmhc_beta,pr,0.8421052631578947,0.2157303370786517,0.31538040455373795
stepmhc_beta,pr,0.8421052631578947,0.21621621621621623,0.31538040455373795
stepmhc_beta,pr,0.8421052631578947,0.21670428893905191,0.31538040455373795
stepmhc_beta,pr,0.8421052631578947,0.2171945701357466,0.31538040455373795
stepmhc_beta,pr,0.8421052631578947,0.21768707482993196,0.31538040455373795
stepmhc_beta,pr,0.8333333333333334,0.2159090909090909,0.31538040455373795
stepmhc_beta,pr,0.8333333333333334,0.2164009111617312,0.31538040455373795
stepmhc_beta,pr,0.8333333333333334,0.21689497716894976,0.31538040455373795
stepmhc_beta,pr,0.8333333333333334,0.21739130434782608,0.31538040455373795
stepmhc_beta,pr,0.8333333333333334,0.21788990825688073,0.31538040455373795
stepmhc_beta,pr,0.8333333333333334,0.21839080459770116,0.31538040455373795
stepmhc_beta,pr,0.8333333333333334,0.21889400921658986,0.31538040455373795
stepmhc_beta,pr,0.8333333333333334,0.21939953810623555,0.31538040455373795
stepmhc_beta,pr,0.8333333333333334,0.2199074074074074,0.31538040455373795
stepmhc_beta,pr,0.8333333333333334,0.22041763341067286,0.31538040455373795
stepmhc_beta,pr,0.8333333333333334,0.22093023255813954,0.31538040455373795
stepmhc_beta,pr,0.8333333333333334,0.22144522144522144,0.31538040455373795
stepmhc_beta,pr,0.8333333333333334,0.2219626168224299,0.31538040455373795
stepmhc_beta,pr,0.8333333333333334,0.2224824355971897,0.31538040455373795
stepmhc_beta,pr,0.8333333333333334,0.22300469483568075,0.31538040455373795
stepmhc_beta,pr,0.8245614035087719,0.2211764705882353,0.31538040455373795
stepmhc_beta,pr,0.8245614035087719,0.22169811320754718,0.31538040455373795
stepmhc_beta,pr,0.8245614035087719,0.2222222222222222,0.31538040455373795
stepmhc_beta,pr,0.8245614035087719,0.22274881516587677,0.31538040455373795
stepmhc_beta,pr,0.8157894736842105,0.2209026128266033,0.31538040455373795
stepmhc_beta,pr,0.8070175438596491,0.21904761904761905,0.31538040455373795
stepmhc_beta,pr,0.8070175438596491,0.21957040572792363,0.31538040455373795
stepmhc_beta,pr,0.7982456140350878,0.21770334928229665,0.31538040455373795
stepmhc_beta,pr,0.7982456140350878,0.2182254196642686,0.31538040455373795
stepmhc_beta,pr,0.7982456140350878,0.21875,0.31538040455373795
stepmhc_beta,pr,0.7894736842105263,0.21686746987951808,0.31538040455373795
stepmhc_beta,pr,0.7894736842105263,0.21739130434782608,0.31538040455373795
stepmhc_beta,pr,0.7894736842105263,0.2179176755447942,0.31538040455373795
stepmhc_beta,pr,0.7894736842105263,0.21844660194174756,0.31538040455373795
stepmhc_beta,pr,0.7894736842105263,0.21897810218978103,0.31538040455373795
stepmhc_beta,pr,0.7894736842105263,0.21951219512195122,0.31538040455373795
stepmhc_beta,pr,0.7807017543859649,0.2176039119804401,0.31538040455373795
stepmhc_beta,pr,0.7719298245614035,0.21568627450980393,0.31538040455373795
stepmhc_beta,pr,0.7719298245614035,0.21621621621621623,0.31538040455373795
stepmhc_beta,pr,0.7631578947368421,0.21428571428571427,0.31538040455373795
stepmhc_beta,pr,0.7631578947368421,0.21481481481481482,0.31538040455373795
stepmhc_beta,pr,0.7543859649122807,0.21287128712871287,0.31538040455373795
stepmhc_beta,pr,0.7456140350877193,0.2109181141439206,0.31538040455373795
stepmhc_beta,pr,0.7456140350877193,0.21144278606965175,0.31538040455373795
stepmhc_beta,pr,0.7456140350877193,0.2119700748129676,0.31538040455373795
stepmhc_beta,pr,0.7368421052631579,0.21,0.31538040455373795
stepmhc_beta,pr,0.7368421052631579,0.21052631578947367,0.31538040455373795
stepmhc_beta,pr,0.7280701754385965,0.20854271356783918,0.31538040455373795
stepmhc_beta,pr,0.7192982456140351,0.20654911838790932,0.31538040455373795
stepmhc_beta,pr,0.7192982456140351,0.20707070707070707,0.31538040455373795
stepmhc_beta,pr,0.7192982456140351,0.20759493670886076,0.31538040455373795
stepmhc_beta,pr,0.7192982456140351,0.20812182741116753,0.31538040455373795
stepmhc_beta,pr,0.7192982456140351,0.20865139949109415,0.31538040455373795
stepmhc_beta,pr,0.7192982456140351,0.20918367346938777,0.31538040455373795
stepmhc_beta,pr,0.7192982456140351,0.20971867007672634,0.31538040455373795
stepmhc_beta,pr,0.7192982456140351,0.21025641025641026,0.31538040455373795
stepmhc_beta,pr,0.7192982456140351,0.21079691516709512,0.31538040455373795
stepmhc_beta,pr,0.7105263157894737,0.20876288659793815,0.31538040455373795
stepmhc_beta,pr,0.7105263157894737,0.20930232558139536,0.31538040455373795
stepmhc_beta,pr,0.7105263157894737,0.20984455958549222,0.31538040455373795
stepmhc_beta,pr,0.7105263157894737,0.21038961038961038,0.31538040455373795
stepmhc_beta,pr,0.7017543859649122,0.20833333333333334,0.31538040455373795
stepmhc_beta,pr,0.7017543859649122,0.20887728459530025,0.31538040455373795
stepmhc_beta,pr,0.7017543859649122,0.2094240837696335,0.31538040455373795
stepmhc_beta,pr,0.7017543859649122,0.2099737532808399,0.31538040455373795
stepmhc_beta,pr,0.7017543859649122,0.21052631578947367,0.31538040455373795
stepmhc_beta,pr,0.7017543859649122,0.21108179419525067,0.31538040455373795
stepmhc_beta,pr,0.7017543859649122,0.21164021164021163,0.31538040455373795
stepmhc_beta,pr,0.7017543859649122,0.21220159151193635,0.31538040455373795
stepmhc_beta,pr,0.6929824561403509,0.21010638297872342,0.31538040455373795
stepmhc_beta,pr,0.6929824561403509,0.21066666666666667,0.31538040455373795
stepmhc_beta,pr,0.6929824561403509,0.21122994652406418,0.31538040455373795
stepmhc_beta,pr,0.6929824561403509,0.21179624664879357,0.31538040455373795
stepmhc_beta,pr,0.6929824561403509,0.21236559139784947,0.31538040455373795
stepmhc_beta,pr,0.6929824561403509,0.21293800539083557,0.31538040455373795
stepmhc_beta,pr,0.6929824561403509,0.21351351351351353,0.31538040455373795
stepmhc_beta,pr,0.6929824561403509,0.2140921409214092,0.31538040455373795
stepmhc_beta,pr,0.6929824561403509,0.21467391304347827,0.31538040455373795
stepmhc_beta,pr,0.6929824561403509,0.21525885558583105,0.31538040455373795
stepmhc_beta,pr,0.6929824561403509,0.21584699453551912,0.31538040455373795
stepmhc_beta,pr,0.6929824561403509,0.21643835616438356,0.31538040455373795
stepmhc_beta,pr,0.6842105263157895,0.21428571428571427,0.31538040455373795
stepmhc_beta,pr,0.6842105263157895,0.21487603305785125,0.31538040455373795
stepmhc_beta,pr,0.6842105263157895,0.2154696132596685,0.31538040455373795
stepmhc_beta,pr,0.6842105263157895,0.21606648199445982,0.31538040455373795
stepmhc_beta,pr,0.6842105263157895,0.21666666666666667,0.31538040455373795
stepmhc_beta,pr,0.6842105263157895,0.21727019498607242,0.31538040455373795
stepmhc_beta,pr,0.6842105263157895,0.21787709497206703,0.31538040455373795
stepmhc_beta,pr,0.6842105263157895,0.2184873949579832,0.31538040455373795
stepmhc_beta,pr,0.6842105263157895,0.21910112359550563,0.31538040455373795
stepmhc_beta,pr,0.6842105263157895,0.21971830985915494,0.31538040455373795
stepmhc_beta,pr,0.6842105263157895,0.22033898305084745,0.31538040455373795
stepmhc_beta,pr,0.6842105263157895,0.22096317280453256,0.31538040455373795
stepmhc_beta,pr,0.6754385964912281,0.21875,0.31538040455373795
stepmhc_beta,pr,0.6754385964912281,0.21937321937321938,0.31538040455373795
stepmhc_beta,pr,0.6754385964912281,0.22,0.31538040455373795
stepmhc_beta,pr,0.6754385964912281,0.22063037249283668,0.31538040455373795
stepmhc_beta,pr,0.6754385964912281,0.22126436781609196,0.31538040455373795
stepmhc_beta,pr,0.6754385964912281,0.2219020172910663,0.31538040455373795
stepmhc_beta,pr,0.6754385964912281,0.22254335260115607,0.31538040455373795
stepmhc_beta,pr,0.6754385964912281,0.22318840579710145,0.31538040455373795
stepmhc_beta,pr,0.6754385964912281,0.2238372093023256,0.31538040455373795
stepmhc_beta,pr,0.6666666666666666,0.22157434402332363,0.31538040455373795
stepmhc_beta,pr,0.6666666666666666,0.2222222222222222,0.31538040455373795
stepmhc_beta,pr,0.6666666666666666,0.22287390029325513,0.31538040455373795
stepmhc_beta,pr,0.6666666666666666,0.2235294117647059,0.31538040455373795
stepmhc_beta,pr,0.6578947368421053,0.22123893805309736,0.31538040455373795
stepmhc_beta,pr,0.6491228070175439,0.21893491124260356,0.31538040455373795
stepmhc_beta,pr,0.6491228070175439,0.2195845697329377,0.31538040455373795
stepmhc_beta,pr,0.6491228070175439,0.22023809523809523,0.31538040455373795
stepmhc_beta,pr,0.6491228070175439,0.2208955223880597,0.31538040455373795
stepmhc_beta,pr,0.6403508771929824,0.218562874251497,0.31538040455373795
stepmhc_beta,pr,0.6403508771929824,0.21921921921921922,0.31538040455373795
stepmhc_beta,pr,0.6403508771929824,0.21987951807228914,0.31538040455373795
stepmhc_beta,pr,0.6403508771929824,0.22054380664652568,0.31538040455373795
stepmhc_beta,pr,0.6403508771929824,0.22121212121212122,0.31538040455373795
stepmhc_beta,pr,0.6403508771929824,0.22188449848024316,0.31538040455373795
stepmhc_beta,pr,0.6403508771929824,0.2225609756097561,0.31538040455373795
stepmhc_beta,pr,0.6403508771929824,0.22324159021406728,0.31538040455373795
stepmhc_beta,pr,0.6403508771929824,0.22392638036809817,0.31538040455373795
stepmhc_beta,pr,0.6403508771929824,0.2246153846153846,0.31538040455373795
stepmhc_beta,pr,0.631578947368421,0.2222222222222222,0.31538040455373795
stepmhc_beta,pr,0.631578947368421,0.22291021671826625,0.31538040455373795
stepmhc_beta,pr,0.631578947368421,0.2236024844720497,0.31538040455373795
stepmhc_beta,pr,0.631578947368421,0.22429906542056074,0.31538040455373795
stepmhc_beta,pr,0.631578947368421,0.225,0.31538040455373795
stepmhc_beta,pr,0.631578947368421,0.22570532915360503,0.31538040455373795
stepmhc_beta,pr,0.631578947368421,0.22641509433962265,0.31538040455373795
stepmhc_beta,pr,0.631578947368421,0.22712933753943218,0.31538040455373795
stepmhc_beta,pr,0.631578947368421,0.22784810126582278,0.31538040455373795
stepmhc_beta,pr,0.631578947368421,0.22857142857142856,0.31538040455373795
stepmhc_beta,pr,0.631578947368421,0.22929936305732485,0.31538040455373795
stepmhc_beta,pr,0.6228070175438597,0.2268370607028754,0.31538040455373795
stepmhc_beta,pr,0.6228070175438597,0.22756410256410256,0.31538040455373795
stepmhc_beta,pr,0.6228070175438597,0.2282958199356913,0.31538040455373795
stepmhc_beta,pr,0.6228070175438597,0.22903225806451613,0.31538040455373795
stepmhc_beta,pr,0.6228070175438597,0.2297734627831715,0.31538040455373795
stepmhc_beta,pr,0.6228070175438597,0.2305194805194805,0.31538040455373795
stepmhc_beta,pr,0.6228070175438597,0.23127035830618892,0.31538040455373795
stepmhc_beta,pr,0.6228070175438597,0.23202614379084968,0.31538040455373795
stepmhc_beta,pr,0.6228070175438597,0.23278688524590163,0.31538040455373795
stepmhc_beta,pr,0.6228070175438597,0.23355263157894737,0.31538040455373795
stepmhc_beta,pr,0.6228070175438597,0.23432343234323433,0.31538040455373795
stepmhc_beta,pr,0.6228070175438597,0.23509933774834438,0.31538040455373795
stepmhc_beta,pr,0.6228070175438597,0.23588039867109634,0.31538040455373795
stepmhc_beta,pr,0.6228070175438597,0.23666666666666666,0.31538040455373795
stepmhc_beta,pr,0.6228070175438597,0.23745819397993312,0.31538040455373795
stepmhc_beta,pr,0.6228070175438597,0.23825503355704697,0.31538040455373795
stepmhc_beta,pr,0.6228070175438597,0.23905723905723905,0.31538040455373795
stepmhc_beta,pr,0.6228070175438597,0.23986486486486486,0.31538040455373795
stepmhc_beta,pr,0.6228070175438597,0.24067796610169492,0.31538040455373795
stepmhc_beta,pr,0.6228070175438597,0.24149659863945577,0.31538040455373795
stepmhc_beta,pr,0.6228070175438597,0.24232081911262798,0.31538040455373795
stepmhc_beta,pr,0.6228070175438597,0.24315068493150685,0.31538040455373795
stepmhc_beta,pr,0.6228070175438597,0.24398625429553264,0.31538040455373795
stepmhc_beta,pr,0.6228070175438597,0.24482758620689654,0.31538040455373795
stepmhc_beta,pr,0.6140350877192983,0.2422145328719723,0.31538040455373795
stepmhc_beta,pr,0.6140350877192983,0.24305555555555555,0.31538040455373795
stepmhc_beta,pr,0.6140350877192983,0.24390243902439024,0.31538040455373795
stepmhc_beta,pr,0.6140350877192983,0.24475524475524477,0.31538040455373795
stepmhc_beta,pr,0.6052631578947368,0.24210526315789474,0.31538040455373795
stepmhc_beta,pr,0.6052631578947368,0.24295774647887325,0.31538040455373795
stepmhc_beta,pr,0.6052631578947368,0.24381625441696114,0.31538040455373795
stepmhc_beta,pr,0.6052631578947368,0.24468085106382978,0.31538040455373795
stepmhc_beta,pr,0.5964912280701754,0.24199288256227758,0.31538040455373795
stepmhc_beta,pr,0.5964912280701754,0.24285714285714285,0.31538040455373795
stepmhc_beta,pr,0.5964912280701754,0.24372759856630824,0.31538040455373795
stepmhc_beta,pr,0.5877192982456141,0.24100719424460432,0.31538040455373795
stepmhc_beta,pr,0.5877192982456141,0.24187725631768953,0.31538040455373795
stepmhc_beta,pr,0.5877192982456141,0.2427536231884058,0.31538040455373795
stepmhc_beta,pr,0.5877192982456141,0.24363636363636362,0.31538040455373795
stepmhc_beta,pr,0.5877192982456141,0.24452554744525548,0.31538040455373795
stepmhc_beta,pr,0.5789473684210527,0.24175824175824176,0.31538040455373795
stepmhc_beta,pr,0.5789473684210527,0.2426470588235294,0.31538040455373795
stepmhc_beta,pr,0.5789473684210527,0.24354243542435425,0.31538040455373795
stepmhc_beta,pr,0.5789473684210527,0.24444444444444444,0.31538040455373795
stepmhc_beta,pr,0.5789473684210527,0.24535315985130113,0.31538040455373795
stepmhc_beta,pr,0.5789473684210527,0.2462686567164179,0.31538040455373795
stepmhc_beta,pr,0.5789473684210527,0.24719101123595505,0.31538040455373795
stepmhc_beta,pr,0.5789473684210527,0.24812030075187969,0.31538040455373795
stepmhc_beta,pr,0.5789473684210527,0.2490566037735849,0.31538040455373795
stepmhc_beta,pr,0.5789473684210527,0.25,0.31538040455373795
stepmhc_beta,pr,0.5789473684210527,0.2509505703422053,0.31538040455373795
stepmhc_beta,pr,0.5789473684210527,0.25190839694656486,0.31538040455373795
stepmhc_beta,pr,0.5701754385964912,0.24904214559386972,0.31538040455373795
stepmhc_beta,pr,0.5701754385964912,0.25,0.31538040455373795
stepmhc_beta,pr,0.5701754385964912,0.25096525096525096,0.31538040455373795
stepmhc_beta,pr,0.5701754385964912,0.25193798449612403,0.31538040455373795
stepmhc_beta,pr,0.5614035087719298,0.2490272373540856,0.31538040455373795
stepmhc_beta,pr,0.5614035087719298,0.25,0.31538040455373795
stepmhc_beta,pr,0.5614035087719298,0.25098039215686274,0.31538040455373795
stepmhc_beta,pr,0.5614035087719298,0.25196850393700787,0.31538040455373795
stepmhc_beta,pr,0.5614035087719298,0.25296442687747034,0.31538040455373795
stepmhc_beta,pr,0.5614035087719298,0.25396825396825395,0.31538040455373795
stepmhc_beta,pr,0.5614035087719298,0.2549800796812749,0.31538040455373795
stepmhc_beta,pr,0.5614035087719298,0.256,0.31538040455373795
stepmhc_beta,pr,0.5614035087719298,0.2570281124497992,0.31538040455373795
stepmhc_beta,pr,0.5614035087719298,0.25806451612903225,0.31538040455373795
stepmhc_beta,pr,0.5614035087719298,0.2591093117408907,0.31538040455373795
stepmhc_beta,pr,0.5526315789473685,0.25609756097560976,0.31538040455373795
stepmhc_beta,pr,0.543859649122807,0.2530612244897959,0.31538040455373795
stepmhc_beta,pr,0.5350877192982456,0.25,0.31538040455373795
stepmhc_beta,pr,0.5350877192982456,0.25102880658436216,0.31538040455373795
stepmhc_beta,pr,0.5350877192982456,0.25206611570247933,0.31538040455373795
stepmhc_beta,pr,0.5350877192982456,0.25311203319502074,0.31538040455373795
stepmhc_beta,pr,0.5350877192982456,0.25416666666666665,0.31538040455373795
stepmhc_beta,pr,0.5350877192982456,0.25523012552301255,0.31538040455373795
stepmhc_beta,pr,0.5263157894736842,0.25210084033613445,0.31538040455373795
stepmhc_beta,pr,0.5263157894736842,0.25316455696202533,0.31538040455373795
stepmhc_beta,pr,0.5263157894736842,0.2542372881355932,0.31538040455373795
stepmhc_beta,pr,0.5263157894736842,0.2553191489361702,0.31538040455373795
stepmhc_beta,pr,0.5263157894736842,0.2564102564102564,0.31538040455373795
stepmhc_beta,pr,0.5263157894736842,0.2575107296137339,0.31538040455373795
stepmhc_beta,pr,0.5263157894736842,0.25862068965517243,0.31538040455373795
stepmhc_beta,pr,0.5263157894736842,0.2597402597402597,0.31538040455373795
stepmhc_beta,pr,0.5263157894736842,0.2608695652173913,0.31538040455373795
stepmhc_beta,pr,0.5263157894736842,0.26200873362445415,0.31538040455373795
stepmhc_beta,pr,0.5263157894736842,0.2631578947368421,0.31538040455373795
stepmhc_beta,pr,0.5263157894736842,0.2643171806167401,0.31538040455373795
stepmhc_beta,pr,0.5263157894736842,0.26548672566371684,0.31538040455373795
stepmhc_beta,pr,0.5263157894736842,0.26666666666666666,0.31538040455373795
stepmhc_beta,pr,0.5263157894736842,0.26785714285714285,0.31538040455373795
stepmhc_beta,pr,0.5263157894736842,0.26905829596412556,0.31538040455373795
stepmhc_beta,pr,0.5263157894736842,0.2702702702702703,0.31538040455373795
stepmhc_beta,pr,0.5263157894736842,0.27149321266968324,0.31538040455373795
stepmhc_beta,pr,0.5263157894736842,0.2727272727272727,0.31538040455373795
stepmhc_beta,pr,0.5263157894736842,0.273972602739726,0.31538040455373795
stepmhc_beta,pr,0.5175438596491229,0.2706422018348624,0.31538040455373795
stepmhc_beta,pr,0.5175438596491229,0.271889400921659,0.31538040455373795
stepmhc_beta,pr,0.5175438596491229,0.27314814814814814,0.31538040455373795
stepmhc_beta,pr,0.5175438596491229,0.2744186046511628,0.31538040455373795
stepmhc_beta,pr,0.5175438596491229,0.2757009345794392,0.31538040455373795
stepmhc_beta,pr,0.5175438596491229,0.27699530516431925,0.31538040455373795
stepmhc_beta,pr,0.5175438596491229,0.2783018867924528,0.31538040455373795
stepmhc_beta,pr,0.5087719298245614,0.27488151658767773,0.31538040455373795
stepmhc_beta,pr,0.5087719298245614,0.2761904761904762,0.31538040455373795
stepmhc_beta,pr,0.5087719298245614,0.27751196172248804,0.31538040455373795
stepmhc_beta,pr,0.5087719298245614,0.27884615384615385,0.31538040455373795
stepmhc_beta,pr,0.5087719298245614,0.28019323671497587,0.31538040455373795
stepmhc_beta,pr,0.5087719298245614,0.2815533980582524,0.31538040455373795
stepmhc_beta,pr,0.5087719298245614,0.28292682926829266,0.31538040455373795
stepmhc_beta,pr,0.5087719298245614,0.28431372549019607,0.31538040455373795
stepmhc_beta,pr,0.5,0.28078817733990147,0.31538040455373795
stepmhc_beta,pr,0.5,0.28217821782178215,0.31538040455373795
stepmhc_beta,pr,0.5,0.2835820895522388,0.31538040455373795
stepmhc_beta,pr,0.5,0.285,0.31538040455373795
stepmhc_beta,pr,0.5,0.2864321608040201,0.31538040455373795
stepmhc_beta,pr,0.49122807017543857,0.2828282828282828,0.31538040455373795
stepmhc_beta,pr,0.49122807017543857,0.28426395939086296,0.31538040455373795
stepmhc_beta,pr,0.4824561403508772,0.28061224489795916,0.31538040455373795
stepmhc_beta,pr,0.47368421052631576,0.27692307692307694,0.31538040455373795
stepmhc_beta,pr,0.47368421052631576,0.27835051546391754,0.31538040455373795
stepmhc_beta,pr,0.47368421052631576,0.27979274611398963,0.31538040455373795
stepmhc_beta,pr,0.47368421052631576,0.28125,0.31538040455373795
stepmhc_beta,pr,0.4649122807017544,0.2774869109947644,0.31538040455373795
stepmhc_beta,pr,0.45614035087719296,0.2736842105263158,0.31538040455373795
stepmhc_beta,pr,0.45614035087719296,0.2751322751322751,0.31538040455373795
stepmhc_beta,pr,0.45614035087719296,0.2765957446808511,0.31538040455373795
stepmhc_beta,pr,0.45614035087719296,0.27807486631016043,0.31538040455373795
stepmhc_beta,pr,0.45614035087719296,0.27956989247311825,0.31538040455373795
stepmhc_beta,pr,0.45614035087719296,0.2810810810810811,0.31538040455373795
stepmhc_beta,pr,0.45614035087719296,0.2826086956521739,0.31538040455373795
stepmhc_beta,pr,0.4473684210526316,0.2786885245901639,0.31538040455373795
stepmhc_beta,pr,0.43859649122807015,0.27472527472527475,0.31538040455373795
stepmhc_beta,pr,0.43859649122807015,0.27624309392265195,0.31538040455373795
stepmhc_beta,pr,0.43859649122807015,0.2777777777777778,0.31538040455373795
stepmhc_beta,pr,0.43859649122807015,0.27932960893854747,0.31538040455373795
stepmhc_beta,pr,0.43859649122807015,0.2808988764044944,0.31538040455373795
stepmhc_beta,pr,0.43859649122807015,0.2824858757062147,0.31538040455373795
stepmhc_beta,pr,0.43859649122807015,0.2840909090909091,0.31538040455373795
stepmhc_beta,pr,0.4298245614035088,0.28,0.31538040455373795
stepmhc_beta,pr,0.4298245614035088,0.28160919540229884,0.31538040455373795
stepmhc_beta,pr,0.4298245614035088,0.2832369942196532,0.31538040455373795
stepmhc_beta,pr,0.4298245614035088,0.28488372093023256,0.31538040455373795
stepmhc_beta,pr,0.4298245614035088,0.28654970760233917,0.31538040455373795
stepmhc_beta,pr,0.4298245614035088,0.28823529411764703,0.31538040455373795
stepmhc_beta,pr,0.4298245614035088,0.28994082840236685,0.31538040455373795
stepmhc_beta,pr,0.4298245614035088,0.2916666666666667,0.31538040455373795
stepmhc_beta,pr,0.4298245614035088,0.2934131736526946,0.31538040455373795
stepmhc_beta,pr,0.4298245614035088,0.29518072289156627,0.31538040455373795
stepmhc_beta,pr,0.4298245614035088,0.296969696969697,0.31538040455373795
stepmhc_beta,pr,0.4298245614035088,0.29878048780487804,0.31538040455373795
stepmhc_beta,pr,0.4298245614035088,0.3006134969325153,0.31538040455373795
stepmhc_beta,pr,0.4298245614035088,0.30246913580246915,0.31538040455373795
stepmhc_beta,pr,0.42105263157894735,0.2981366459627329,0.31538040455373795
stepmhc_beta,pr,0.41228070175438597,0.29375,0.31538040455373795
stepmhc_beta,pr,0.40350877192982454,0.2893081761006289,0.31538040455373795
stepmhc_beta,pr,0.40350877192982454,0.2911392405063291,0.31538040455373795
stepmhc_beta,pr,0.40350877192982454,0.2929936305732484,0.31538040455373795
stepmhc_beta,pr,0.40350877192982454,0.2948717948717949,0.31538040455373795
stepmhc_beta,pr,0.40350877192982454,0.2967741935483871,0.31538040455373795
stepmhc_beta,pr,0.40350877192982454,0.2987012987012987,0.31538040455373795
stepmhc_beta,pr,0.40350877192982454,0.3006535947712418,0.31538040455373795
stepmhc_beta,pr,0.40350877192982454,0.3026315789473684,0.31538040455373795
stepmhc_beta,pr,0.40350877192982454,0.304635761589404,0.31538040455373795
stepmhc_beta,pr,0.40350877192982454,0.30666666666666664,0.31538040455373795
stepmhc_beta,pr,0.40350877192982454,0.3087248322147651,0.31538040455373795
stepmhc_beta,pr,0.40350877192982454,0.3108108108108108,0.31538040455373795
stepmhc_beta,pr,0.40350877192982454,0.3129251700680272,0.31538040455373795
stepmhc_beta,pr,0.39473684210526316,0.3082191780821918,0.31538040455373795
stepmhc_beta,pr,0.39473684210526316,0.3103448275862069,0.31538040455373795
stepmhc_beta,pr,0.39473684210526316,0.3125,0.31538040455373795
stepmhc_beta,pr,0.39473684210526316,0.3146853146853147,0.31538040455373795
stepmhc_beta,pr,0.39473684210526316,0.31690140845070425,0.31538040455373795
stepmhc_beta,pr,0.39473684210526316,0.3191489361702128,0.31538040455373795
stepmhc_beta,pr,0.39473684210526316,0.32142857142857145,0.31538040455373795
stepmhc_beta,pr,0.39473684210526316,0.3237410071942446,0.31538040455373795
stepmhc_beta,pr,0.38596491228070173,0.3188405797101449,0.31538040455373795
stepmhc_beta,pr,0.38596491228070173,0.32116788321167883,0.31538040455373795
stepmhc_beta,pr,0.38596491228070173,0.3235294117647059,0.31538040455373795
stepmhc_beta,pr,0.37719298245614036,0.31851851851851853,0.31538040455373795
stepmhc_beta,pr,0.37719298245614036,0.3208955223880597,0.31538040455373795
stepmhc_beta,pr,0.37719298245614036,0.3233082706766917,0.31538040455373795
stepmhc_beta,pr,0.37719298245614036,0.32575757575757575,0.31538040455373795
stepmhc_beta,pr,0.3684210526315789,0.32061068702290074,0.31538040455373795
stepmhc_beta,pr,0.3684210526315789,0.3230769230769231,0.31538040455373795
stepmhc_beta,pr,0.3684210526315789,0.32558139534883723,0.31538040455373795
stepmhc_beta,pr,0.35964912280701755,0.3203125,0.31538040455373795
stepmhc_beta,pr,0.35964912280701755,0.3228346456692913,0.31538040455373795
stepmhc_beta,pr,0.35964912280701755,0.3253968253968254,0.31538040455373795
stepmhc_beta,pr,0.3508771929824561,0.32,0.31538040455373795
stepmhc_beta,pr,0.3508771929824561,0.3225806451612903,0.31538040455373795
stepmhc_beta,pr,0.34210526315789475,0.3170731707317073,0.31538040455373795
stepmhc_beta,pr,0.34210526315789475,0.319672131147541,0.31538040455373795
stepmhc_beta,pr,0.34210526315789475,0.32231404958677684,0.31538040455373795
stepmhc_beta,pr,0.3333333333333333,0.31666666666666665,0.31538040455373795
stepmhc_beta,pr,0.3333333333333333,0.31932773109243695,0.31538040455373795
stepmhc_beta,pr,0.3333333333333333,0.3220338983050847,0.31538040455373795
stepmhc_beta,pr,0.3333333333333333,0.3247863247863248,0.31538040455373795
stepmhc_beta,pr,0.3333333333333333,0.3275862068965517,0.31538040455373795
stepmhc_beta,pr,0.32456140350877194,0.3217391304347826,0.31538040455373795
stepmhc_beta,pr,0.32456140350877194,0.32456140350877194,0.31538040455373795
stepmhc_beta,pr,0.32456140350877194,0.3274336283185841,0.31538040455373795
stepmhc_beta,pr,0.32456140350877194,0.33035714285714285,0.31538040455373795
stepmhc_beta,pr,0.32456140350877194,0.3333333333333333,0.31538040455373795
stepmhc_beta,pr,0.3157894736842105,0.32727272727272727,0.31538040455373795
stepmhc_beta,pr,0.3157894736842105,0.3302752293577982,0.31538040455373795
stepmhc_beta,pr,0.3157894736842105,0.3333333333333333,0.31538040455373795
stepmhc_beta,pr,0.3157894736842105,0.3364485981308411,0.31538040455373795
stepmhc_beta,pr,0.3157894736842105,0.33962264150943394,0.31538040455373795
stepmhc_beta,pr,0.3157894736842105,0.34285714285714286,0.31538040455373795
stepmhc_beta,pr,0.3157894736842105,0.34615384615384615,0.31538040455373795
stepmhc_beta,pr,0.30701754385964913,0.33980582524271846,0.31538040455373795
stepmhc_beta,pr,0.30701754385964913,0.3431372549019608,0.31538040455373795
stepmhc_beta,pr,0.2982456140350877,0.33663366336633666,0.31538040455373795
stepmhc_beta,pr,0.2982456140350877,0.34,0.31538040455373795
stepmhc_beta,pr,0.2982456140350877,0.3434343434343434,0.31538040455373795
stepmhc_beta,pr,0.2982456140350877,0.3469387755102041,0.31538040455373795
stepmhc_beta,pr,0.2982456140350877,0.35051546391752575,0.31538040455373795
stepmhc_beta,pr,0.2982456140350877,0.3541666666666667,0.31538040455373795
stepmhc_beta,pr,0.2982456140350877,0.35789473684210527,0.31538040455373795
stepmhc_beta,pr,0.2982456140350877,0.3617021276595745,0.31538040455373795
stepmhc_beta,pr,0.2982456140350877,0.3655913978494624,0.31538040455373795
stepmhc_beta,pr,0.2982456140350877,0.3695652173913043,0.31538040455373795
stepmhc_beta,pr,0.2982456140350877,0.37362637362637363,0.31538040455373795
stepmhc_beta,pr,0.2894736842105263,0.36666666666666664,0.31538040455373795
stepmhc_beta,pr,0.2894736842105263,0.3707865168539326,0.31538040455373795
stepmhc_beta,pr,0.2894736842105263,0.375,0.31538040455373795
stepmhc_beta,pr,0.2807017543859649,0.367816091954023,0.31538040455373795
stepmhc_beta,pr,0.2807017543859649,0.37209302325581395,0.31538040455373795
stepmhc_beta,pr,0.2807017543859649,0.3764705882352941,0.31538040455373795
stepmhc_beta,pr,0.2807017543859649,0.38095238095238093,0.31538040455373795
stepmhc_beta,pr,0.2807017543859649,0.3855421686746988,0.31538040455373795
stepmhc_beta,pr,0.2807017543859649,0.3902439024390244,0.31538040455373795
stepmhc_beta,pr,0.2719298245614035,0.38271604938271603,0.31538040455373795
stepmhc_beta,pr,0.2719298245614035,0.3875,0.31538040455373795
stepmhc_beta,pr,0.2631578947368421,0.379746835443038,0.31538040455373795
stepmhc_beta,pr,0.2631578947368421,0.38461538461538464,0.31538040455373795
stepmhc_beta,pr,0.2543859649122807,0.37662337662337664,0.31538040455373795
stepmhc_beta,pr,0.24561403508771928,0.3684210526315789,0.31538040455373795
stepmhc_beta,pr,0.24561403508771928,0.37333333333333335,0.31538040455373795
stepmhc_beta,pr,0.23684210526315788,0.36486486486486486,0.31538040455373795
stepmhc_beta,pr,0.23684210526315788,0.3698630136986301,0.31538040455373795
stepmhc_beta,pr,0.23684210526315788,0.375,0.31538040455373795
stepmhc_beta,pr,0.22807017543859648,0.36619718309859156,0.31538040455373795
stepmhc_beta,pr,0.22807017543859648,0.37142857142857144,0.31538040455373795
stepmhc_beta,pr,0.22807017543859648,0.37681159420289856,0.31538040455373795
stepmhc_beta,pr,0.22807017543859648,0.38235294117647056,0.31538040455373795
stepmhc_beta,pr,0.21929824561403508,0.373134328358209,0.31538040455373795
stepmhc_beta,pr,0.21929824561403508,0.3787878787878788,0.31538040455373795
stepmhc_beta,pr,0.21929824561403508,0.38461538461538464,0.31538040455373795
stepmhc_beta,pr,0.21929824561403508,0.390625,0.31538040455373795
stepmhc_beta,pr,0.21929824561403508,0.3968253968253968,0.31538040455373795
stepmhc_beta,pr,0.21929824561403508,0.4032258064516129,0.31538040455373795
stepmhc_beta,pr,0.21929824561403508,0.4098360655737705,0.31538040455373795
stepmhc_beta,pr,0.21929824561403508,0.4166666666666667,0.31538040455373795
stepmhc_beta,pr,0.21929824561403508,0.423728813559322,0.31538040455373795
stepmhc_beta,pr,0.21929824561403508,0.43103448275862066,0.31538040455373795
stepmhc_beta,pr,0.21929824561403508,0.43859649122807015,0.31538040455373795
stepmhc_beta,pr,0.21929824561403508,0.44642857142857145,0.31538040455373795
stepmhc_beta,pr,0.21929824561403508,0.45454545454545453,0.31538040455373795
stepmhc_beta,pr,0.21052631578947367,0.4444444444444444,0.31538040455373795
stepmhc_beta,pr,0.21052631578947367,0.4528301886792453,0.31538040455373795
stepmhc_beta,pr,0.21052631578947367,0.46153846153846156,0.31538040455373795
stepmhc_beta,pr,0.20175438596491227,0.45098039215686275,0.31538040455373795
stepmhc_beta,pr,0.20175438596491227,0.46,0.31538040455373795
stepmhc_beta,pr,0.19298245614035087,0.4489795918367347,0.31538040455373795
stepmhc_beta,pr,0.19298245614035087,0.4583333333333333,0.31538040455373795
stepmhc_beta,pr,0.18421052631578946,0.44680851063829785,0.31538040455373795
stepmhc_beta,pr,0.17543859649122806,0.43478260869565216,0.31538040455373795
stepmhc_beta,pr,0.17543859649122806,0.4444444444444444,0.31538040455373795
stepmhc_beta,pr,0.17543859649122806,0.45454545454545453,0.31538040455373795
stepmhc_beta,pr,0.16666666666666666,0.4418604651162791,0.31538040455373795
stepmhc_beta,pr,0.15789473684210525,0.42857142857142855,0.31538040455373795
stepmhc_beta,pr,0.15789473684210525,0.43902439024390244,0.31538040455373795
stepmhc_beta,pr,0.15789473684210525,0.45,0.31538040455373795
stepmhc_beta,pr,0.14912280701754385,0.4358974358974359,0.31538040455373795
stepmhc_beta,pr,0.14912280701754385,0.4473684210526316,0.31538040455373795
stepmhc_beta,pr,0.14912280701754385,0.4594594594594595,0.31538040455373795
stepmhc_beta,pr,0.14035087719298245,0.4444444444444444,0.31538040455373795
stepmhc_beta,pr,0.14035087719298245,0.45714285714285713,0.31538040455373795
stepmhc_beta,pr,0.14035087719298245,0.47058823529411764,0.31538040455373795
stepmhc_beta,pr,0.14035087719298245,0.48484848484848486,0.31538040455373795
stepmhc_beta,pr,0.14035087719298245,0.5,0.31538040455373795
stepmhc_beta,pr,0.13157894736842105,0.4838709677419355,0.31538040455373795
stepmhc_beta,pr,0.13157894736842105,0.5,0.31538040455373795
stepmhc_beta,pr,0.12280701754385964,0.4827586206896552,0.31538040455373795
stepmhc_beta,pr,0.11403508771929824,0.4642857142857143,0.31538040455373795
stepmhc_beta,pr,0.11403508771929824,0.48148148148148145,0.31538040455373795
stepmhc_beta,pr,0.10526315789473684,0.46153846153846156,0.31538040455373795
stepmhc_beta,pr,0.10526315789473684,0.48,0.31538040455373795
stepmhc_beta,pr,0.10526315789473684,0.5,0.31538040455373795
stepmhc_beta,pr,0.09649122807017543,0.4782608695652174,0.31538040455373795
stepmhc_beta,pr,0.09649122807017543,0.5,0.31538040455373795
stepmhc_beta,pr,0.08771929824561403,0.47619047619047616,0.31538040455373795
stepmhc_beta,pr,0.08771929824561403,0.5,0.31538040455373795
stepmhc_beta,pr,0.07894736842105263,0.47368421052631576,0.31538040455373795
stepmhc_beta,pr,0.07894736842105263,0.5,0.31538040455373795
stepmhc_beta,pr,0.07894736842105263,0.5294117647058824,0.31538040455373795
stepmhc_beta,pr,0.07894736842105263,0.5625,0.31538040455373795
stepmhc_beta,pr,0.07017543859649122,0.5333333333333333,0.31538040455373795
stepmhc_beta,pr,0.07017543859649122,0.5714285714285714,0.31538040455373795
stepmhc_beta,pr,0.07017543859649122,0.6153846153846154,0.31538040455373795
stepmhc_beta,pr,0.06140350877192982,0.5833333333333334,0.31538040455373795
stepmhc_beta,pr,0.05263157894736842,0.5454545454545454,0.31538040455373795
stepmhc_beta,pr,0.05263157894736842,0.6,0.31538040455373795
stepmhc_beta,pr,0.043859649122807015,0.5555555555555556,0.31538040455373795
stepmhc_beta,pr,0.03508771929824561,0.5,0.31538040455373795
stepmhc_beta,pr,0.02631578947368421,0.42857142857142855,0.31538040455373795
stepmhc_beta,pr,0.02631578947368421,0.5,0.31538040455373795
stepmhc_beta,pr,0.017543859649122806,0.4,0.31538040455373795
stepmhc_beta,pr,0.017543859649122806,0.5,0.31538040455373795
stepmhc_beta,pr,0.008771929824561403,0.3333333333333333,0.31538040455373795
stepmhc_beta,pr,0.008771929824561403,0.5,0.31538040455373795
stepmhc_beta,pr,0.008771929824561403,1.0,0.31538040455373795
stepmhc_beta,pr,0.0,1.0,0.31538040455373795
stepmhc_paired,roc,0.0,0.0,0.7395967990150816
stepmhc_paired,roc,0.0017543859649122807,0.0,0.7395967990150816
stepmhc_paired,roc,0.0017543859649122807,0.008771929824561403,0.7395967990150816
stepmhc_paired,roc,0.0035087719298245615,0.008771929824561403,0.7395967990150816
stepmhc_paired,roc,0.0035087719298245615,0.02631578947368421,0.7395967990150816
stepmhc_paired,roc,0.005263157894736842,0.02631578947368421,0.7395967990150816
stepmhc_paired,roc,0.005263157894736842,0.03508771929824561,0.7395967990150816
stepmhc_paired,roc,0.008771929824561403,0.03508771929824561,0.7395967990150816
stepmhc_paired,roc,0.008771929824561403,0.043859649122807015,0.7395967990150816
stepmhc_paired,roc,0.014035087719298246,0.043859649122807015,0.7395967990150816
stepmhc_paired,roc,0.014035087719298246,0.06140350877192982,0.7395967990150816
stepmhc_paired,roc,0.02456140350877193,0.06140350877192982,0.7395967990150816
stepmhc_paired,roc,0.02456140350877193,0.07894736842105263,0.7395967990150816
stepmhc_paired,roc,0.028070175438596492,0.07894736842105263,0.7395967990150816
stepmhc_paired,roc,0.028070175438596492,0.10526315789473684,0.7395967990150816
stepmhc_paired,roc,0.031578947368421054,0.10526315789473684,0.7395967990150816
stepmhc_paired,roc,0.031578947368421054,0.11403508771929824,0.7395967990150816
stepmhc_paired,roc,0.03684210526315789,0.11403508771929824,0.7395967990150816
stepmhc_paired,roc,0.03684210526315789,0.12280701754385964,0.7395967990150816
stepmhc_paired,roc,0.04035087719298246,0.12280701754385964,0.7395967990150816
stepmhc_paired,roc,0.04035087719298246,0.14912280701754385,0.7395967990150816
stepmhc_paired,roc,0.042105263157894736,0.14912280701754385,0.7395967990150816
stepmhc_paired,roc,0.042105263157894736,0.20175438596491227,0.7395967990150816
stepmhc_paired,roc,0.0456140350877193,0.20175438596491227,0.7395967990150816
stepmhc_paired,roc,0.0456140350877193,0.21052631578947367,0.7395967990150816
stepmhc_paired,roc,0.04736842105263158,0.21052631578947367,0.7395967990150816
stepmhc_paired,roc,0.04736842105263158,0.21929824561403508,0.7395967990150816
stepmhc_paired,roc,0.05263157894736842,0.21929824561403508,0.7395967990150816
stepmhc_paired,roc,0.05263157894736842,0.22807017543859648,0.7395967990150816
stepmhc_paired,roc,0.056140350877192984,0.22807017543859648,0.7395967990150816
stepmhc_paired,roc,0.056140350877192984,0.23684210526315788,0.7395967990150816
stepmhc_paired,roc,0.06140350877192982,0.23684210526315788,0.7395967990150816
stepmhc_paired,roc,0.06140350877192982,0.24561403508771928,0.7395967990150816
stepmhc_paired,roc,0.06315789473684211,0.24561403508771928,0.7395967990150816
stepmhc_paired,roc,0.06315789473684211,0.2543859649122807,0.7395967990150816
stepmhc_paired,roc,0.06842105263157895,0.2543859649122807,0.7395967990150816
stepmhc_paired,roc,0.06842105263157895,0.2807017543859649,0.7395967990150816
stepmhc_paired,roc,0.07017543859649122,0.2807017543859649,0.7395967990150816
stepmhc_paired,roc,0.07017543859649122,0.2894736842105263,0.7395967990150816
stepmhc_paired,roc,0.07192982456140351,0.2894736842105263,0.7395967990150816
stepmhc_paired,roc,0.07192982456140351,0.2982456140350877,0.7395967990150816
stepmhc_paired,roc,0.07368421052631578,0.2982456140350877,0.7395967990150816
stepmhc_paired,roc,0.07368421052631578,0.30701754385964913,0.7395967990150816
stepmhc_paired,roc,0.07719298245614035,0.30701754385964913,0.7395967990150816
stepmhc_paired,roc,0.07719298245614035,0.3333333333333333,0.7395967990150816
stepmhc_paired,roc,0.0824561403508772,0.3333333333333333,0.7395967990150816
stepmhc_paired,roc,0.0824561403508772,0.3508771929824561,0.7395967990150816
stepmhc_paired,roc,0.08771929824561403,0.3508771929824561,0.7395967990150816
stepmhc_paired,roc,0.08771929824561403,0.35964912280701755,0.7395967990150816
stepmhc_paired,roc,0.09824561403508772,0.35964912280701755,0.7395967990150816
stepmhc_paired,roc,0.09824561403508772,0.3684210526315789,0.7395967990150816
stepmhc_paired,roc,0.11578947368421053,0.3684210526315789,0.7395967990150816
stepmhc_paired,roc,0.11578947368421053,0.38596491228070173,0.7395967990150816
stepmhc_paired,roc,0.12456140350877193,0.38596491228070173,0.7395967990150816
stepmhc_paired,roc,0.12456140350877193,0.40350877192982454,0.7395967990150816
stepmhc_paired,roc,0.12631578947368421,0.40350877192982454,0.7395967990150816
stepmhc_paired,roc,0.12631578947368421,0.41228070175438597,0.7395967990150816
stepmhc_paired,roc,0.12982456140350876,0.41228070175438597,0.7395967990150816
stepmhc_paired,roc,0.12982456140350876,0.42105263157894735,0.7395967990150816
stepmhc_paired,roc,0.13333333333333333,0.42105263157894735,0.7395967990150816
stepmhc_paired,roc,0.13333333333333333,0.4298245614035088,0.7395967990150816
stepmhc_paired,roc,0.13859649122807016,0.4298245614035088,0.7395967990150816
stepmhc_paired,roc,0.13859649122807016,0.43859649122807015,0.7395967990150816
stepmhc_paired,roc,0.14736842105263157,0.43859649122807015,0.7395967990150816
stepmhc_paired,roc,0.14736842105263157,0.45614035087719296,0.7395967990150816
stepmhc_paired,roc,0.15087719298245614,0.45614035087719296,0.7395967990150816
stepmhc_paired,roc,0.15087719298245614,0.4649122807017544,0.7395967990150816
stepmhc_paired,roc,0.15789473684210525,0.4649122807017544,0.7395967990150816
stepmhc_paired,roc,0.15789473684210525,0.4824561403508772,0.7395967990150816
stepmhc_paired,roc,0.1631578947368421,0.4824561403508772,0.7395967990150816
stepmhc_paired,roc,0.1631578947368421,0.49122807017543857,0.7395967990150816
stepmhc_paired,roc,0.16842105263157894,0.49122807017543857,0.7395967990150816
stepmhc_paired,roc,0.16842105263157894,0.5087719298245614,0.7395967990150816
stepmhc_paired,roc,0.17017543859649123,0.5087719298245614,0.7395967990150816
stepmhc_paired,roc,0.17017543859649123,0.5350877192982456,0.7395967990150816
stepmhc_paired,roc,0.1824561403508772,0.5350877192982456,0.7395967990150816
stepmhc_paired,roc,0.1824561403508772,0.543859649122807,0.7395967990150816
stepmhc_paired,roc,0.18596491228070175,0.543859649122807,0.7395967990150816
stepmhc_paired,roc,0.18596491228070175,0.5526315789473685,0.7395967990150816
stepmhc_paired,roc,0.18947368421052632,0.5526315789473685,0.7395967990150816
stepmhc_paired,roc,0.18947368421052632,0.5614035087719298,0.7395967990150816
stepmhc_paired,roc,0.2,0.5614035087719298,0.7395967990150816
stepmhc_paired,roc,0.2,0.5701754385964912,0.7395967990150816
stepmhc_paired,roc,0.20350877192982456,0.5701754385964912,0.7395967990150816
stepmhc_paired,roc,0.20350877192982456,0.5789473684210527,0.7395967990150816
stepmhc_paired,roc,0.21228070175438596,0.5789473684210527,0.7395967990150816
stepmhc_paired,roc,0.21228070175438596,0.5877192982456141,0.7395967990150816
stepmhc_paired,roc,0.22280701754385965,0.5877192982456141,0.7395967990150816
stepmhc_paired,roc,0.22280701754385965,0.5964912280701754,0.7395967990150816
stepmhc_paired,roc,0.22807017543859648,0.5964912280701754,0.7395967990150816
stepmhc_paired,roc,0.22807017543859648,0.6140350877192983,0.7395967990150816
stepmhc_paired,roc,0.23333333333333334,0.6140350877192983,0.7395967990150816
stepmhc_paired,roc,0.23333333333333334,0.6228070175438597,0.7395967990150816
stepmhc_paired,roc,0.24035087719298245,0.6228070175438597,0.7395967990150816
stepmhc_paired,roc,0.24035087719298245,0.631578947368421,0.7395967990150816
stepmhc_paired,roc,0.24561403508771928,0.631578947368421,0.7395967990150816
stepmhc_paired,roc,0.24561403508771928,0.6403508771929824,0.7395967990150816
stepmhc_paired,roc,0.26666666666666666,0.6403508771929824,0.7395967990150816
stepmhc_paired,roc,0.26666666666666666,0.6578947368421053,0.7395967990150816
stepmhc_paired,roc,0.27017543859649124,0.6578947368421053,0.7395967990150816
stepmhc_paired,roc,0.27017543859649124,0.6666666666666666,0.7395967990150816
stepmhc_paired,roc,0.28771929824561404,0.6666666666666666,0.7395967990150816
stepmhc_paired,roc,0.28771929824561404,0.6754385964912281,0.7395967990150816
stepmhc_paired,roc,0.2982456140350877,0.6754385964912281,0.7395967990150816
stepmhc_paired,roc,0.2982456140350877,0.6842105263157895,0.7395967990150816
stepmhc_paired,roc,0.3087719298245614,0.6842105263157895,0.7395967990150816
stepmhc_paired,roc,0.3087719298245614,0.6929824561403509,0.7395967990150816
stepmhc_paired,roc,0.3140350877192982,0.6929824561403509,0.7395967990150816
stepmhc_paired,roc,0.3140350877192982,0.7017543859649122,0.7395967990150816
stepmhc_paired,roc,0.3298245614035088,0.7017543859649122,0.7395967990150816
stepmhc_paired,roc,0.3298245614035088,0.7105263157894737,0.7395967990150816
stepmhc_paired,roc,0.3350877192982456,0.7105263157894737,0.7395967990150816
stepmhc_paired,roc,0.3350877192982456,0.7192982456140351,0.7395967990150816
stepmhc_paired,roc,0.34385964912280703,0.7192982456140351,0.7395967990150816
stepmhc_paired,roc,0.34385964912280703,0.7280701754385965,0.7395967990150816
stepmhc_paired,roc,0.36666666666666664,0.7280701754385965,0.7395967990150816
stepmhc_paired,roc,0.36666666666666664,0.7368421052631579,0.7395967990150816
stepmhc_paired,roc,0.3736842105263158,0.7368421052631579,0.7395967990150816
stepmhc_paired,roc,0.3736842105263158,0.7456140350877193,0.7395967990150816
stepmhc_paired,roc,0.4070175438596491,0.7456140350877193,0.7395967990150816
stepmhc_paired,roc,0.4070175438596491,0.7543859649122807,0.7395967990150816
stepmhc_paired,roc,0.4368421052631579,0.7543859649122807,0.7395967990150816
stepmhc_paired,roc,0.4368421052631579,0.7631578947368421,0.7395967990150816
stepmhc_paired,roc,0.44912280701754387,0.7631578947368421,0.7395967990150816
stepmhc_paired,roc,0.44912280701754387,0.7719298245614035,0.7395967990150816
stepmhc_paired,roc,0.45263157894736844,0.7719298245614035,0.7395967990150816
stepmhc_paired,roc,0.45263157894736844,0.7807017543859649,0.7395967990150816
stepmhc_paired,roc,0.4649122807017544,0.7807017543859649,0.7395967990150816
stepmhc_paired,roc,0.4649122807017544,0.7894736842105263,0.7395967990150816
stepmhc_paired,roc,0.49122807017543857,0.7894736842105263,0.7395967990150816
stepmhc_paired,roc,0.49122807017543857,0.7982456140350878,0.7395967990150816
stepmhc_paired,roc,0.49473684210526314,0.7982456140350878,0.7395967990150816
stepmhc_paired,roc,0.49473684210526314,0.8070175438596491,0.7395967990150816
stepmhc_paired,roc,0.512280701754386,0.8070175438596491,0.7395967990150816
stepmhc_paired,roc,0.512280701754386,0.8157894736842105,0.7395967990150816
stepmhc_paired,roc,0.519298245614035,0.8157894736842105,0.7395967990150816
stepmhc_paired,roc,0.519298245614035,0.8245614035087719,0.7395967990150816
stepmhc_paired,roc,0.5228070175438596,0.8245614035087719,0.7395967990150816
stepmhc_paired,roc,0.5228070175438596,0.8333333333333334,0.7395967990150816
stepmhc_paired,roc,0.5719298245614035,0.8333333333333334,0.7395967990150816
stepmhc_paired,roc,0.5719298245614035,0.8421052631578947,0.7395967990150816
stepmhc_paired,roc,0.5789473684210527,0.8421052631578947,0.7395967990150816
stepmhc_paired,roc,0.5789473684210527,0.8508771929824561,0.7395967990150816
stepmhc_paired,roc,0.5894736842105263,0.8508771929824561,0.7395967990150816
stepmhc_paired,roc,0.5894736842105263,0.8771929824561403,0.7395967990150816
stepmhc_paired,roc,0.5912280701754385,0.8771929824561403,0.7395967990150816
stepmhc_paired,roc,0.5912280701754385,0.8859649122807017,0.7395967990150816
stepmhc_paired,roc,0.6140350877192983,0.8859649122807017,0.7395967990150816
stepmhc_paired,roc,0.6140350877192983,0.8947368421052632,0.7395967990150816
stepmhc_paired,roc,0.624561403508772,0.8947368421052632,0.7395967990150816
stepmhc_paired,roc,0.624561403508772,0.9035087719298246,0.7395967990150816
stepmhc_paired,roc,0.6280701754385964,0.9035087719298246,0.7395967990150816
stepmhc_paired,roc,0.6280701754385964,0.9122807017543859,0.7395967990150816
stepmhc_paired,roc,0.7350877192982456,0.9122807017543859,0.7395967990150816
stepmhc_paired,roc,0.7350877192982456,0.9210526315789473,0.7395967990150816
stepmhc_paired,roc,0.7491228070175439,0.9210526315789473,0.7395967990150816
stepmhc_paired,roc,0.7491228070175439,0.9298245614035088,0.7395967990150816
stepmhc_paired,roc,0.7596491228070176,0.9298245614035088,0.7395967990150816
stepmhc_paired,roc,0.7596491228070176,0.9385964912280702,0.7395967990150816
stepmhc_paired,roc,0.8157894736842105,0.9385964912280702,0.7395967990150816
stepmhc_paired,roc,0.8157894736842105,0.9473684210526315,0.7395967990150816
stepmhc_paired,roc,0.8210526315789474,0.9473684210526315,0.7395967990150816
stepmhc_paired,roc,0.8210526315789474,0.956140350877193,0.7395967990150816
stepmhc_paired,roc,0.8842105263157894,0.956140350877193,0.7395967990150816
stepmhc_paired,roc,0.8842105263157894,0.9649122807017544,0.7395967990150816
stepmhc_paired,roc,0.8982456140350877,0.9649122807017544,0.7395967990150816
stepmhc_paired,roc,0.8982456140350877,0.9736842105263158,0.7395967990150816
stepmhc_paired,roc,0.9,0.9736842105263158,0.7395967990150816
stepmhc_paired,roc,0.9,0.9824561403508771,0.7395967990150816
stepmhc_paired,roc,0.9491228070175438,0.9824561403508771,0.7395967990150816
stepmhc_paired,roc,0.9491228070175438,0.9912280701754386,0.7395967990150816
stepmhc_paired,roc,0.9754385964912281,0.9912280701754386,0.7395967990150816
stepmhc_paired,roc,0.9754385964912281,1.0,0.7395967990150816
stepmhc_paired,roc,1.0,1.0,0.7395967990150816
stepmhc_paired,pr,1.0,0.16666666666666666,0.3569037422201182
stepmhc_paired,pr,1.0,0.16691068814055637,0.3569037422201182
stepmhc_paired,pr,1.0,0.16715542521994134,0.3569037422201182
stepmhc_paired,pr,1.0,0.16740088105726872,0.3569037422201182
stepmhc_paired,pr,1.0,0.1676470588235294,0.3569037422201182
stepmhc_paired,pr,1.0,0.16789396170839468,0.3569037422201182
stepmhc_paired,pr,1.0,0.168141592920354,0.3569037422201182
stepmhc_paired,pr,1.0,0.16838995568685378,0.3569037422201182
stepmhc_paired,pr,1.0,0.16863905325443787,0.3569037422201182
stepmhc_paired,pr,1.0,0.1688888888888889,0.3569037422201182
stepmhc_paired,pr,1.0,0.16913946587537093,0.3569037422201182
stepmhc_paired,pr,1.0,0.16939078751857356,0.3569037422201182
stepmhc_paired,pr,1.0,0.16964285714285715,0.3569037422201182
stepmhc_paired,pr,1.0,0.16989567809239942,0.3569037422201182
stepmhc_paired,pr,1.0,0.1701492537313433,0.3569037422201182
stepmhc_paired,pr,0.9912280701754386,0.16890881913303438,0.3569037422201182
stepmhc_paired,pr,0.9912280701754386,0.1691616766467066,0.3569037422201182
stepmhc_paired,pr,0.9912280701754386,0.16941529235382308,0.3569037422201182
stepmhc_paired,pr,0.9912280701754386,0.16966966966966968,0.3569037422201182
stepmhc_paired,pr,0.9912280701754386,0.1699248120300752,0.3569037422201182
stepmhc_paired,pr,0.9912280701754386,0.17018072289156627,0.3569037422201182
stepmhc_paired,pr,0.9912280701754386,0.17043740573152338,0.3569037422201182
stepmhc_paired,pr,0.9912280701754386,0.17069486404833836,0.3569037422201182
stepmhc_paired,pr,0.9912280701754386,0.17095310136157338,0.3569037422201182
stepmhc_paired,pr,0.9912280701754386,0.1712121212121212,0.3569037422201182
stepmhc_paired,pr,0.9912280701754386,0.17147192716236723,0.3569037422201182
stepmhc_paired,pr,0.9912280701754386,0.1717325227963526,0.3569037422201182
stepmhc_paired,pr,0.9912280701754386,0.1719939117199391,0.3569037422201182
stepmhc_paired,pr,0.9912280701754386,0.1722560975609756,0.3569037422201182
stepmhc_paired,pr,0.9912280701754386,0.17251908396946564,0.3569037422201182
stepmhc_paired,pr,0.9912280701754386,0.172782874617737,0.3569037422201182
stepmhc_paired,pr,0.9824561403508771,0.17151607963246554,0.3569037422201182
stepmhc_paired,pr,0.9824561403508771,0.17177914110429449,0.3569037422201182
stepmhc_paired,pr,0.9824561403508771,0.17204301075268819,0.3569037422201182
stepmhc_paired,pr,0.9824561403508771,0.1723076923076923,0.3569037422201182
stepmhc_paired,pr,0.9824561403508771,0.17257318952234207,0.3569037422201182
stepmhc_paired,pr,0.9824561403508771,0.1728395061728395,0.3569037422201182
stepmhc_paired,pr,0.9824561403508771,0.1731066460587326,0.3569037422201182
stepmhc_paired,pr,0.9824561403508771,0.17337461300309598,0.3569037422201182
stepmhc_paired,pr,0.9824561403508771,0.17364341085271318,0.3569037422201182
stepmhc_paired,pr,0.9824561403508771,0.17391304347826086,0.3569037422201182
stepmhc_paired,pr,0.9824561403508771,0.17418351477449456,0.3569037422201182
stepmhc_paired,pr,0.9824561403508771,0.17445482866043613,0.3569037422201182
stepmhc_paired,pr,0.9824561403508771,0.1747269890795632,0.3569037422201182
stepmhc_paired,pr,0.9824561403508771,0.175,0.3569037422201182
stepmhc_paired,pr,0.9824561403508771,0.1752738654147105,0.3569037422201182
stepmhc_paired,pr,0.9824561403508771,0.1755485893416928,0.3569037422201182
stepmhc_paired,pr,0.9824561403508771,0.17582417582417584,0.3569037422201182
stepmhc_paired,pr,0.9824561403508771,0.1761006289308176,0.3569037422201182
stepmhc_paired,pr,0.9824561403508771,0.1763779527559055,0.3569037422201182
stepmhc_paired,pr,0.9824561403508771,0.17665615141955837,0.3569037422201182
stepmhc_paired,pr,0.9824561403508771,0.1769352290679305,0.3569037422201182
stepmhc_paired,pr,0.9824561403508771,0.17721518987341772,0.3569037422201182
stepmhc_paired,pr,0.9824561403508771,0.1774960380348653,0.3569037422201182
stepmhc_paired,pr,0.9824561403508771,0.17777777777777778,0.3569037422201182
stepmhc_paired,pr,0.9824561403508771,0.178060413354531,0.3569037422201182
stepmhc_paired,pr,0.9824561403508771,0.17834394904458598,0.3569037422201182
stepmhc_paired,pr,0.9824561403508771,0.17862838915470494,0.3569037422201182
stepmhc_paired,pr,0.9824561403508771,0.17891373801916932,0.3569037422201182
stepmhc_paired,pr,0.9824561403508771,0.1792,0.3569037422201182
stepmhc_paired,pr,0.9736842105263158,0.1778846153846154,0.3569037422201182
stepmhc_paired,pr,0.9736842105263158,0.1781701444622793,0.3569037422201182
stepmhc_paired,pr,0.9649122807017544,0.17684887459807075,0.3569037422201182
stepmhc_paired,pr,0.9649122807017544,0.17713365539452497,0.3569037422201182
stepmhc_paired,pr,0.9649122807017544,0.1774193548387097,0.3569037422201182
stepmhc_paired,pr,0.9649122807017544,0.1777059773828756,0.3569037422201182
stepmhc_paired,pr,0.9649122807017544,0.1779935275080906,0.3569037422201182
stepmhc_paired,pr,0.9649122807017544,0.17828200972447325,0.3569037422201182
stepmhc_paired,pr,0.9649122807017544,0.17857142857142858,0.3569037422201182
stepmhc_paired,pr,0.9649122807017544,0.17886178861788618,0.3569037422201182
stepmhc_paired,pr,0.9649122807017544,0.1791530944625407,0.3569037422201182
stepmhc_paired,pr,0.956140350877193,0.17781402936378465,0.3569037422201182
stepmhc_paired,pr,0.956140350877193,0.1781045751633987,0.3569037422201182
stepmhc_paired,pr,0.956140350877193,0.1783960720130933,0.3569037422201182
stepmhc_paired,pr,0.956140350877193,0.17868852459016393,0.3569037422201182
stepmhc_paired,pr,0.956140350877193,0.17898193760262726,0.3569037422201182
stepmhc_paired,pr,0.956140350877193,0.17927631578947367,0.3569037422201182
stepmhc_paired,pr,0.956140350877193,0.17957166392092258,0.3569037422201182
stepmhc_paired,pr,0.956140350877193,0.17986798679867988,0.3569037422201182
stepmhc_paired,pr,0.956140350877193,0.18016528925619835,0.3569037422201182
stepmhc_paired,pr,0.956140350877193,0.1804635761589404,0.3569037422201182
stepmhc_paired,pr,0.956140350877193,0.18076285240464346,0.3569037422201182
stepmhc_paired,pr,0.956140350877193,0.18106312292358803,0.3569037422201182
stepmhc_paired,pr,0.956140350877193,0.18136439267886856,0.3569037422201182
stepmhc_paired,pr,0.956140350877193,0.18166666666666667,0.3569037422201182
stepmhc_paired,pr,0.956140350877193,0.18196994991652754,0.3569037422201182
stepmhc_paired,pr,0.956140350877193,0.18227424749163879,0.3569037422201182
stepmhc_paired,pr,0.956140350877193,0.18257956448911222,0.3569037422201182
stepmhc_paired,pr,0.956140350877193,0.18288590604026847,0.3569037422201182
stepmhc_paired,pr,0.956140350877193,0.18319327731092436,0.3569037422201182
stepmhc_paired,pr,0.956140350877193,0.1835016835016835,0.3569037422201182
stepmhc_paired,pr,0.956140350877193,0.18381112984822934,0.3569037422201182
stepmhc_paired,pr,0.956140350877193,0.18412162162162163,0.3569037422201182
stepmhc_paired,pr,0.956140350877193,0.1844331641285956,0.3569037422201182
stepmhc_paired,pr,0.956140350877193,0.1847457627118644,0.3569037422201182
stepmhc_paired,pr,0.956140350877193,0.18505942275042445,0.3569037422201182
stepmhc_paired,pr,0.956140350877193,0.18537414965986396,0.3569037422201182
stepmhc_paired,pr,0.956140350877193,0.18568994889267462,0.3569037422201182
stepmhc_paired,pr,0.956140350877193,0.18600682593856654,0.3569037422201182
stepmhc_paired,pr,0.956140350877193,0.18632478632478633,0.3569037422201182
stepmhc_paired,pr,0.956140350877193,0.18664383561643835,0.3569037422201182
stepmhc_paired,pr,0.956140350877193,0.18696397941680962,0.3569037422201182
stepmhc_paired,pr,0.956140350877193,0.1872852233676976,0.3569037422201182
stepmhc_paired,pr,0.956140350877193,0.18760757314974183,0.3569037422201182
stepmhc_paired,pr,0.956140350877193,0.1879310344827586,0.3569037422201182
stepmhc_paired,pr,0.956140350877193,0.18825561312607944,0.3569037422201182
stepmhc_paired,pr,0.956140350877193,0.18858131487889274,0.3569037422201182
stepmhc_paired,pr,0.956140350877193,0.18890814558058924,0.3569037422201182
stepmhc_paired,pr,0.9473684210526315,0.1875,0.3569037422201182
stepmhc_paired,pr,0.9473684210526315,0.18782608695652173,0.3569037422201182
stepmhc_paired,pr,0.9473684210526315,0.18815331010452963,0.3569037422201182
stepmhc_paired,pr,0.9473684210526315,0.18848167539267016,0.3569037422201182
stepmhc_paired,pr,0.9385964912280702,0.18706293706293706,0.3569037422201182
stepmhc_paired,pr,0.9385964912280702,0.18739054290718038,0.3569037422201182
stepmhc_paired,pr,0.9385964912280702,0.18771929824561404,0.3569037422201182
stepmhc_paired,pr,0.9385964912280702,0.18804920913884007,0.3569037422201182
stepmhc_paired,pr,0.9385964912280702,0.18838028169014084,0.3569037422201182
stepmhc_paired,pr,0.9385964912280702,0.18871252204585537,0.3569037422201182
stepmhc_paired,pr,0.9385964912280702,0.18904593639575973,0.3569037422201182
stepmhc_paired,pr,0.9385964912280702,0.18938053097345134,0.3569037422201182
stepmhc_paired,pr,0.9385964912280702,0.18971631205673758,0.3569037422201182
stepmhc_paired,pr,0.9385964912280702,0.19005328596802842,0.3569037422201182
stepmhc_paired,pr,0.9385964912280702,0.1903914590747331,0.3569037422201182
stepmhc_paired,pr,0.9385964912280702,0.19073083778966132,0.3569037422201182
stepmhc_paired,pr,0.9385964912280702,0.19107142857142856,0.3569037422201182
stepmhc_paired,pr,0.9385964912280702,0.19141323792486584,0.3569037422201182
stepmhc_paired,pr,0.9385964912280702,0.1917562724014337,0.3569037422201182
stepmhc_paired,pr,0.9385964912280702,0.19210053859964094,0.3569037422201182
stepmhc_paired,pr,0.9385964912280702,0.19244604316546762,0.3569037422201182
stepmhc_paired,pr,0.9385964912280702,0.1927927927927928,0.3569037422201182
stepmhc_paired,pr,0.9385964912280702,0.1931407942238267,0.3569037422201182
stepmhc_paired,pr,0.9385964912280702,0.19349005424954793,0.3569037422201182
stepmhc_paired,pr,0.9385964912280702,0.19384057971014493,0.3569037422201182
stepmhc_paired,pr,0.9385964912280702,0.19419237749546278,0.3569037422201182
stepmhc_paired,pr,0.9385964912280702,0.19454545454545455,0.3569037422201182
stepmhc_paired,pr,0.9385964912280702,0.19489981785063754,0.3569037422201182
stepmhc_paired,pr,0.9385964912280702,0.19525547445255476,0.3569037422201182
stepmhc_paired,pr,0.9385964912280702,0.1956124314442413,0.3569037422201182
stepmhc_paired,pr,0.9385964912280702,0.19597069597069597,0.3569037422201182
stepmhc_paired,pr,0.9385964912280702,0.1963302752293578,0.3569037422201182
stepmhc_paired,pr,0.9385964912280702,0.19669117647058823,0.3569037422201182
stepmhc_paired,pr,0.9385964912280702,0.19705340699815838,0.3569037422201182
stepmhc_paired,pr,0.9385964912280702,0.1974169741697417,0.3569037422201182
stepmhc_paired,pr,0.9385964912280702,0.1977818853974122,0.3569037422201182
stepmhc_paired,pr,0.9385964912280702,0.19814814814814816,0.3569037422201182
stepmhc_paired,pr,0.9298245614035088,0.19666048237476808,0.3569037422201182
stepmhc_paired,pr,0.9298245614035088,0.1970260223048327,0.3569037422201182
stepmhc_paired,pr,0.9298245614035088,0.1973929236499069,0.3569037422201182
stepmhc_paired,pr,0.9298245614035088,0.19776119402985073,0.3569037422201182
stepmhc_paired,pr,0.9298245614035088,0.19813084112149532,0.3569037422201182
stepmhc_paired,pr,0.9298245614035088,0.19850187265917604,0.3569037422201182
stepmhc_paired,pr,0.9298245614035088,0.19887429643527205,0.3569037422201182
stepmhc_paired,pr,0.9210526315789473,0.19736842105263158,0.3569037422201182
stepmhc_paired,pr,0.9210526315789473,0.1977401129943503,0.3569037422201182
stepmhc_paired,pr,0.9210526315789473,0.19811320754716982,0.3569037422201182
stepmhc_paired,pr,0.9210526315789473,0.19848771266540643,0.3569037422201182
stepmhc_paired,pr,0.9210526315789473,0.19886363636363635,0.3569037422201182
stepmhc_paired,pr,0.9210526315789473,0.19924098671726756,0.3569037422201182
stepmhc_paired,pr,0.9210526315789473,0.19961977186311788,0.3569037422201182
stepmhc_paired,pr,0.9210526315789473,0.2,0.3569037422201182
stepmhc_paired,pr,0.9210526315789473,0.20038167938931298,0.3569037422201182
stepmhc_paired,pr,0.9122807017543859,0.1988527724665392,0.3569037422201182
stepmhc_paired,pr,0.9122807017543859,0.19923371647509577,0.3569037422201182
stepmhc_paired,pr,0.9122807017543859,0.19961612284069097,0.3569037422201182
stepmhc_paired,pr,0.9122807017543859,0.2,0.3569037422201182
stepmhc_paired,pr,0.9122807017543859,0.2003853564547206,0.3569037422201182
stepmhc_paired,pr,0.9122807017543859,0.20077220077220076,0.3569037422201182
stepmhc_paired,pr,0.9122807017543859,0.2011605415860735,0.3569037422201182
stepmhc_paired,pr,0.9122807017543859,0.20155038759689922,0.3569037422201182
stepmhc_paired,pr,0.9122807017543859,0.20194174757281552,0.3569037422201182
stepmhc_paired,pr,0.9122807017543859,0.20233463035019456,0.3569037422201182
stepmhc_paired,pr,0.9122807017543859,0.20272904483430798,0.3569037422201182
stepmhc_paired,pr,0.9122807017543859,0.203125,0.3569037422201182
stepmhc_paired,pr,0.9122807017543859,0.2035225048923679,0.3569037422201182
stepmhc_paired,pr,0.9122807017543859,0.20392156862745098,0.3569037422201182
stepmhc_paired,pr,0.9122807017543859,0.2043222003929273,0.3569037422201182
stepmhc_paired,pr,0.9122807017543859,0.2047244094488189,0.3569037422201182
stepmhc_paired,pr,0.9122807017543859,0.20512820512820512,0.3569037422201182
stepmhc_paired,pr,0.9122807017543859,0.20553359683794467,0.3569037422201182
stepmhc_paired,pr,0.9122807017543859,0.20594059405940593,0.3569037422201182
stepmhc_paired,pr,0.9122807017543859,0.20634920634920634,0.3569037422201182
stepmhc_paired,pr,0.9122807017543859,0.20675944333996024,0.3569037422201182
stepmhc_paired,pr,0.9122807017543859,0.20717131474103587,0.3569037422201182
stepmhc_paired,pr,0.9122807017543859,0.20758483033932135,0.3569037422201182
stepmhc_paired,pr,0.9122807017543859,0.208,0.3569037422201182
stepmhc_paired,pr,0.9122807017543859,0.20841683366733466,0.3569037422201182
stepmhc_paired,pr,0.9122807017543859,0.20883534136546184,0.3569037422201182
stepmhc_paired,pr,0.9122807017543859,0.20925553319919518,0.3569037422201182
stepmhc_paired,pr,0.9122807017543859,0.20967741935483872,0.3569037422201182
stepmhc_paired,pr,0.9122807017543859,0.2101010101010101,0.3569037422201182
stepmhc_paired,pr,0.9122807017543859,0.21052631578947367,0.3569037422201182
stepmhc_paired,pr,0.9122807017543859,0.21095334685598377,0.3569037422201182
stepmhc_paired,pr,0.9122807017543859,0.21138211382113822,0.3569037422201182
stepmhc_paired,pr,0.9122807017543859,0.21181262729124237,0.3569037422201182
stepmhc_paired,pr,0.9122807017543859,0.21224489795918366,0.3569037422201182
stepmhc_paired,pr,0.9122807017543859,0.21267893660531698,0.3569037422201182
stepmhc_paired,pr,0.9122807017543859,0.21311475409836064,0.3569037422201182
stepmhc_paired,pr,0.9122807017543859,0.2135523613963039,0.3569037422201182
stepmhc_paired,pr,0.9122807017543859,0.2139917695473251,0.3569037422201182
stepmhc_paired,pr,0.9122807017543859,0.21443298969072164,0.3569037422201182
stepmhc_paired,pr,0.9122807017543859,0.21487603305785125,0.3569037422201182
stepmhc_paired,pr,0.9122807017543859,0.2153209109730849,0.3569037422201182
stepmhc_paired,pr,0.9122807017543859,0.2157676348547718,0.3569037422201182
stepmhc_paired,pr,0.9122807017543859,0.21621621621621623,0.3569037422201182
stepmhc_paired,pr,0.9122807017543859,0.21666666666666667,0.3569037422201182
stepmhc_paired,pr,0.9122807017543859,0.21711899791231734,0.3569037422201182
stepmhc_paired,pr,0.9122807017543859,0.2175732217573222,0.3569037422201182
stepmhc_paired,pr,0.9122807017543859,0.2180293501048218,0.3569037422201182
stepmhc_paired,pr,0.9122807017543859,0.2184873949579832,0.3569037422201182
stepmhc_paired,pr,0.9122807017543859,0.21894736842105264,0.3569037422201182
stepmhc_paired,pr,0.9122807017543859,0.21940928270042195,0.3569037422201182
stepmhc_paired,pr,0.9122807017543859,0.21987315010570824,0.3569037422201182
stepmhc_paired,pr,0.9122807017543859,0.22033898305084745,0.3569037422201182
stepmhc_paired,pr,0.9122807017543859,0.2208067940552017,0.3569037422201182
stepmhc_paired,pr,0.9122807017543859,0.22127659574468084,0.3569037422201182
stepmhc_paired,pr,0.9122807017543859,0.22174840085287847,0.3569037422201182
stepmhc_paired,pr,0.9122807017543859,0.2222222222222222,0.3569037422201182
stepmhc_paired,pr,0.9122807017543859,0.22269807280513917,0.3569037422201182
stepmhc_paired,pr,0.9122807017543859,0.22317596566523606,0.3569037422201182
stepmhc_paired,pr,0.9122807017543859,0.22365591397849463,0.3569037422201182
stepmhc_paired,pr,0.9122807017543859,0.22413793103448276,0.3569037422201182
stepmhc_paired,pr,0.9122807017543859,0.22462203023758098,0.3569037422201182
stepmhc_paired,pr,0.9122807017543859,0.22510822510822512,0.3569037422201182
stepmhc_paired,pr,0.9035087719298246,0.22342733188720174,0.3569037422201182
stepmhc_paired,pr,0.9035087719298246,0.22391304347826088,0.3569037422201182
stepmhc_paired,pr,0.9035087719298246,0.22440087145969498,0.3569037422201182
stepmhc_paired,pr,0.8947368421052632,0.22270742358078602,0.3569037422201182
stepmhc_paired,pr,0.8947368421052632,0.22319474835886213,0.3569037422201182
stepmhc_paired,pr,0.8947368421052632,0.2236842105263158,0.3569037422201182
stepmhc_paired,pr,0.8947368421052632,0.22417582417582418,0.3569037422201182
stepmhc_paired,pr,0.8947368421052632,0.22466960352422907,0.3569037422201182
stepmhc_paired,pr,0.8947368421052632,0.2251655629139073,0.3569037422201182
stepmhc_paired,pr,0.8947368421052632,0.22566371681415928,0.3569037422201182
stepmhc_paired,pr,0.8859649122807017,0.22394678492239467,0.3569037422201182
stepmhc_paired,pr,0.8859649122807017,0.22444444444444445,0.3569037422201182
stepmhc_paired,pr,0.8859649122807017,0.22494432071269488,0.3569037422201182
stepmhc_paired,pr,0.8859649122807017,0.22544642857142858,0.3569037422201182
stepmhc_paired,pr,0.8859649122807017,0.22595078299776286,0.3569037422201182
stepmhc_paired,pr,0.8859649122807017,0.226457399103139,0.3569037422201182
stepmhc_paired,pr,0.8859649122807017,0.22696629213483147,0.3569037422201182
stepmhc_paired,pr,0.8859649122807017,0.22747747747747749,0.3569037422201182
stepmhc_paired,pr,0.8859649122807017,0.22799097065462753,0.3569037422201182
stepmhc_paired,pr,0.8859649122807017,0.22850678733031674,0.3569037422201182
stepmhc_paired,pr,0.8859649122807017,0.2290249433106576,0.3569037422201182
stepmhc_paired,pr,0.8859649122807017,0.22954545454545455,0.3569037422201182
stepmhc_paired,pr,0.8859649122807017,0.23006833712984054,0.3569037422201182
stepmhc_paired,pr,0.8859649122807017,0.23059360730593606,0.3569037422201182
stepmhc_paired,pr,0.8771929824561403,0.2288329519450801,0.3569037422201182
stepmhc_paired,pr,0.8771929824561403,0.22935779816513763,0.3569037422201182
stepmhc_paired,pr,0.868421052631579,0.22758620689655173,0.3569037422201182
stepmhc_paired,pr,0.8596491228070176,0.22580645161290322,0.3569037422201182
stepmhc_paired,pr,0.8508771929824561,0.22401847575057737,0.3569037422201182
stepmhc_paired,pr,0.8508771929824561,0.22453703703703703,0.3569037422201182
stepmhc_paired,pr,0.8508771929824561,0.22505800464037123,0.3569037422201182
stepmhc_paired,pr,0.8508771929824561,0.2255813953488372,0.3569037422201182
stepmhc_paired,pr,0.8508771929824561,0.2261072261072261,0.3569037422201182
stepmhc_paired,pr,0.8508771929824561,0.2266355140186916,0.3569037422201182
stepmhc_paired,pr,0.8508771929824561,0.22716627634660422,0.3569037422201182
stepmhc_paired,pr,0.8421052631578947,0.22535211267605634,0.3569037422201182
stepmhc_paired,pr,0.8421052631578947,0.22588235294117648,0.3569037422201182
stepmhc_paired,pr,0.8421052631578947,0.22641509433962265,0.3569037422201182
stepmhc_paired,pr,0.8421052631578947,0.22695035460992907,0.3569037422201182
stepmhc_paired,pr,0.8421052631578947,0.22748815165876776,0.3569037422201182
stepmhc_paired,pr,0.8333333333333334,0.22565320665083136,0.3569037422201182
stepmhc_paired,pr,0.8333333333333334,0.2261904761904762,0.3569037422201182
stepmhc_paired,pr,0.8333333333333334,0.22673031026252982,0.3569037422201182
stepmhc_paired,pr,0.8333333333333334,0.22727272727272727,0.3569037422201182
stepmhc_paired,pr,0.8333333333333334,0.2278177458033573,0.3569037422201182
stepmhc_paired,pr,0.8333333333333334,0.2283653846153846,0.3569037422201182
stepmhc_paired,pr,0.8333333333333334,0.2289156626506024,0.3569037422201182
stepmhc_paired,pr,0.8333333333333334,0.22946859903381642,0.3569037422201182
stepmhc_paired,pr,0.8333333333333334,0.23002421307506055,0.3569037422201182
stepmhc_paired,pr,0.8333333333333334,0.23058252427184467,0.3569037422201182
stepmhc_paired,pr,0.8333333333333334,0.23114355231143552,0.3569037422201182
stepmhc_paired,pr,0.8333333333333334,0.23170731707317074,0.3569037422201182
stepmhc_paired,pr,0.8333333333333334,0.23227383863080683,0.3569037422201182
stepmhc_paired,pr,0.8333333333333334,0.23284313725490197,0.3569037422201182
stepmhc_paired,pr,0.8333333333333334,0.2334152334152334,0.3569037422201182
stepmhc_paired,pr,0.8333333333333334,0.23399014778325122,0.3569037422201182
stepmhc_paired,pr,0.8333333333333334,0.2345679012345679,0.3569037422201182
stepmhc_paired,pr,0.8333333333333334,0.23514851485148514,0.3569037422201182
stepmhc_paired,pr,0.8333333333333334,0.23573200992555832,0.3569037422201182
stepmhc_paired,pr,0.8333333333333334,0.236318407960199,0.3569037422201182
stepmhc_paired,pr,0.8333333333333334,0.23690773067331672,0.3569037422201182
stepmhc_paired,pr,0.8333333333333334,0.2375,0.3569037422201182
stepmhc_paired,pr,0.8333333333333334,0.23809523809523808,0.3569037422201182
stepmhc_paired,pr,0.8333333333333334,0.23869346733668342,0.3569037422201182
stepmhc_paired,pr,0.8333333333333334,0.23929471032745592,0.3569037422201182
stepmhc_paired,pr,0.8333333333333334,0.2398989898989899,0.3569037422201182
stepmhc_paired,pr,0.8333333333333334,0.24050632911392406,0.3569037422201182
stepmhc_paired,pr,0.8333333333333334,0.24111675126903553,0.3569037422201182
stepmhc_paired,pr,0.8333333333333334,0.24173027989821882,0.3569037422201182
stepmhc_paired,pr,0.8245614035087719,0.23979591836734693,0.3569037422201182
stepmhc_paired,pr,0.8245614035087719,0.24040920716112532,0.3569037422201182
stepmhc_paired,pr,0.8245614035087719,0.24102564102564103,0.3569037422201182
stepmhc_paired,pr,0.8157894736842105,0.2390745501285347,0.3569037422201182
stepmhc_paired,pr,0.8157894736842105,0.23969072164948454,0.3569037422201182
stepmhc_paired,pr,0.8157894736842105,0.24031007751937986,0.3569037422201182
stepmhc_paired,pr,0.8157894736842105,0.24093264248704663,0.3569037422201182
stepmhc_paired,pr,0.8157894736842105,0.24155844155844156,0.3569037422201182
stepmhc_paired,pr,0.8070175438596491,0.23958333333333334,0.3569037422201182
stepmhc_paired,pr,0.8070175438596491,0.2402088772845953,0.3569037422201182
stepmhc_paired,pr,0.8070175438596491,0.24083769633507854,0.3569037422201182
stepmhc_paired,pr,0.8070175438596491,0.24146981627296588,0.3569037422201182
stepmhc_paired,pr,0.8070175438596491,0.24210526315789474,0.3569037422201182
stepmhc_paired,pr,0.8070175438596491,0.24274406332453827,0.3569037422201182
stepmhc_paired,pr,0.8070175438596491,0.24338624338624337,0.3569037422201182
stepmhc_paired,pr,0.8070175438596491,0.2440318302387268,0.3569037422201182
stepmhc_paired,pr,0.8070175438596491,0.24468085106382978,0.3569037422201182
stepmhc_paired,pr,0.8070175438596491,0.24533333333333332,0.3569037422201182
stepmhc_paired,pr,0.8070175438596491,0.24598930481283424,0.3569037422201182
stepmhc_paired,pr,0.7982456140350878,0.24396782841823056,0.3569037422201182
stepmhc_paired,pr,0.7982456140350878,0.2446236559139785,0.3569037422201182
stepmhc_paired,pr,0.7982456140350878,0.24528301886792453,0.3569037422201182
stepmhc_paired,pr,0.7894736842105263,0.24324324324324326,0.3569037422201182
stepmhc_paired,pr,0.7894736842105263,0.24390243902439024,0.3569037422201182
stepmhc_paired,pr,0.7894736842105263,0.24456521739130435,0.3569037422201182
stepmhc_paired,pr,0.7894736842105263,0.2452316076294278,0.3569037422201182
stepmhc_paired,pr,0.7894736842105263,0.2459016393442623,0.3569037422201182
stepmhc_paired,pr,0.7894736842105263,0.2465753424657534,0.3569037422201182
stepmhc_paired,pr,0.7894736842105263,0.24725274725274726,0.3569037422201182
stepmhc_paired,pr,0.7894736842105263,0.24793388429752067,0.3569037422201182
stepmhc_paired,pr,0.7894736842105263,0.24861878453038674,0.3569037422201182
stepmhc_paired,pr,0.7894736842105263,0.24930747922437674,0.3569037422201182
stepmhc_paired,pr,0.7894736842105263,0.25,0.3569037422201182
stepmhc_paired,pr,0.7894736842105263,0.25069637883008355,0.3569037422201182
stepmhc_paired,pr,0.7894736842105263,0.25139664804469275,0.3569037422201182
stepmhc_paired,pr,0.7894736842105263,0.25210084033613445,0.3569037422201182
stepmhc_paired,pr,0.7894736842105263,0.25280898876404495,0.3569037422201182
stepmhc_paired,pr,0.7894736842105263,0.2535211267605634,0.3569037422201182
stepmhc_paired,pr,0.7807017543859649,0.2514124293785311,0.3569037422201182
stepmhc_paired,pr,0.7807017543859649,0.2521246458923513,0.3569037422201182
stepmhc_paired,pr,0.7807017543859649,0.2528409090909091,0.3569037422201182
stepmhc_paired,pr,0.7807017543859649,0.2535612535612536,0.3569037422201182
stepmhc_paired,pr,0.7807017543859649,0.2542857142857143,0.3569037422201182
stepmhc_paired,pr,0.7807017543859649,0.25501432664756446,0.3569037422201182
stepmhc_paired,pr,0.7807017543859649,0.2557471264367816,0.3569037422201182
stepmhc_paired,pr,0.7807017543859649,0.2564841498559078,0.3569037422201182
stepmhc_paired,pr,0.7719298245614035,0.2543352601156069,0.3569037422201182
stepmhc_paired,pr,0.7719298245614035,0.25507246376811593,0.3569037422201182
stepmhc_paired,pr,0.7719298245614035,0.2558139534883721,0.3569037422201182
stepmhc_paired,pr,0.7631578947368421,0.2536443148688047,0.3569037422201182
stepmhc_paired,pr,0.7631578947368421,0.2543859649122807,0.3569037422201182
stepmhc_paired,pr,0.7631578947368421,0.25513196480938416,0.3569037422201182
stepmhc_paired,pr,0.7631578947368421,0.25588235294117645,0.3569037422201182
stepmhc_paired,pr,0.7631578947368421,0.25663716814159293,0.3569037422201182
stepmhc_paired,pr,0.7631578947368421,0.257396449704142,0.3569037422201182
stepmhc_paired,pr,0.7631578947368421,0.258160237388724,0.3569037422201182
stepmhc_paired,pr,0.7631578947368421,0.25892857142857145,0.3569037422201182
stepmhc_paired,pr,0.7543859649122807,0.25671641791044775,0.3569037422201182
stepmhc_paired,pr,0.7543859649122807,0.25748502994011974,0.3569037422201182
stepmhc_paired,pr,0.7543859649122807,0.25825825825825827,0.3569037422201182
stepmhc_paired,pr,0.7543859649122807,0.25903614457831325,0.3569037422201182
stepmhc_paired,pr,0.7543859649122807,0.2598187311178248,0.3569037422201182
stepmhc_paired,pr,0.7543859649122807,0.2606060606060606,0.3569037422201182
stepmhc_paired,pr,0.7543859649122807,0.2613981762917933,0.3569037422201182
stepmhc_paired,pr,0.7543859649122807,0.2621951219512195,0.3569037422201182
stepmhc_paired,pr,0.7543859649122807,0.26299694189602446,0.3569037422201182
stepmhc_paired,pr,0.7543859649122807,0.26380368098159507,0.3569037422201182
stepmhc_paired,pr,0.7543859649122807,0.26461538461538464,0.3569037422201182
stepmhc_paired,pr,0.7543859649122807,0.2654320987654321,0.3569037422201182
stepmhc_paired,pr,0.7543859649122807,0.26625386996904027,0.3569037422201182
stepmhc_paired,pr,0.7543859649122807,0.2670807453416149,0.3569037422201182
stepmhc_paired,pr,0.7543859649122807,0.26791277258566976,0.3569037422201182
stepmhc_paired,pr,0.7543859649122807,0.26875,0.3569037422201182
stepmhc_paired,pr,0.7543859649122807,0.26959247648902823,0.3569037422201182
stepmhc_paired,pr,0.7543859649122807,0.27044025157232704,0.3569037422201182
stepmhc_paired,pr,0.7456140350877193,0.26813880126182965,0.3569037422201182
stepmhc_paired,pr,0.7456140350877193,0.2689873417721519,0.3569037422201182
stepmhc_paired,pr,0.7456140350877193,0.2698412698412698,0.3569037422201182
stepmhc_paired,pr,0.7456140350877193,0.27070063694267515,0.3569037422201182
stepmhc_paired,pr,0.7456140350877193,0.2715654952076677,0.3569037422201182
stepmhc_paired,pr,0.7456140350877193,0.2724358974358974,0.3569037422201182
stepmhc_paired,pr,0.7456140350877193,0.2733118971061093,0.3569037422201182
stepmhc_paired,pr,0.7456140350877193,0.27419354838709675,0.3569037422201182
stepmhc_paired,pr,0.7456140350877193,0.2750809061488673,0.3569037422201182
stepmhc_paired,pr,0.7456140350877193,0.275974025974026,0.3569037422201182
stepmhc_paired,pr,0.7456140350877193,0.2768729641693811,0.3569037422201182
stepmhc_paired,pr,0.7456140350877193,0.2777777777777778,0.3569037422201182
stepmhc_paired,pr,0.7456140350877193,0.2786885245901639,0.3569037422201182
stepmhc_paired,pr,0.7456140350877193,0.27960526315789475,0.3569037422201182
stepmhc_paired,pr,0.7456140350877193,0.28052805280528054,0.3569037422201182
stepmhc_paired,pr,0.7456140350877193,0.2814569536423841,0.3569037422201182
stepmhc_paired,pr,0.7456140350877193,0.2823920265780731,0.3569037422201182
stepmhc_paired,pr,0.7456140350877193,0.2833333333333333,0.3569037422201182
stepmhc_paired,pr,0.7456140350877193,0.2842809364548495,0.3569037422201182
stepmhc_paired,pr,0.7456140350877193,0.28523489932885904,0.3569037422201182
stepmhc_paired,pr,0.7368421052631579,0.2828282828282828,0.3569037422201182
stepmhc_paired,pr,0.7368421052631579,0.28378378378378377,0.3569037422201182
stepmhc_paired,pr,0.7368421052631579,0.2847457627118644,0.3569037422201182
stepmhc_paired,pr,0.7368421052631579,0.2857142857142857,0.3569037422201182
stepmhc_paired,pr,0.7368421052631579,0.28668941979522183,0.3569037422201182
stepmhc_paired,pr,0.7280701754385965,0.2842465753424658,0.3569037422201182
stepmhc_paired,pr,0.7280701754385965,0.2852233676975945,0.3569037422201182
stepmhc_paired,pr,0.7280701754385965,0.28620689655172415,0.3569037422201182
stepmhc_paired,pr,0.7280701754385965,0.28719723183391005,0.3569037422201182
stepmhc_paired,pr,0.7280701754385965,0.2881944444444444,0.3569037422201182
stepmhc_paired,pr,0.7280701754385965,0.289198606271777,0.3569037422201182
stepmhc_paired,pr,0.7280701754385965,0.2902097902097902,0.3569037422201182
stepmhc_paired,pr,0.7280701754385965,0.2912280701754386,0.3569037422201182
stepmhc_paired,pr,0.7280701754385965,0.29225352112676056,0.3569037422201182
stepmhc_paired,pr,0.7280701754385965,0.29328621908127206,0.3569037422201182
stepmhc_paired,pr,0.7280701754385965,0.29432624113475175,0.3569037422201182
stepmhc_paired,pr,0.7280701754385965,0.29537366548042704,0.3569037422201182
stepmhc_paired,pr,0.7280701754385965,0.29642857142857143,0.3569037422201182
stepmhc_paired,pr,0.7280701754385965,0.2974910394265233,0.3569037422201182
stepmhc_paired,pr,0.7192982456140351,0.2949640287769784,0.3569037422201182
stepmhc_paired,pr,0.7192982456140351,0.296028880866426,0.3569037422201182
stepmhc_paired,pr,0.7192982456140351,0.2971014492753623,0.3569037422201182
stepmhc_paired,pr,0.7192982456140351,0.29818181818181816,0.3569037422201182
stepmhc_paired,pr,0.7192982456140351,0.29927007299270075,0.3569037422201182
stepmhc_paired,pr,0.7192982456140351,0.30036630036630035,0.3569037422201182
stepmhc_paired,pr,0.7105263157894737,0.2977941176470588,0.3569037422201182
stepmhc_paired,pr,0.7105263157894737,0.2988929889298893,0.3569037422201182
stepmhc_paired,pr,0.7105263157894737,0.3,0.3569037422201182
stepmhc_paired,pr,0.7105263157894737,0.30111524163568776,0.3569037422201182
stepmhc_paired,pr,0.7017543859649122,0.29850746268656714,0.3569037422201182
stepmhc_paired,pr,0.7017543859649122,0.299625468164794,0.3569037422201182
stepmhc_paired,pr,0.7017543859649122,0.3007518796992481,0.3569037422201182
stepmhc_paired,pr,0.7017543859649122,0.3018867924528302,0.3569037422201182
stepmhc_paired,pr,0.7017543859649122,0.30303030303030304,0.3569037422201182
stepmhc_paired,pr,0.7017543859649122,0.3041825095057034,0.3569037422201182
stepmhc_paired,pr,0.7017543859649122,0.3053435114503817,0.3569037422201182
stepmhc_paired,pr,0.7017543859649122,0.3065134099616858,0.3569037422201182
stepmhc_paired,pr,0.7017543859649122,0.3076923076923077,0.3569037422201182
stepmhc_paired,pr,0.7017543859649122,0.3088803088803089,0.3569037422201182
stepmhc_paired,pr,0.6929824561403509,0.3062015503875969,0.3569037422201182
stepmhc_paired,pr,0.6929824561403509,0.30739299610894943,0.3569037422201182
stepmhc_paired,pr,0.6929824561403509,0.30859375,0.3569037422201182
stepmhc_paired,pr,0.6929824561403509,0.30980392156862746,0.3569037422201182
stepmhc_paired,pr,0.6842105263157895,0.30708661417322836,0.3569037422201182
stepmhc_paired,pr,0.6842105263157895,0.308300395256917,0.3569037422201182
stepmhc_paired,pr,0.6842105263157895,0.30952380952380953,0.3569037422201182
stepmhc_paired,pr,0.6842105263157895,0.3107569721115538,0.3569037422201182
stepmhc_paired,pr,0.6842105263157895,0.312,0.3569037422201182
stepmhc_paired,pr,0.6842105263157895,0.3132530120481928,0.3569037422201182
stepmhc_paired,pr,0.6842105263157895,0.31451612903225806,0.3569037422201182
stepmhc_paired,pr,0.6754385964912281,0.3117408906882591,0.3569037422201182
stepmhc_paired,pr,0.6754385964912281,0.3130081300813008,0.3569037422201182
stepmhc_paired,pr,0.6754385964912281,0.3142857142857143,0.3569037422201182
stepmhc_paired,pr,0.6754385964912281,0.3155737704918033,0.3569037422201182
stepmhc_paired,pr,0.6754385964912281,0.3168724279835391,0.3569037422201182
stepmhc_paired,pr,0.6754385964912281,0.3181818181818182,0.3569037422201182
stepmhc_paired,pr,0.6754385964912281,0.31950207468879666,0.3569037422201182
stepmhc_paired,pr,0.6666666666666666,0.31666666666666665,0.3569037422201182
stepmhc_paired,pr,0.6666666666666666,0.3179916317991632,0.3569037422201182
stepmhc_paired,pr,0.6666666666666666,0.31932773109243695,0.3569037422201182
stepmhc_paired,pr,0.6666666666666666,0.3206751054852321,0.3569037422201182
stepmhc_paired,pr,0.6666666666666666,0.3220338983050847,0.3569037422201182
stepmhc_paired,pr,0.6666666666666666,0.32340425531914896,0.3569037422201182
stepmhc_paired,pr,0.6666666666666666,0.3247863247863248,0.3569037422201182
stepmhc_paired,pr,0.6666666666666666,0.3261802575107296,0.3569037422201182
stepmhc_paired,pr,0.6666666666666666,0.3275862068965517,0.3569037422201182
stepmhc_paired,pr,0.6666666666666666,0.329004329004329,0.3569037422201182
stepmhc_paired,pr,0.6666666666666666,0.33043478260869563,0.3569037422201182
stepmhc_paired,pr,0.6578947368421053,0.32751091703056767,0.3569037422201182
stepmhc_paired,pr,0.6578947368421053,0.32894736842105265,0.3569037422201182
stepmhc_paired,pr,0.6578947368421053,0.3303964757709251,0.3569037422201182
stepmhc_paired,pr,0.6491228070175439,0.3274336283185841,0.3569037422201182
stepmhc_paired,pr,0.6403508771929824,0.3244444444444444,0.3569037422201182
stepmhc_paired,pr,0.6403508771929824,0.32589285714285715,0.3569037422201182
stepmhc_paired,pr,0.6403508771929824,0.3273542600896861,0.3569037422201182
stepmhc_paired,pr,0.6403508771929824,0.32882882882882886,0.3569037422201182
stepmhc_paired,pr,0.6403508771929824,0.33031674208144796,0.3569037422201182
stepmhc_paired,pr,0.6403508771929824,0.33181818181818185,0.3569037422201182
stepmhc_paired,pr,0.6403508771929824,0.3333333333333333,0.3569037422201182
stepmhc_paired,pr,0.6403508771929824,0.3348623853211009,0.3569037422201182
stepmhc_paired,pr,0.6403508771929824,0.33640552995391704,0.3569037422201182
stepmhc_paired,pr,0.6403508771929824,0.33796296296296297,0.3569037422201182
stepmhc_paired,pr,0.6403508771929824,0.3395348837209302,0.3569037422201182
stepmhc_paired,pr,0.6403508771929824,0.3411214953271028,0.3569037422201182
stepmhc_paired,pr,0.6403508771929824,0.3427230046948357,0.3569037422201182
stepmhc_paired,pr,0.631578947368421,0.33962264150943394,0.3569037422201182
stepmhc_paired,pr,0.631578947368421,0.3412322274881517,0.3569037422201182
stepmhc_paired,pr,0.631578947368421,0.34285714285714286,0.3569037422201182
stepmhc_paired,pr,0.631578947368421,0.3444976076555024,0.3569037422201182
stepmhc_paired,pr,0.6228070175438597,0.34134615384615385,0.3569037422201182
stepmhc_paired,pr,0.6228070175438597,0.34299516908212563,0.3569037422201182
stepmhc_paired,pr,0.6228070175438597,0.3446601941747573,0.3569037422201182
stepmhc_paired,pr,0.6228070175438597,0.3463414634146341,0.3569037422201182
stepmhc_paired,pr,0.6228070175438597,0.3480392156862745,0.3569037422201182
stepmhc_paired,pr,0.6140350877192983,0.3448275862068966,0.3569037422201182
stepmhc_paired,pr,0.6140350877192983,0.3465346534653465,0.3569037422201182
stepmhc_paired,pr,0.6140350877192983,0.3482587064676617,0.3569037422201182
stepmhc_paired,pr,0.6140350877192983,0.35,0.3569037422201182
stepmhc_paired,pr,0.6052631578947368,0.34673366834170855,0.3569037422201182
stepmhc_paired,pr,0.5964912280701754,0.3434343434343434,0.3569037422201182
stepmhc_paired,pr,0.5964912280701754,0.34517766497461927,0.3569037422201182
stepmhc_paired,pr,0.5964912280701754,0.3469387755102041,0.3569037422201182
stepmhc_paired,pr,0.5964912280701754,0.3487179487179487,0.3569037422201182
stepmhc_paired,pr,0.5877192982456141,0.34536082474226804,0.3569037422201182
stepmhc_paired,pr,0.5877192982456141,0.3471502590673575,0.3569037422201182
stepmhc_paired,pr,0.5877192982456141,0.3489583333333333,0.3569037422201182
stepmhc_paired,pr,0.5877192982456141,0.3507853403141361,0.3569037422201182
stepmhc_paired,pr,0.5877192982456141,0.3526315789473684,0.3569037422201182
stepmhc_paired,pr,0.5877192982456141,0.3544973544973545,0.3569037422201182
stepmhc_paired,pr,0.5877192982456141,0.35638297872340424,0.3569037422201182
stepmhc_paired,pr,0.5789473684210527,0.35294117647058826,0.3569037422201182
stepmhc_paired,pr,0.5789473684210527,0.3548387096774194,0.3569037422201182
stepmhc_paired,pr,0.5789473684210527,0.3567567567567568,0.3569037422201182
stepmhc_paired,pr,0.5789473684210527,0.358695652173913,0.3569037422201182
stepmhc_paired,pr,0.5789473684210527,0.36065573770491804,0.3569037422201182
stepmhc_paired,pr,0.5789473684210527,0.3626373626373626,0.3569037422201182
stepmhc_paired,pr,0.5701754385964912,0.35911602209944754,0.3569037422201182
stepmhc_paired,pr,0.5701754385964912,0.3611111111111111,0.3569037422201182
stepmhc_paired,pr,0.5701754385964912,0.36312849162011174,0.3569037422201182
stepmhc_paired,pr,0.5614035087719298,0.3595505617977528,0.3569037422201182
stepmhc_paired,pr,0.5614035087719298,0.3615819209039548,0.3569037422201182
stepmhc_paired,pr,0.5614035087719298,0.36363636363636365,0.3569037422201182
stepmhc_paired,pr,0.5614035087719298,0.3657142857142857,0.3569037422201182
stepmhc_paired,pr,0.5614035087719298,0.367816091954023,0.3569037422201182
stepmhc_paired,pr,0.5614035087719298,0.3699421965317919,0.3569037422201182
stepmhc_paired,pr,0.5614035087719298,0.37209302325581395,0.3569037422201182
stepmhc_paired,pr,0.5526315789473685,0.3684210526315789,0.3569037422201182
stepmhc_paired,pr,0.5526315789473685,0.37058823529411766,0.3569037422201182
stepmhc_paired,pr,0.5526315789473685,0.3727810650887574,0.3569037422201182
stepmhc_paired,pr,0.543859649122807,0.36904761904761907,0.3569037422201182
stepmhc_paired,pr,0.543859649122807,0.3712574850299401,0.3569037422201182
stepmhc_paired,pr,0.543859649122807,0.37349397590361444,0.3569037422201182
stepmhc_paired,pr,0.5350877192982456,0.3696969696969697,0.3569037422201182
stepmhc_paired,pr,0.5350877192982456,0.3719512195121951,0.3569037422201182
stepmhc_paired,pr,0.5350877192982456,0.37423312883435583,0.3569037422201182
stepmhc_paired,pr,0.5350877192982456,0.3765432098765432,0.3569037422201182
stepmhc_paired,pr,0.5350877192982456,0.37888198757763975,0.3569037422201182
stepmhc_paired,pr,0.5350877192982456,0.38125,0.3569037422201182
stepmhc_paired,pr,0.5350877192982456,0.3836477987421384,0.3569037422201182
stepmhc_paired,pr,0.5350877192982456,0.3860759493670886,0.3569037422201182
stepmhc_paired,pr,0.5263157894736842,0.3821656050955414,0.3569037422201182
stepmhc_paired,pr,0.5175438596491229,0.3782051282051282,0.3569037422201182
stepmhc_paired,pr,0.5087719298245614,0.3741935483870968,0.3569037422201182
stepmhc_paired,pr,0.5087719298245614,0.37662337662337664,0.3569037422201182
stepmhc_paired,pr,0.5,0.37254901960784315,0.3569037422201182
stepmhc_paired,pr,0.49122807017543857,0.3684210526315789,0.3569037422201182
stepmhc_paired,pr,0.49122807017543857,0.3708609271523179,0.3569037422201182
stepmhc_paired,pr,0.49122807017543857,0.37333333333333335,0.3569037422201182
stepmhc_paired,pr,0.49122807017543857,0.37583892617449666,0.3569037422201182
stepmhc_paired,pr,0.4824561403508772,0.3716216216216216,0.3569037422201182
stepmhc_paired,pr,0.4824561403508772,0.3741496598639456,0.3569037422201182
stepmhc_paired,pr,0.4824561403508772,0.3767123287671233,0.3569037422201182
stepmhc_paired,pr,0.4824561403508772,0.3793103448275862,0.3569037422201182
stepmhc_paired,pr,0.47368421052631576,0.375,0.3569037422201182
stepmhc_paired,pr,0.4649122807017544,0.3706293706293706,0.3569037422201182
stepmhc_paired,pr,0.4649122807017544,0.3732394366197183,0.3569037422201182
stepmhc_paired,pr,0.4649122807017544,0.375886524822695,0.3569037422201182
stepmhc_paired,pr,0.4649122807017544,0.37857142857142856,0.3569037422201182
stepmhc_paired,pr,0.4649122807017544,0.381294964028777,0.3569037422201182
stepmhc_paired,pr,0.45614035087719296,0.37681159420289856,0.3569037422201182
stepmhc_paired,pr,0.45614035087719296,0.3795620437956204,0.3569037422201182
stepmhc_paired,pr,0.45614035087719296,0.38235294117647056,0.3569037422201182
stepmhc_paired,pr,0.4473684210526316,0.37777777777777777,0.3569037422201182
stepmhc_paired,pr,0.43859649122807015,0.373134328358209,0.3569037422201182
stepmhc_paired,pr,0.43859649122807015,0.37593984962406013,0.3569037422201182
stepmhc_paired,pr,0.43859649122807015,0.3787878787878788,0.3569037422201182
stepmhc_paired,pr,0.43859649122807015,0.3816793893129771,0.3569037422201182
stepmhc_paired,pr,0.43859649122807015,0.38461538461538464,0.3569037422201182
stepmhc_paired,pr,0.43859649122807015,0.3875968992248062,0.3569037422201182
stepmhc_paired,pr,0.4298245614035088,0.3828125,0.3569037422201182
stepmhc_paired,pr,0.4298245614035088,0.3858267716535433,0.3569037422201182
stepmhc_paired,pr,0.4298245614035088,0.3888888888888889,0.3569037422201182
stepmhc_paired,pr,0.4298245614035088,0.392,0.3569037422201182
stepmhc_paired,pr,0.42105263157894735,0.3870967741935484,0.3569037422201182
stepmhc_paired,pr,0.42105263157894735,0.3902439024390244,0.3569037422201182
stepmhc_paired,pr,0.42105263157894735,0.39344262295081966,0.3569037422201182
stepmhc_paired,pr,0.41228070175438597,0.3884297520661157,0.3569037422201182
stepmhc_paired,pr,0.41228070175438597,0.39166666666666666,0.3569037422201182
stepmhc_paired,pr,0.41228070175438597,0.3949579831932773,0.3569037422201182
stepmhc_paired,pr,0.40350877192982454,0.3898305084745763,0.3569037422201182
stepmhc_paired,pr,0.40350877192982454,0.39316239316239315,0.3569037422201182
stepmhc_paired,pr,0.39473684210526316,0.3879310344827586,0.3569037422201182
stepmhc_paired,pr,0.38596491228070173,0.3826086956521739,0.3569037422201182
stepmhc_paired,pr,0.38596491228070173,0.38596491228070173,0.3569037422201182
stepmhc_paired,pr,0.38596491228070173,0.3893805309734513,0.3569037422201182
stepmhc_paired,pr,0.38596491228070173,0.39285714285714285,0.3569037422201182
stepmhc_paired,pr,0.38596491228070173,0.3963963963963964,0.3569037422201182
stepmhc_paired,pr,0.38596491228070173,0.4,0.3569037422201182
stepmhc_paired,pr,0.37719298245614036,0.3944954128440367,0.3569037422201182
stepmhc_paired,pr,0.3684210526315789,0.3888888888888889,0.3569037422201182
stepmhc_paired,pr,0.3684210526315789,0.3925233644859813,0.3569037422201182
stepmhc_paired,pr,0.3684210526315789,0.39622641509433965,0.3569037422201182
stepmhc_paired,pr,0.3684210526315789,0.4,0.3569037422201182
stepmhc_paired,pr,0.3684210526315789,0.40384615384615385,0.3569037422201182
stepmhc_paired,pr,0.3684210526315789,0.4077669902912621,0.3569037422201182
stepmhc_paired,pr,0.3684210526315789,0.4117647058823529,0.3569037422201182
stepmhc_paired,pr,0.3684210526315789,0.4158415841584158,0.3569037422201182
stepmhc_paired,pr,0.3684210526315789,0.42,0.3569037422201182
stepmhc_paired,pr,0.3684210526315789,0.42424242424242425,0.3569037422201182
stepmhc_paired,pr,0.3684210526315789,0.42857142857142855,0.3569037422201182
stepmhc_paired,pr,0.35964912280701755,0.422680412371134,0.3569037422201182
stepmhc_paired,pr,0.35964912280701755,0.4270833333333333,0.3569037422201182
stepmhc_paired,pr,0.35964912280701755,0.43157894736842106,0.3569037422201182
stepmhc_paired,pr,0.35964912280701755,0.43617021276595747,0.3569037422201182
stepmhc_paired,pr,0.35964912280701755,0.44086021505376344,0.3569037422201182
stepmhc_paired,pr,0.35964912280701755,0.44565217391304346,0.3569037422201182
stepmhc_paired,pr,0.35964912280701755,0.45054945054945056,0.3569037422201182
stepmhc_paired,pr,0.3508771929824561,0.4444444444444444,0.3569037422201182
stepmhc_paired,pr,0.3508771929824561,0.449438202247191,0.3569037422201182
stepmhc_paired,pr,0.3508771929824561,0.45454545454545453,0.3569037422201182
stepmhc_paired,pr,0.3508771929824561,0.45977011494252873,0.3569037422201182
stepmhc_paired,pr,0.34210526315789475,0.45348837209302323,0.3569037422201182
stepmhc_paired,pr,0.3333333333333333,0.4470588235294118,0.3569037422201182
stepmhc_paired,pr,0.3333333333333333,0.4523809523809524,0.3569037422201182
stepmhc_paired,pr,0.3333333333333333,0.4578313253012048,0.3569037422201182
stepmhc_paired,pr,0.3333333333333333,0.4634146341463415,0.3569037422201182
stepmhc_paired,pr,0.32456140350877194,0.4567901234567901,0.3569037422201182
stepmhc_paired,pr,0.3157894736842105,0.45,0.3569037422201182
stepmhc_paired,pr,0.30701754385964913,0.4430379746835443,0.3569037422201182
stepmhc_paired,pr,0.30701754385964913,0.44871794871794873,0.3569037422201182
stepmhc_paired,pr,0.30701754385964913,0.45454545454545453,0.3569037422201182
stepmhc_paired,pr,0.2982456140350877,0.4473684210526316,0.3569037422201182
stepmhc_paired,pr,0.2982456140350877,0.4533333333333333,0.3569037422201182
stepmhc_paired,pr,0.2894736842105263,0.44594594594594594,0.3569037422201182
stepmhc_paired,pr,0.2894736842105263,0.4520547945205479,0.3569037422201182
stepmhc_paired,pr,0.2807017543859649,0.4444444444444444,0.3569037422201182
stepmhc_paired,pr,0.2807017543859649,0.4507042253521127,0.3569037422201182
stepmhc_paired,pr,0.2719298245614035,0.44285714285714284,0.3569037422201182
stepmhc_paired,pr,0.2631578947368421,0.43478260869565216,0.3569037422201182
stepmhc_paired,pr,0.2543859649122807,0.4264705882352941,0.3569037422201182
stepmhc_paired,pr,0.2543859649122807,0.43283582089552236,0.3569037422201182
stepmhc_paired,pr,0.2543859649122807,0.4393939393939394,0.3569037422201182
stepmhc_paired,pr,0.2543859649122807,0.4461538461538462,0.3569037422201182
stepmhc_paired,pr,0.24561403508771928,0.4375,0.3569037422201182
stepmhc_paired,pr,0.24561403508771928,0.4444444444444444,0.3569037422201182
stepmhc_paired,pr,0.23684210526315788,0.43548387096774194,0.3569037422201182
stepmhc_paired,pr,0.23684210526315788,0.4426229508196721,0.3569037422201182
stepmhc_paired,pr,0.23684210526315788,0.45,0.3569037422201182
stepmhc_paired,pr,0.23684210526315788,0.4576271186440678,0.3569037422201182
stepmhc_paired,pr,0.22807017543859648,0.4482758620689655,0.3569037422201182
stepmhc_paired,pr,0.22807017543859648,0.45614035087719296,0.3569037422201182
stepmhc_paired,pr,0.22807017543859648,0.4642857142857143,0.3569037422201182
stepmhc_paired,pr,0.21929824561403508,0.45454545454545453,0.3569037422201182
stepmhc_paired,pr,0.21929824561403508,0.46296296296296297,0.3569037422201182
stepmhc_paired,pr,0.21929824561403508,0.4716981132075472,0.3569037422201182
stepmhc_paired,pr,0.21929824561403508,0.4807692307692308,0.3569037422201182
stepmhc_paired,pr,0.21052631578947367,0.47058823529411764,0.3569037422201182
stepmhc_paired,pr,0.21052631578947367,0.48,0.3569037422201182
stepmhc_paired,pr,0.20175438596491227,0.46938775510204084,0.3569037422201182
stepmhc_paired,pr,0.20175438596491227,0.4791666666666667,0.3569037422201182
stepmhc_paired,pr,0.20175438596491227,0.48936170212765956,0.3569037422201182
stepmhc_paired,pr,0.19298245614035087,0.4782608695652174,0.3569037422201182
stepmhc_paired,pr,0.18421052631578946,0.4666666666666667,0.3569037422201182
stepmhc_paired,pr,0.17543859649122806,0.45454545454545453,0.3569037422201182
stepmhc_paired,pr,0.16666666666666666,0.4418604651162791,0.3569037422201182
stepmhc_paired,pr,0.15789473684210525,0.42857142857142855,0.3569037422201182
stepmhc_paired,pr,0.14912280701754385,0.4146341463414634,0.3569037422201182
stepmhc_paired,pr,0.14912280701754385,0.425,0.3569037422201182
stepmhc_paired,pr,0.14035087719298245,0.41025641025641024,0.3569037422201182
stepmhc_paired,pr,0.13157894736842105,0.39473684210526316,0.3569037422201182
stepmhc_paired,pr,0.12280701754385964,0.3783783783783784,0.3569037422201182
stepmhc_paired,pr,0.12280701754385964,0.3888888888888889,0.3569037422201182
stepmhc_paired,pr,0.12280701754385964,0.4,0.3569037422201182
stepmhc_paired,pr,0.11403508771929824,0.38235294117647056,0.3569037422201182
stepmhc_paired,pr,0.11403508771929824,0.3939393939393939,0.3569037422201182
stepmhc_paired,pr,0.11403508771929824,0.40625,0.3569037422201182
stepmhc_paired,pr,0.11403508771929824,0.41935483870967744,0.3569037422201182
stepmhc_paired,pr,0.10526315789473684,0.4,0.3569037422201182
stepmhc_paired,pr,0.10526315789473684,0.41379310344827586,0.3569037422201182
stepmhc_paired,pr,0.10526315789473684,0.42857142857142855,0.3569037422201182
stepmhc_paired,pr,0.09649122807017543,0.4074074074074074,0.3569037422201182
stepmhc_paired,pr,0.08771929824561403,0.38461538461538464,0.3569037422201182
stepmhc_paired,pr,0.07894736842105263,0.36,0.3569037422201182
stepmhc_paired,pr,0.07894736842105263,0.375,0.3569037422201182
stepmhc_paired,pr,0.07894736842105263,0.391304347826087,0.3569037422201182
stepmhc_paired,pr,0.07017543859649122,0.36363636363636365,0.3569037422201182
stepmhc_paired,pr,0.06140350877192982,0.3333333333333333,0.3569037422201182
stepmhc_paired,pr,0.06140350877192982,0.35,0.3569037422201182
stepmhc_paired,pr,0.06140350877192982,0.3684210526315789,0.3569037422201182
stepmhc_paired,pr,0.06140350877192982,0.3888888888888889,0.3569037422201182
stepmhc_paired,pr,0.06140350877192982,0.4117647058823529,0.3569037422201182
stepmhc_paired,pr,0.06140350877192982,0.4375,0.3569037422201182
stepmhc_paired,pr,0.06140350877192982,0.4666666666666667,0.3569037422201182
stepmhc_paired,pr,0.05263157894736842,0.42857142857142855,0.3569037422201182
stepmhc_paired,pr,0.043859649122807015,0.38461538461538464,0.3569037422201182
stepmhc_paired,pr,0.043859649122807015,0.4166666666666667,0.3569037422201182
stepmhc_paired,pr,0.043859649122807015,0.45454545454545453,0.3569037422201182
stepmhc_paired,pr,0.043859649122807015,0.5,0.3569037422201182
stepmhc_paired,pr,0.03508771929824561,0.4444444444444444,0.3569037422201182
stepmhc_paired,pr,0.03508771929824561,0.5,0.3569037422201182
stepmhc_paired,pr,0.03508771929824561,0.5714285714285714,0.3569037422201182
stepmhc_paired,pr,0.02631578947368421,0.5,0.3569037422201182
stepmhc_paired,pr,0.02631578947368421,0.6,0.3569037422201182
stepmhc_paired,pr,0.017543859649122806,0.5,0.3569037422201182
stepmhc_paired,pr,0.008771929824561403,0.3333333333333333,0.3569037422201182
stepmhc_paired,pr,0.008771929824561403,0.5,0.3569037422201182
stepmhc_paired,pr,0.0,0.0,0.3569037422201182
stepmhc_paired,pr,0.0,1.0,0.3569037422201182
teim,roc,0.0,0.0,0.5093899287336519
teim,roc,0.0017699115044247787,0.0,0.5093899287336519
teim,roc,0.010619469026548672,0.0,0.5093899287336519
teim,roc,0.010619469026548672,0.008849557522123894,0.5093899287336519
teim,roc,0.01415929203539823,0.008849557522123894,0.5093899287336519
teim,roc,0.01415929203539823,0.017699115044247787,0.5093899287336519
teim,roc,0.021238938053097345,0.017699115044247787,0.5093899287336519
teim,roc,0.021238938053097345,0.02654867256637168,0.5093899287336519
teim,roc,0.024778761061946902,0.02654867256637168,0.5093899287336519
teim,roc,0.024778761061946902,0.035398230088495575,0.5093899287336519
teim,roc,0.06017699115044248,0.035398230088495575,0.5093899287336519
teim,roc,0.06017699115044248,0.05309734513274336,0.5093899287336519
teim,roc,0.06902654867256637,0.05309734513274336,0.5093899287336519
teim,roc,0.06902654867256637,0.061946902654867256,0.5093899287336519
teim,roc,0.07079646017699115,0.061946902654867256,0.5093899287336519
teim,roc,0.07079646017699115,0.07079646017699115,0.5093899287336519
teim,roc,0.0831858407079646,0.07079646017699115,0.5093899287336519
teim,roc,0.0831858407079646,0.07964601769911504,0.5093899287336519
teim,roc,0.08495575221238938,0.07964601769911504,0.5093899287336519
teim,roc,0.08495575221238938,0.08849557522123894,0.5093899287336519
teim,roc,0.09026548672566372,0.08849557522123894,0.5093899287336519
teim,roc,0.09026548672566372,0.09734513274336283,0.5093899287336519
teim,roc,0.09734513274336283,0.09734513274336283,0.5093899287336519
teim,roc,0.09734513274336283,0.10619469026548672,0.5093899287336519
teim,roc,0.09911504424778761,0.10619469026548672,0.5093899287336519
teim,roc,0.09911504424778761,0.11504424778761062,0.5093899287336519
teim,roc,0.10442477876106195,0.11504424778761062,0.5093899287336519
teim,roc,0.10442477876106195,0.12389380530973451,0.5093899287336519
teim,roc,0.11504424778761062,0.12389380530973451,0.5093899287336519
teim,roc,0.11504424778761062,0.13274336283185842,0.5093899287336519
teim,roc,0.11858407079646018,0.13274336283185842,0.5093899287336519
teim,roc,0.11858407079646018,0.1415929203539823,0.5093899287336519
teim,roc,0.1256637168141593,0.1415929203539823,0.5093899287336519
teim,roc,0.1256637168141593,0.168141592920354,0.5093899287336519
teim,roc,0.13274336283185842,0.168141592920354,0.5093899287336519
teim,roc,0.13274336283185842,0.17699115044247787,0.5093899287336519
teim,roc,0.13451327433628318,0.17699115044247787,0.5093899287336519
teim,roc,0.13451327433628318,0.18584070796460178,0.5093899287336519
teim,roc,0.14513274336283186,0.18584070796460178,0.5093899287336519
teim,roc,0.14513274336283186,0.19469026548672566,0.5093899287336519
teim,roc,0.15398230088495576,0.19469026548672566,0.5093899287336519
teim,roc,0.15398230088495576,0.21238938053097345,0.5093899287336519
teim,roc,0.168141592920354,0.21238938053097345,0.5093899287336519
teim,roc,0.168141592920354,0.22123893805309736,0.5093899287336519
teim,roc,0.19469026548672566,0.22123893805309736,0.5093899287336519
teim,roc,0.19469026548672566,0.23008849557522124,0.5093899287336519
teim,roc,0.20176991150442478,0.23008849557522124,0.5093899287336519
teim,roc,0.20176991150442478,0.23893805309734514,0.5093899287336519
teim,roc,0.2176991150442478,0.23893805309734514,0.5093899287336519
teim,roc,0.2176991150442478,0.24778761061946902,0.5093899287336519
teim,roc,0.21946902654867256,0.24778761061946902,0.5093899287336519
teim,roc,0.21946902654867256,0.25663716814159293,0.5093899287336519
teim,roc,0.22123893805309736,0.25663716814159293,0.5093899287336519
teim,roc,0.22123893805309736,0.26548672566371684,0.5093899287336519
teim,roc,0.22654867256637168,0.26548672566371684,0.5093899287336519
teim,roc,0.22654867256637168,0.2743362831858407,0.5093899287336519
teim,roc,0.23008849557522124,0.2743362831858407,0.5093899287336519
teim,roc,0.23008849557522124,0.2831858407079646,0.5093899287336519
teim,roc,0.2407079646017699,0.2831858407079646,0.5093899287336519
teim,roc,0.2407079646017699,0.2920353982300885,0.5093899287336519
teim,roc,0.27964601769911507,0.2920353982300885,0.5093899287336519
teim,roc,0.27964601769911507,0.3008849557522124,0.5093899287336519
teim,roc,0.29557522123893804,0.3008849557522124,0.5093899287336519
teim,roc,0.29557522123893804,0.30973451327433627,0.5093899287336519
teim,roc,0.30619469026548674,0.30973451327433627,0.5093899287336519
teim,roc,0.30619469026548674,0.3185840707964602,0.5093899287336519
teim,roc,0.31150442477876106,0.3185840707964602,0.5093899287336519
teim,roc,0.31150442477876106,0.3274336283185841,0.5093899287336519
teim,roc,0.31504424778761064,0.3274336283185841,0.5093899287336519
teim,roc,0.31504424778761064,0.336283185840708,0.5093899287336519
teim,roc,0.32212389380530976,0.336283185840708,0.5093899287336519
teim,roc,0.32212389380530976,0.34513274336283184,0.5093899287336519
teim,roc,0.3274336283185841,0.34513274336283184,0.5093899287336519
teim,roc,0.3274336283185841,0.35398230088495575,0.5093899287336519
teim,roc,0.3433628318584071,0.35398230088495575,0.5093899287336519
teim,roc,0.3433628318584071,0.37168141592920356,0.5093899287336519
teim,roc,0.34513274336283184,0.37168141592920356,0.5093899287336519
teim,roc,0.34513274336283184,0.3805309734513274,0.5093899287336519
teim,roc,0.36460176991150445,0.3805309734513274,0.5093899287336519
teim,roc,0.36460176991150445,0.3893805309734513,0.5093899287336519
teim,roc,0.4088495575221239,0.3893805309734513,0.5093899287336519
teim,roc,0.4088495575221239,0.39823008849557523,0.5093899287336519
teim,roc,0.4247787610619469,0.39823008849557523,0.5093899287336519
teim,roc,0.4247787610619469,0.40707964601769914,0.5093899287336519
teim,roc,0.4300884955752212,0.40707964601769914,0.5093899287336519
teim,roc,0.4300884955752212,0.415929203539823,0.5093899287336519
teim,roc,0.43716814159292033,0.415929203539823,0.5093899287336519
teim,roc,0.43716814159292033,0.4247787610619469,0.5093899287336519
teim,roc,0.44424778761061945,0.4247787610619469,0.5093899287336519
teim,roc,0.44424778761061945,0.4336283185840708,0.5093899287336519
teim,roc,0.44778761061946903,0.4336283185840708,0.5093899287336519
teim,roc,0.44778761061946903,0.4424778761061947,0.5093899287336519
teim,roc,0.45132743362831856,0.4424778761061947,0.5093899287336519
teim,roc,0.45132743362831856,0.45132743362831856,0.5093899287336519
teim,roc,0.45486725663716815,0.45132743362831856,0.5093899287336519
teim,roc,0.45486725663716815,0.46017699115044247,0.5093899287336519
teim,roc,0.4672566371681416,0.46017699115044247,0.5093899287336519
teim,roc,0.4672566371681416,0.48672566371681414,0.5093899287336519
teim,roc,0.49911504424778763,0.48672566371681414,0.5093899287336519
teim,roc,0.49911504424778763,0.5132743362831859,0.5093899287336519
teim,roc,0.5026548672566372,0.5132743362831859,0.5093899287336519
teim,roc,0.5026548672566372,0.5221238938053098,0.5093899287336519
teim,roc,0.504424778761062,0.5221238938053098,0.5093899287336519
teim,roc,0.504424778761062,0.5309734513274337,0.5093899287336519
teim,roc,0.5079646017699115,0.5309734513274337,0.5093899287336519
teim,roc,0.5079646017699115,0.5398230088495575,0.5093899287336519
teim,roc,0.5097345132743363,0.5398230088495575,0.5093899287336519
teim,roc,0.5097345132743363,0.5486725663716814,0.5093899287336519
teim,roc,0.5185840707964602,0.5486725663716814,0.5093899287336519
teim,roc,0.5185840707964602,0.5575221238938053,0.5093899287336519
teim,roc,0.5256637168141592,0.5575221238938053,0.5093899287336519
teim,roc,0.5256637168141592,0.5752212389380531,0.5093899287336519
teim,roc,0.5309734513274337,0.5752212389380531,0.5093899287336519
teim,roc,0.5309734513274337,0.584070796460177,0.5093899287336519
teim,roc,0.5433628318584071,0.584070796460177,0.5093899287336519
teim,roc,0.5433628318584071,0.5929203539823009,0.5093899287336519
teim,roc,0.5787610619469027,0.5929203539823009,0.5093899287336519
teim,roc,0.5787610619469027,0.6017699115044248,0.5093899287336519
teim,roc,0.5911504424778761,0.6017699115044248,0.5093899287336519
teim,roc,0.5911504424778761,0.6106194690265486,0.5093899287336519
teim,roc,0.6106194690265486,0.6106194690265486,0.5093899287336519
teim,roc,0.6106194690265486,0.6194690265486725,0.5093899287336519
teim,roc,0.6141592920353982,0.6194690265486725,0.5093899287336519
teim,roc,0.6141592920353982,0.6283185840707964,0.5093899287336519
teim,roc,0.6283185840707964,0.6283185840707964,0.5093899287336519
teim,roc,0.6283185840707964,0.6371681415929203,0.5093899287336519
teim,roc,0.6566371681415929,0.6371681415929203,0.5093899287336519
teim,roc,0.6566371681415929,0.6460176991150443,0.5093899287336519
teim,roc,0.6619469026548672,0.6460176991150443,0.5093899287336519
teim,roc,0.6619469026548672,0.6548672566371682,0.5093899287336519
teim,roc,0.6654867256637168,0.6548672566371682,0.5093899287336519
teim,roc,0.6654867256637168,0.6637168141592921,0.5093899287336519
teim,roc,0.6672566371681415,0.6637168141592921,0.5093899287336519
teim,roc,0.6672566371681415,0.672566371681416,0.5093899287336519
teim,roc,0.6690265486725664,0.672566371681416,0.5093899287336519
teim,roc,0.6690265486725664,0.6814159292035398,0.5093899287336519
teim,roc,0.6743362831858407,0.6814159292035398,0.5093899287336519
teim,roc,0.6743362831858407,0.6902654867256637,0.5093899287336519
teim,roc,0.6778761061946903,0.6902654867256637,0.5093899287336519
teim,roc,0.6778761061946903,0.6991150442477876,0.5093899287336519
teim,roc,0.6867256637168142,0.6991150442477876,0.5093899287336519
teim,roc,0.6867256637168142,0.7079646017699115,0.5093899287336519
teim,roc,0.6884955752212389,0.7079646017699115,0.5093899287336519
teim,roc,0.6884955752212389,0.7168141592920354,0.5093899287336519
teim,roc,0.6938053097345133,0.7168141592920354,0.5093899287336519
teim,roc,0.6938053097345133,0.7256637168141593,0.5093899287336519
teim,roc,0.7079646017699115,0.7256637168141593,0.5093899287336519
teim,roc,0.7079646017699115,0.7345132743362832,0.5093899287336519
teim,roc,0.7469026548672566,0.7345132743362832,0.5093899287336519
teim,roc,0.7469026548672566,0.7522123893805309,0.5093899287336519
teim,roc,0.7646017699115044,0.7522123893805309,0.5093899287336519
teim,roc,0.7646017699115044,0.7610619469026548,0.5093899287336519
teim,roc,0.768141592920354,0.7610619469026548,0.5093899287336519
teim,roc,0.768141592920354,0.7699115044247787,0.5093899287336519
teim,roc,0.7787610619469026,0.7699115044247787,0.5093899287336519
teim,roc,0.7787610619469026,0.7876106194690266,0.5093899287336519
teim,roc,0.7946902654867256,0.7876106194690266,0.5093899287336519
teim,roc,0.7946902654867256,0.7964601769911505,0.5093899287336519
teim,roc,0.8035398230088495,0.7964601769911505,0.5093899287336519
teim,roc,0.8035398230088495,0.8053097345132744,0.5093899287336519
teim,roc,0.8141592920353983,0.8053097345132744,0.5093899287336519
teim,roc,0.8141592920353983,0.8141592920353983,0.5093899287336519
teim,roc,0.8424778761061947,0.8141592920353983,0.5093899287336519
teim,roc,0.8424778761061947,0.831858407079646,0.5093899287336519
teim,roc,0.8477876106194691,0.831858407079646,0.5093899287336519
teim,roc,0.8477876106194691,0.8407079646017699,0.5093899287336519
teim,roc,0.8584070796460177,0.8407079646017699,0.5093899287336519
teim,roc,0.8584070796460177,0.8495575221238938,0.5093899287336519
teim,roc,0.8690265486725663,0.8495575221238938,0.5093899287336519
teim,roc,0.8690265486725663,0.8584070796460177,0.5093899287336519
teim,roc,0.8743362831858407,0.8584070796460177,0.5093899287336519
teim,roc,0.8743362831858407,0.8672566371681416,0.5093899287336519
teim,roc,0.879646017699115,0.8672566371681416,0.5093899287336519
teim,roc,0.879646017699115,0.8761061946902655,0.5093899287336519
teim,roc,0.8849557522123894,0.8761061946902655,0.5093899287336519
teim,roc,0.8849557522123894,0.8849557522123894,0.5093899287336519
teim,roc,0.8920353982300885,0.8849557522123894,0.5093899287336519
teim,roc,0.8920353982300885,0.8938053097345132,0.5093899287336519
teim,roc,0.9026548672566371,0.8938053097345132,0.5093899287336519
teim,roc,0.9026548672566371,0.9026548672566371,0.5093899287336519
teim,roc,0.9079646017699115,0.9026548672566371,0.5093899287336519
teim,roc,0.9079646017699115,0.911504424778761,0.5093899287336519
teim,roc,0.9221238938053097,0.911504424778761,0.5093899287336519
teim,roc,0.9221238938053097,0.9203539823008849,0.5093899287336519
teim,roc,0.9433628318584071,0.9203539823008849,0.5093899287336519
teim,roc,0.9433628318584071,0.9292035398230089,0.5093899287336519
teim,roc,0.9504424778761061,0.9292035398230089,0.5093899287336519
teim,roc,0.9504424778761061,0.9380530973451328,0.5093899287336519
teim,roc,0.9557522123893806,0.9380530973451328,0.5093899287336519
teim,roc,0.9557522123893806,0.9469026548672567,0.5093899287336519
teim,roc,0.95929203539823,0.9469026548672567,0.5093899287336519
teim,roc,0.95929203539823,0.9557522123893806,0.5093899287336519
teim,roc,0.9663716814159292,0.9557522123893806,0.5093899287336519
teim,roc,0.9663716814159292,0.9734513274336283,0.5093899287336519
teim,roc,0.9699115044247788,0.9734513274336283,0.5093899287336519
teim,roc,0.9699115044247788,0.9823008849557522,0.5093899287336519
teim,roc,0.9858407079646018,0.9823008849557522,0.5093899287336519
teim,roc,0.9858407079646018,1.0,0.5093899287336519
teim,roc,1.0,1.0,0.5093899287336519
teim,pr,1.0,0.16666666666666666,0.17510402178673573
teim,pr,1.0,0.16691285081240767,0.17510402178673573
teim,pr,1.0,0.16715976331360946,0.17510402178673573
teim,pr,1.0,0.1674074074074074,0.17510402178673573
teim,pr,1.0,0.16765578635014836,0.17510402178673573
teim,pr,1.0,0.16790490341753342,0.17510402178673573
teim,pr,1.0,0.16815476190476192,0.17510402178673573
teim,pr,1.0,0.16840536512667661,0.17510402178673573
teim,pr,1.0,0.16865671641791044,0.17510402178673573
teim,pr,0.9911504424778761,0.16741405082212257,0.17510402178673573
teim,pr,0.9823008849557522,0.1661676646706587,0.17510402178673573
teim,pr,0.9823008849557522,0.1664167916041979,0.17510402178673573
teim,pr,0.9823008849557522,0.16666666666666666,0.17510402178673573
teim,pr,0.9823008849557522,0.16691729323308271,0.17510402178673573
teim,pr,0.9823008849557522,0.16716867469879518,0.17510402178673573
teim,pr,0.9823008849557522,0.167420814479638,0.17510402178673573
teim,pr,0.9823008849557522,0.16767371601208458,0.17510402178673573
teim,pr,0.9823008849557522,0.16792738275340394,0.17510402178673573
teim,pr,0.9823008849557522,0.16818181818181818,0.17510402178673573
teim,pr,0.9823008849557522,0.16843702579666162,0.17510402178673573
teim,pr,0.9734513274336283,0.16717325227963525,0.17510402178673573
teim,pr,0.9734513274336283,0.167427701674277,0.17510402178673573
teim,pr,0.9734513274336283,0.1676829268292683,0.17510402178673573
teim,pr,0.9646017699115044,0.166412213740458,0.17510402178673573
teim,pr,0.9557522123893806,0.1651376146788991,0.17510402178673573
teim,pr,0.9557522123893806,0.16539050535987748,0.17510402178673573
teim,pr,0.9557522123893806,0.1656441717791411,0.17510402178673573
teim,pr,0.9557522123893806,0.16589861751152074,0.17510402178673573
teim,pr,0.9557522123893806,0.16615384615384615,0.17510402178673573
teim,pr,0.9469026548672567,0.16486902927580893,0.17510402178673573
teim,pr,0.9469026548672567,0.16512345679012347,0.17510402178673573
teim,pr,0.9469026548672567,0.16537867078825347,0.17510402178673573
teim,pr,0.9380530973451328,0.16408668730650156,0.17510402178673573
teim,pr,0.9380530973451328,0.16434108527131783,0.17510402178673573
teim,pr,0.9380530973451328,0.16459627329192547,0.17510402178673573
teim,pr,0.9380530973451328,0.16485225505443235,0.17510402178673573
teim,pr,0.9292035398230089,0.16355140186915887,0.17510402178673573
teim,pr,0.9292035398230089,0.16380655226209048,0.17510402178673573
teim,pr,0.9292035398230089,0.1640625,0.17510402178673573
teim,pr,0.9292035398230089,0.1643192488262911,0.17510402178673573
teim,pr,0.9292035398230089,0.164576802507837,0.17510402178673573
teim,pr,0.9203539823008849,0.16326530612244897,0.17510402178673573
teim,pr,0.9203539823008849,0.16352201257861634,0.17510402178673573
teim,pr,0.9203539823008849,0.16377952755905512,0.17510402178673573
teim,pr,0.9203539823008849,0.1640378548895899,0.17510402178673573
teim,pr,0.9203539823008849,0.16429699842022116,0.17510402178673573
teim,pr,0.9203539823008849,0.16455696202531644,0.17510402178673573
teim,pr,0.9203539823008849,0.1648177496038035,0.17510402178673573
teim,pr,0.9203539823008849,0.16507936507936508,0.17510402178673573
teim,pr,0.9203539823008849,0.16534181240063592,0.17510402178673573
teim,pr,0.9203539823008849,0.16560509554140126,0.17510402178673573
teim,pr,0.9203539823008849,0.16586921850079744,0.17510402178673573
teim,pr,0.9203539823008849,0.16613418530351437,0.17510402178673573
teim,pr,0.9203539823008849,0.1664,0.17510402178673573
teim,pr,0.911504424778761,0.16506410256410256,0.17510402178673573
teim,pr,0.911504424778761,0.1653290529695024,0.17510402178673573
teim,pr,0.911504424778761,0.16559485530546625,0.17510402178673573
teim,pr,0.911504424778761,0.16586151368760063,0.17510402178673573
teim,pr,0.911504424778761,0.16612903225806452,0.17510402178673573
teim,pr,0.911504424778761,0.16639741518578352,0.17510402178673573
teim,pr,0.911504424778761,0.16666666666666666,0.17510402178673573
teim,pr,0.911504424778761,0.16693679092382496,0.17510402178673573
teim,pr,0.911504424778761,0.1672077922077922,0.17510402178673573
teim,pr,0.9026548672566371,0.16585365853658537,0.17510402178673573
teim,pr,0.9026548672566371,0.16612377850162866,0.17510402178673573
teim,pr,0.9026548672566371,0.16639477977161501,0.17510402178673573
teim,pr,0.9026548672566371,0.16666666666666666,0.17510402178673573
teim,pr,0.8938053097345132,0.16530278232405893,0.17510402178673573
teim,pr,0.8938053097345132,0.16557377049180327,0.17510402178673573
teim,pr,0.8938053097345132,0.16584564860426929,0.17510402178673573
teim,pr,0.8938053097345132,0.16611842105263158,0.17510402178673573
teim,pr,0.8938053097345132,0.16639209225700163,0.17510402178673573
teim,pr,0.8938053097345132,0.16666666666666666,0.17510402178673573
teim,pr,0.8938053097345132,0.1669421487603306,0.17510402178673573
teim,pr,0.8849557522123894,0.16556291390728478,0.17510402178673573
teim,pr,0.8849557522123894,0.16583747927031509,0.17510402178673573
teim,pr,0.8849557522123894,0.16611295681063123,0.17510402178673573
teim,pr,0.8849557522123894,0.16638935108153077,0.17510402178673573
teim,pr,0.8849557522123894,0.16666666666666666,0.17510402178673573
teim,pr,0.8761061946902655,0.1652754590984975,0.17510402178673573
teim,pr,0.8761061946902655,0.16555183946488294,0.17510402178673573
teim,pr,0.8761061946902655,0.1658291457286432,0.17510402178673573
teim,pr,0.8761061946902655,0.16610738255033558,0.17510402178673573
teim,pr,0.8672566371681416,0.16470588235294117,0.17510402178673573
teim,pr,0.8672566371681416,0.16498316498316498,0.17510402178673573
teim,pr,0.8672566371681416,0.16526138279932545,0.17510402178673573
teim,pr,0.8672566371681416,0.16554054054054054,0.17510402178673573
teim,pr,0.8584070796460177,0.16412859560067683,0.17510402178673573
teim,pr,0.8584070796460177,0.16440677966101694,0.17510402178673573
teim,pr,0.8584070796460177,0.16468590831918506,0.17510402178673573
teim,pr,0.8584070796460177,0.1649659863945578,0.17510402178673573
teim,pr,0.8495575221238938,0.1635434412265758,0.17510402178673573
teim,pr,0.8495575221238938,0.16382252559726962,0.17510402178673573
teim,pr,0.8495575221238938,0.1641025641025641,0.17510402178673573
teim,pr,0.8495575221238938,0.1643835616438356,0.17510402178673573
teim,pr,0.8495575221238938,0.1646655231560892,0.17510402178673573
teim,pr,0.8495575221238938,0.16494845360824742,0.17510402178673573
teim,pr,0.8495575221238938,0.16523235800344235,0.17510402178673573
teim,pr,0.8407079646017699,0.16379310344827586,0.17510402178673573
teim,pr,0.8407079646017699,0.16407599309153714,0.17510402178673573
teim,pr,0.8407079646017699,0.1643598615916955,0.17510402178673573
teim,pr,0.8407079646017699,0.16464471403812825,0.17510402178673573
teim,pr,0.8407079646017699,0.16493055555555555,0.17510402178673573
teim,pr,0.8407079646017699,0.16521739130434782,0.17510402178673573
teim,pr,0.8407079646017699,0.16550522648083624,0.17510402178673573
teim,pr,0.831858407079646,0.16404886561954624,0.17510402178673573
teim,pr,0.831858407079646,0.16433566433566432,0.17510402178673573
teim,pr,0.831858407079646,0.1646234676007005,0.17510402178673573
teim,pr,0.831858407079646,0.1649122807017544,0.17510402178673573
teim,pr,0.8230088495575221,0.1634446397188049,0.17510402178673573
teim,pr,0.8141592920353983,0.1619718309859155,0.17510402178673573
teim,pr,0.8141592920353983,0.16225749559082892,0.17510402178673573
teim,pr,0.8141592920353983,0.1625441696113074,0.17510402178673573
teim,pr,0.8141592920353983,0.16283185840707964,0.17510402178673573
teim,pr,0.8141592920353983,0.16312056737588654,0.17510402178673573
teim,pr,0.8141592920353983,0.16341030195381884,0.17510402178673573
teim,pr,0.8141592920353983,0.16370106761565836,0.17510402178673573
teim,pr,0.8141592920353983,0.16399286987522282,0.17510402178673573
teim,pr,0.8141592920353983,0.16428571428571428,0.17510402178673573
teim,pr,0.8141592920353983,0.16457960644007155,0.17510402178673573
teim,pr,0.8141592920353983,0.16487455197132617,0.17510402178673573
teim,pr,0.8141592920353983,0.1651705565529623,0.17510402178673573
teim,pr,0.8141592920353983,0.16546762589928057,0.17510402178673573
teim,pr,0.8141592920353983,0.16576576576576577,0.17510402178673573
teim,pr,0.8141592920353983,0.16606498194945848,0.17510402178673573
teim,pr,0.8141592920353983,0.16636528028933092,0.17510402178673573
teim,pr,0.8141592920353983,0.16666666666666666,0.17510402178673573
teim,pr,0.8053097345132744,0.16515426497277677,0.17510402178673573
teim,pr,0.8053097345132744,0.16545454545454547,0.17510402178673573
teim,pr,0.8053097345132744,0.1657559198542805,0.17510402178673573
teim,pr,0.8053097345132744,0.16605839416058393,0.17510402178673573
teim,pr,0.8053097345132744,0.1663619744058501,0.17510402178673573
teim,pr,0.8053097345132744,0.16666666666666666,0.17510402178673573
teim,pr,0.8053097345132744,0.1669724770642202,0.17510402178673573
teim,pr,0.7964601769911505,0.16544117647058823,0.17510402178673573
teim,pr,0.7964601769911505,0.16574585635359115,0.17510402178673573
teim,pr,0.7964601769911505,0.16605166051660517,0.17510402178673573
teim,pr,0.7964601769911505,0.16635859519408502,0.17510402178673573
teim,pr,0.7964601769911505,0.16666666666666666,0.17510402178673573
teim,pr,0.7964601769911505,0.16697588126159554,0.17510402178673573
teim,pr,0.7876106194690266,0.1654275092936803,0.17510402178673573
teim,pr,0.7876106194690266,0.16573556797020483,0.17510402178673573
teim,pr,0.7876106194690266,0.166044776119403,0.17510402178673573
teim,pr,0.7876106194690266,0.16635514018691588,0.17510402178673573
teim,pr,0.7876106194690266,0.16666666666666666,0.17510402178673573
teim,pr,0.7876106194690266,0.1669793621013133,0.17510402178673573
teim,pr,0.7876106194690266,0.16729323308270677,0.17510402178673573
teim,pr,0.7876106194690266,0.16760828625235405,0.17510402178673573
teim,pr,0.7876106194690266,0.16792452830188678,0.17510402178673573
teim,pr,0.7876106194690266,0.16824196597353497,0.17510402178673573
teim,pr,0.7787610619469026,0.16666666666666666,0.17510402178673573
teim,pr,0.7699115044247787,0.1650853889943074,0.17510402178673573
teim,pr,0.7699115044247787,0.16539923954372623,0.17510402178673573
teim,pr,0.7699115044247787,0.1657142857142857,0.17510402178673573
teim,pr,0.7699115044247787,0.16603053435114504,0.17510402178673573
teim,pr,0.7699115044247787,0.16634799235181644,0.17510402178673573
teim,pr,0.7699115044247787,0.16666666666666666,0.17510402178673573
teim,pr,0.7699115044247787,0.16698656429942418,0.17510402178673573
teim,pr,0.7610619469026548,0.16538461538461538,0.17510402178673573
teim,pr,0.7610619469026548,0.16570327552986513,0.17510402178673573
teim,pr,0.7610619469026548,0.16602316602316602,0.17510402178673573
teim,pr,0.7522123893805309,0.1644100580270793,0.17510402178673573
teim,pr,0.7522123893805309,0.16472868217054262,0.17510402178673573
teim,pr,0.7522123893805309,0.1650485436893204,0.17510402178673573
teim,pr,0.7522123893805309,0.16536964980544747,0.17510402178673573
teim,pr,0.7522123893805309,0.16569200779727095,0.17510402178673573
teim,pr,0.7522123893805309,0.166015625,0.17510402178673573
teim,pr,0.7522123893805309,0.16634050880626222,0.17510402178673573
teim,pr,0.7522123893805309,0.16666666666666666,0.17510402178673573
teim,pr,0.7522123893805309,0.16699410609037327,0.17510402178673573
teim,pr,0.7522123893805309,0.1673228346456693,0.17510402178673573
teim,pr,0.7522123893805309,0.16765285996055226,0.17510402178673573
teim,pr,0.7433628318584071,0.16600790513833993,0.17510402178673573
teim,pr,0.7345132743362832,0.16435643564356436,0.17510402178673573
teim,pr,0.7345132743362832,0.16468253968253968,0.17510402178673573
teim,pr,0.7345132743362832,0.16500994035785288,0.17510402178673573
teim,pr,0.7345132743362832,0.16533864541832669,0.17510402178673573
teim,pr,0.7345132743362832,0.1656686626746507,0.17510402178673573
teim,pr,0.7345132743362832,0.166,0.17510402178673573
teim,pr,0.7345132743362832,0.16633266533066132,0.17510402178673573
teim,pr,0.7345132743362832,0.16666666666666666,0.17510402178673573
teim,pr,0.7345132743362832,0.16700201207243462,0.17510402178673573
teim,pr,0.7345132743362832,0.16733870967741934,0.17510402178673573
teim,pr,0.7345132743362832,0.16767676767676767,0.17510402178673573
teim,pr,0.7345132743362832,0.1680161943319838,0.17510402178673573
teim,pr,0.7345132743362832,0.16835699797160245,0.17510402178673573
teim,pr,0.7345132743362832,0.16869918699186992,0.17510402178673573
teim,pr,0.7345132743362832,0.1690427698574338,0.17510402178673573
teim,pr,0.7345132743362832,0.16938775510204082,0.17510402178673573
teim,pr,0.7345132743362832,0.16973415132924335,0.17510402178673573
teim,pr,0.7345132743362832,0.17008196721311475,0.17510402178673573
teim,pr,0.7345132743362832,0.1704312114989733,0.17510402178673573
teim,pr,0.7345132743362832,0.17078189300411523,0.17510402178673573
teim,pr,0.7345132743362832,0.1711340206185567,0.17510402178673573
teim,pr,0.7345132743362832,0.17148760330578514,0.17510402178673573
teim,pr,0.7345132743362832,0.17184265010351968,0.17510402178673573
teim,pr,0.7256637168141593,0.17012448132780084,0.17510402178673573
teim,pr,0.7256637168141593,0.1704781704781705,0.17510402178673573
teim,pr,0.7256637168141593,0.17083333333333334,0.17510402178673573
teim,pr,0.7256637168141593,0.17118997912317327,0.17510402178673573
teim,pr,0.7256637168141593,0.17154811715481172,0.17510402178673573
teim,pr,0.7256637168141593,0.1719077568134172,0.17510402178673573
teim,pr,0.7256637168141593,0.1722689075630252,0.17510402178673573
teim,pr,0.7256637168141593,0.1726315789473684,0.17510402178673573
teim,pr,0.7256637168141593,0.1729957805907173,0.17510402178673573
teim,pr,0.7168141592920354,0.17124735729386892,0.17510402178673573
teim,pr,0.7168141592920354,0.1716101694915254,0.17510402178673573
teim,pr,0.7168141592920354,0.17197452229299362,0.17510402178673573
teim,pr,0.7168141592920354,0.1723404255319149,0.17510402178673573
teim,pr,0.7079646017699115,0.17057569296375266,0.17510402178673573
teim,pr,0.7079646017699115,0.17094017094017094,0.17510402178673573
teim,pr,0.6991150442477876,0.16916488222698073,0.17510402178673573
teim,pr,0.6991150442477876,0.16952789699570817,0.17510402178673573
teim,pr,0.6991150442477876,0.16989247311827957,0.17510402178673573
teim,pr,0.6991150442477876,0.17025862068965517,0.17510402178673573
teim,pr,0.6991150442477876,0.17062634989200864,0.17510402178673573
teim,pr,0.6991150442477876,0.170995670995671,0.17510402178673573
teim,pr,0.6902654867256637,0.16919739696312364,0.17510402178673573
teim,pr,0.6902654867256637,0.16956521739130434,0.17510402178673573
teim,pr,0.6902654867256637,0.16993464052287582,0.17510402178673573
teim,pr,0.6814159292035398,0.16812227074235808,0.17510402178673573
teim,pr,0.6814159292035398,0.16849015317286653,0.17510402178673573
teim,pr,0.6814159292035398,0.16885964912280702,0.17510402178673573
teim,pr,0.6814159292035398,0.16923076923076924,0.17510402178673573
teim,pr,0.672566371681416,0.16740088105726872,0.17510402178673573
teim,pr,0.672566371681416,0.16777041942604856,0.17510402178673573
teim,pr,0.6637168141592921,0.16592920353982302,0.17510402178673573
teim,pr,0.6637168141592921,0.1662971175166297,0.17510402178673573
teim,pr,0.6548672566371682,0.16444444444444445,0.17510402178673573
teim,pr,0.6548672566371682,0.16481069042316257,0.17510402178673573
teim,pr,0.6548672566371682,0.16517857142857142,0.17510402178673573
teim,pr,0.6460176991150443,0.16331096196868009,0.17510402178673573
teim,pr,0.6460176991150443,0.16367713004484305,0.17510402178673573
teim,pr,0.6460176991150443,0.16404494382022472,0.17510402178673573
teim,pr,0.6460176991150443,0.16441441441441443,0.17510402178673573
teim,pr,0.6371681415929203,0.16252821670428894,0.17510402178673573
teim,pr,0.6371681415929203,0.16289592760180996,0.17510402178673573
teim,pr,0.6371681415929203,0.16326530612244897,0.17510402178673573
teim,pr,0.6371681415929203,0.16363636363636364,0.17510402178673573
teim,pr,0.6371681415929203,0.16400911161731208,0.17510402178673573
teim,pr,0.6371681415929203,0.1643835616438356,0.17510402178673573
teim,pr,0.6371681415929203,0.16475972540045766,0.17510402178673573
teim,pr,0.6371681415929203,0.1651376146788991,0.17510402178673573
teim,pr,0.6371681415929203,0.16551724137931034,0.17510402178673573
teim,pr,0.6371681415929203,0.16589861751152074,0.17510402178673573
teim,pr,0.6371681415929203,0.16628175519630484,0.17510402178673573
teim,pr,0.6371681415929203,0.16666666666666666,0.17510402178673573
teim,pr,0.6371681415929203,0.16705336426914152,0.17510402178673573
teim,pr,0.6371681415929203,0.16744186046511628,0.17510402178673573
teim,pr,0.6371681415929203,0.16783216783216784,0.17510402178673573
teim,pr,0.6371681415929203,0.16822429906542055,0.17510402178673573
teim,pr,0.6371681415929203,0.1686182669789227,0.17510402178673573
teim,pr,0.6283185840707964,0.16666666666666666,0.17510402178673573
teim,pr,0.6283185840707964,0.16705882352941176,0.17510402178673573
teim,pr,0.6283185840707964,0.16745283018867924,0.17510402178673573
teim,pr,0.6283185840707964,0.16784869976359337,0.17510402178673573
teim,pr,0.6283185840707964,0.16824644549763032,0.17510402178673573
teim,pr,0.6283185840707964,0.16864608076009502,0.17510402178673573
teim,pr,0.6283185840707964,0.16904761904761906,0.17510402178673573
teim,pr,0.6283185840707964,0.16945107398568018,0.17510402178673573
teim,pr,0.6283185840707964,0.16985645933014354,0.17510402178673573
teim,pr,0.6194690265486725,0.16786570743405277,0.17510402178673573
teim,pr,0.6194690265486725,0.16826923076923078,0.17510402178673573
teim,pr,0.6194690265486725,0.1686746987951807,0.17510402178673573
teim,pr,0.6106194690265486,0.16666666666666666,0.17510402178673573
teim,pr,0.6106194690265486,0.16707021791767554,0.17510402178673573
teim,pr,0.6106194690265486,0.16747572815533981,0.17510402178673573
teim,pr,0.6106194690265486,0.1678832116788321,0.17510402178673573
teim,pr,0.6106194690265486,0.16829268292682928,0.17510402178673573
teim,pr,0.6106194690265486,0.1687041564792176,0.17510402178673573
teim,pr,0.6106194690265486,0.16911764705882354,0.17510402178673573
teim,pr,0.6106194690265486,0.16953316953316952,0.17510402178673573
teim,pr,0.6106194690265486,0.16995073891625614,0.17510402178673573
teim,pr,0.6106194690265486,0.17037037037037037,0.17510402178673573
teim,pr,0.6106194690265486,0.1707920792079208,0.17510402178673573
teim,pr,0.6106194690265486,0.17121588089330025,0.17510402178673573
teim,pr,0.6017699115044248,0.1691542288557214,0.17510402178673573
teim,pr,0.6017699115044248,0.16957605985037408,0.17510402178673573
teim,pr,0.6017699115044248,0.17,0.17510402178673573
teim,pr,0.6017699115044248,0.17042606516290726,0.17510402178673573
teim,pr,0.6017699115044248,0.1708542713567839,0.17510402178673573
teim,pr,0.6017699115044248,0.1712846347607053,0.17510402178673573
teim,pr,0.6017699115044248,0.1717171717171717,0.17510402178673573
teim,pr,0.6017699115044248,0.17215189873417722,0.17510402178673573
teim,pr,0.5929203539823009,0.1700507614213198,0.17510402178673573
teim,pr,0.5929203539823009,0.17048346055979643,0.17510402178673573
teim,pr,0.5929203539823009,0.17091836734693877,0.17510402178673573
teim,pr,0.5929203539823009,0.17135549872122763,0.17510402178673573
teim,pr,0.5929203539823009,0.1717948717948718,0.17510402178673573
teim,pr,0.5929203539823009,0.17223650385604114,0.17510402178673573
teim,pr,0.5929203539823009,0.17268041237113402,0.17510402178673573
teim,pr,0.5929203539823009,0.1731266149870801,0.17510402178673573
teim,pr,0.5929203539823009,0.17357512953367876,0.17510402178673573
teim,pr,0.5929203539823009,0.17402597402597403,0.17510402178673573
teim,pr,0.5929203539823009,0.17447916666666666,0.17510402178673573
teim,pr,0.5929203539823009,0.17493472584856398,0.17510402178673573
teim,pr,0.5929203539823009,0.17539267015706805,0.17510402178673573
teim,pr,0.5929203539823009,0.17585301837270342,0.17510402178673573
teim,pr,0.5929203539823009,0.1763157894736842,0.17510402178673573
teim,pr,0.5929203539823009,0.17678100263852242,0.17510402178673573
teim,pr,0.5929203539823009,0.17724867724867724,0.17510402178673573
teim,pr,0.5929203539823009,0.17771883289124668,0.17510402178673573
teim,pr,0.5929203539823009,0.17819148936170212,0.17510402178673573
teim,pr,0.5929203539823009,0.17866666666666667,0.17510402178673573
teim,pr,0.5929203539823009,0.17914438502673796,0.17510402178673573
teim,pr,0.584070796460177,0.1769436997319035,0.17510402178673573
teim,pr,0.584070796460177,0.1774193548387097,0.17510402178673573
teim,pr,0.584070796460177,0.1778975741239892,0.17510402178673573
teim,pr,0.584070796460177,0.1783783783783784,0.17510402178673573
teim,pr,0.584070796460177,0.17886178861788618,0.17510402178673573
teim,pr,0.584070796460177,0.1793478260869565,0.17510402178673573
teim,pr,0.584070796460177,0.17983651226158037,0.17510402178673573
teim,pr,0.584070796460177,0.18032786885245902,0.17510402178673573
teim,pr,0.5752212389380531,0.1780821917808219,0.17510402178673573
teim,pr,0.5752212389380531,0.17857142857142858,0.17510402178673573
teim,pr,0.5752212389380531,0.1790633608815427,0.17510402178673573
teim,pr,0.5752212389380531,0.17955801104972377,0.17510402178673573
teim,pr,0.5663716814159292,0.1772853185595568,0.17510402178673573
teim,pr,0.5575221238938053,0.175,0.17510402178673573
teim,pr,0.5575221238938053,0.17548746518105848,0.17510402178673573
teim,pr,0.5575221238938053,0.17597765363128492,0.17510402178673573
teim,pr,0.5575221238938053,0.17647058823529413,0.17510402178673573
teim,pr,0.5575221238938053,0.17696629213483145,0.17510402178673573
teim,pr,0.5486725663716814,0.17464788732394365,0.17510402178673573
teim,pr,0.5486725663716814,0.1751412429378531,0.17510402178673573
teim,pr,0.5486725663716814,0.17563739376770537,0.17510402178673573
teim,pr,0.5486725663716814,0.17613636363636365,0.17510402178673573
teim,pr,0.5486725663716814,0.17663817663817663,0.17510402178673573
teim,pr,0.5486725663716814,0.17714285714285713,0.17510402178673573
teim,pr,0.5398230088495575,0.17478510028653296,0.17510402178673573
teim,pr,0.5398230088495575,0.1752873563218391,0.17510402178673573
teim,pr,0.5309734513274337,0.1729106628242075,0.17510402178673573
teim,pr,0.5309734513274337,0.17341040462427745,0.17510402178673573
teim,pr,0.5309734513274337,0.17391304347826086,0.17510402178673573
teim,pr,0.5221238938053098,0.17151162790697674,0.17510402178673573
teim,pr,0.5221238938053098,0.17201166180758018,0.17510402178673573
teim,pr,0.5132743362831859,0.1695906432748538,0.17510402178673573
teim,pr,0.5132743362831859,0.17008797653958943,0.17510402178673573
teim,pr,0.5132743362831859,0.17058823529411765,0.17510402178673573
teim,pr,0.504424778761062,0.168141592920354,0.17510402178673573
teim,pr,0.49557522123893805,0.16568047337278108,0.17510402178673573
teim,pr,0.48672566371681414,0.1632047477744807,0.17510402178673573
teim,pr,0.48672566371681414,0.1636904761904762,0.17510402178673573
teim,pr,0.48672566371681414,0.16417910447761194,0.17510402178673573
teim,pr,0.48672566371681414,0.16467065868263472,0.17510402178673573
teim,pr,0.48672566371681414,0.16516516516516516,0.17510402178673573
teim,pr,0.48672566371681414,0.16566265060240964,0.17510402178673573
teim,pr,0.48672566371681414,0.1661631419939577,0.17510402178673573
teim,pr,0.48672566371681414,0.16666666666666666,0.17510402178673573
teim,pr,0.48672566371681414,0.16717325227963525,0.17510402178673573
teim,pr,0.48672566371681414,0.1676829268292683,0.17510402178673573
teim,pr,0.48672566371681414,0.16819571865443425,0.17510402178673573
teim,pr,0.48672566371681414,0.1687116564417178,0.17510402178673573
teim,pr,0.48672566371681414,0.16923076923076924,0.17510402178673573
teim,pr,0.48672566371681414,0.1697530864197531,0.17510402178673573
teim,pr,0.48672566371681414,0.17027863777089783,0.17510402178673573
teim,pr,0.48672566371681414,0.17080745341614906,0.17510402178673573
teim,pr,0.48672566371681414,0.17133956386292834,0.17510402178673573
teim,pr,0.48672566371681414,0.171875,0.17510402178673573
teim,pr,0.48672566371681414,0.1724137931034483,0.17510402178673573
teim,pr,0.4778761061946903,0.16981132075471697,0.17510402178673573
teim,pr,0.4690265486725664,0.167192429022082,0.17510402178673573
teim,pr,0.46017699115044247,0.16455696202531644,0.17510402178673573
teim,pr,0.46017699115044247,0.16507936507936508,0.17510402178673573
teim,pr,0.46017699115044247,0.16560509554140126,0.17510402178673573
teim,pr,0.46017699115044247,0.16613418530351437,0.17510402178673573
teim,pr,0.46017699115044247,0.16666666666666666,0.17510402178673573
teim,pr,0.46017699115044247,0.16720257234726688,0.17510402178673573
teim,pr,0.46017699115044247,0.16774193548387098,0.17510402178673573
teim,pr,0.46017699115044247,0.16828478964401294,0.17510402178673573
teim,pr,0.45132743362831856,0.16558441558441558,0.17510402178673573
teim,pr,0.45132743362831856,0.16612377850162866,0.17510402178673573
teim,pr,0.45132743362831856,0.16666666666666666,0.17510402178673573
teim,pr,0.4424778761061947,0.16393442622950818,0.17510402178673573
teim,pr,0.4424778761061947,0.16447368421052633,0.17510402178673573
teim,pr,0.4424778761061947,0.16501650165016502,0.17510402178673573
teim,pr,0.4336283185840708,0.16225165562913907,0.17510402178673573
teim,pr,0.4336283185840708,0.16279069767441862,0.17510402178673573
teim,pr,0.4336283185840708,0.16333333333333333,0.17510402178673573
teim,pr,0.4247787610619469,0.1605351170568562,0.17510402178673573
teim,pr,0.4247787610619469,0.1610738255033557,0.17510402178673573
teim,pr,0.4247787610619469,0.16161616161616163,0.17510402178673573
teim,pr,0.4247787610619469,0.16216216216216217,0.17510402178673573
teim,pr,0.4247787610619469,0.16271186440677965,0.17510402178673573
teim,pr,0.415929203539823,0.1598639455782313,0.17510402178673573
teim,pr,0.415929203539823,0.16040955631399317,0.17510402178673573
teim,pr,0.415929203539823,0.16095890410958905,0.17510402178673573
teim,pr,0.415929203539823,0.16151202749140894,0.17510402178673573
teim,pr,0.415929203539823,0.16206896551724137,0.17510402178673573
teim,pr,0.40707964601769914,0.15916955017301038,0.17510402178673573
teim,pr,0.40707964601769914,0.1597222222222222,0.17510402178673573
teim,pr,0.40707964601769914,0.1602787456445993,0.17510402178673573
teim,pr,0.40707964601769914,0.16083916083916083,0.17510402178673573
teim,pr,0.39823008849557523,0.15789473684210525,0.17510402178673573
teim,pr,0.39823008849557523,0.15845070422535212,0.17510402178673573
teim,pr,0.39823008849557523,0.15901060070671377,0.17510402178673573
teim,pr,0.39823008849557523,0.1595744680851064,0.17510402178673573
teim,pr,0.39823008849557523,0.1601423487544484,0.17510402178673573
teim,pr,0.39823008849557523,0.16071428571428573,0.17510402178673573
teim,pr,0.39823008849557523,0.16129032258064516,0.17510402178673573
teim,pr,0.39823008849557523,0.1618705035971223,0.17510402178673573
teim,pr,0.39823008849557523,0.1624548736462094,0.17510402178673573
teim,pr,0.39823008849557523,0.16304347826086957,0.17510402178673573
teim,pr,0.3893805309734513,0.16,0.17510402178673573
teim,pr,0.3893805309734513,0.16058394160583941,0.17510402178673573
teim,pr,0.3893805309734513,0.16117216117216118,0.17510402178673573
teim,pr,0.3893805309734513,0.16176470588235295,0.17510402178673573
teim,pr,0.3893805309734513,0.16236162361623616,0.17510402178673573
teim,pr,0.3893805309734513,0.16296296296296298,0.17510402178673573
teim,pr,0.3893805309734513,0.16356877323420074,0.17510402178673573
teim,pr,0.3893805309734513,0.16417910447761194,0.17510402178673573
teim,pr,0.3893805309734513,0.1647940074906367,0.17510402178673573
teim,pr,0.3893805309734513,0.16541353383458646,0.17510402178673573
teim,pr,0.3893805309734513,0.1660377358490566,0.17510402178673573
teim,pr,0.3893805309734513,0.16666666666666666,0.17510402178673573
teim,pr,0.3893805309734513,0.16730038022813687,0.17510402178673573
teim,pr,0.3893805309734513,0.16793893129770993,0.17510402178673573
teim,pr,0.3893805309734513,0.1685823754789272,0.17510402178673573
teim,pr,0.3893805309734513,0.16923076923076924,0.17510402178673573
teim,pr,0.3893805309734513,0.16988416988416988,0.17510402178673573
teim,pr,0.3893805309734513,0.17054263565891473,0.17510402178673573
teim,pr,0.3893805309734513,0.17120622568093385,0.17510402178673573
teim,pr,0.3893805309734513,0.171875,0.17510402178673573
teim,pr,0.3893805309734513,0.17254901960784313,0.17510402178673573
teim,pr,0.3893805309734513,0.1732283464566929,0.17510402178673573
teim,pr,0.3893805309734513,0.17391304347826086,0.17510402178673573
teim,pr,0.3893805309734513,0.1746031746031746,0.17510402178673573
teim,pr,0.3893805309734513,0.1752988047808765,0.17510402178673573
teim,pr,0.3893805309734513,0.176,0.17510402178673573
teim,pr,0.3805309734513274,0.17269076305220885,0.17510402178673573
teim,pr,0.3805309734513274,0.17338709677419356,0.17510402178673573
teim,pr,0.3805309734513274,0.17408906882591094,0.17510402178673573
teim,pr,0.3805309734513274,0.17479674796747968,0.17510402178673573
teim,pr,0.3805309734513274,0.17551020408163265,0.17510402178673573
teim,pr,0.3805309734513274,0.1762295081967213,0.17510402178673573
teim,pr,0.3805309734513274,0.17695473251028807,0.17510402178673573
teim,pr,0.3805309734513274,0.17768595041322313,0.17510402178673573
teim,pr,0.3805309734513274,0.17842323651452283,0.17510402178673573
teim,pr,0.3805309734513274,0.17916666666666667,0.17510402178673573
teim,pr,0.3805309734513274,0.1799163179916318,0.17510402178673573
teim,pr,0.3805309734513274,0.18067226890756302,0.17510402178673573
teim,pr,0.37168141592920356,0.17721518987341772,0.17510402178673573
teim,pr,0.37168141592920356,0.17796610169491525,0.17510402178673573
teim,pr,0.36283185840707965,0.17446808510638298,0.17510402178673573
teim,pr,0.35398230088495575,0.17094017094017094,0.17510402178673573
teim,pr,0.35398230088495575,0.17167381974248927,0.17510402178673573
teim,pr,0.35398230088495575,0.1724137931034483,0.17510402178673573
teim,pr,0.35398230088495575,0.17316017316017315,0.17510402178673573
teim,pr,0.35398230088495575,0.17391304347826086,0.17510402178673573
teim,pr,0.35398230088495575,0.17467248908296942,0.17510402178673573
teim,pr,0.35398230088495575,0.17543859649122806,0.17510402178673573
teim,pr,0.35398230088495575,0.1762114537444934,0.17510402178673573
teim,pr,0.35398230088495575,0.17699115044247787,0.17510402178673573
teim,pr,0.35398230088495575,0.17777777777777778,0.17510402178673573
teim,pr,0.34513274336283184,0.17410714285714285,0.17510402178673573
teim,pr,0.34513274336283184,0.17488789237668162,0.17510402178673573
teim,pr,0.34513274336283184,0.17567567567567569,0.17510402178673573
teim,pr,0.34513274336283184,0.17647058823529413,0.17510402178673573
teim,pr,0.336283185840708,0.17272727272727273,0.17510402178673573
teim,pr,0.336283185840708,0.1735159817351598,0.17510402178673573
teim,pr,0.336283185840708,0.1743119266055046,0.17510402178673573
teim,pr,0.336283185840708,0.17511520737327188,0.17510402178673573
teim,pr,0.336283185840708,0.17592592592592593,0.17510402178673573
teim,pr,0.3274336283185841,0.17209302325581396,0.17510402178673573
teim,pr,0.3274336283185841,0.17289719626168223,0.17510402178673573
teim,pr,0.3274336283185841,0.17370892018779344,0.17510402178673573
teim,pr,0.3185840707964602,0.16981132075471697,0.17510402178673573
teim,pr,0.3185840707964602,0.17061611374407584,0.17510402178673573
teim,pr,0.3185840707964602,0.17142857142857143,0.17510402178673573
teim,pr,0.3185840707964602,0.1722488038277512,0.17510402178673573
teim,pr,0.30973451327433627,0.16826923076923078,0.17510402178673573
teim,pr,0.30973451327433627,0.16908212560386474,0.17510402178673573
teim,pr,0.30973451327433627,0.16990291262135923,0.17510402178673573
teim,pr,0.30973451327433627,0.17073170731707318,0.17510402178673573
teim,pr,0.30973451327433627,0.1715686274509804,0.17510402178673573
teim,pr,0.30973451327433627,0.1724137931034483,0.17510402178673573
teim,pr,0.30973451327433627,0.17326732673267325,0.17510402178673573
teim,pr,0.3008849557522124,0.1691542288557214,0.17510402178673573
teim,pr,0.3008849557522124,0.17,0.17510402178673573
teim,pr,0.3008849557522124,0.1708542713567839,0.17510402178673573
teim,pr,0.3008849557522124,0.1717171717171717,0.17510402178673573
teim,pr,0.3008849557522124,0.17258883248730963,0.17510402178673573
teim,pr,0.3008849557522124,0.17346938775510204,0.17510402178673573
teim,pr,0.3008849557522124,0.17435897435897435,0.17510402178673573
teim,pr,0.3008849557522124,0.17525773195876287,0.17510402178673573
teim,pr,0.3008849557522124,0.17616580310880828,0.17510402178673573
teim,pr,0.3008849557522124,0.17708333333333334,0.17510402178673573
teim,pr,0.2920353982300885,0.17277486910994763,0.17510402178673573
teim,pr,0.2920353982300885,0.1736842105263158,0.17510402178673573
teim,pr,0.2920353982300885,0.1746031746031746,0.17510402178673573
teim,pr,0.2920353982300885,0.17553191489361702,0.17510402178673573
teim,pr,0.2920353982300885,0.17647058823529413,0.17510402178673573
teim,pr,0.2920353982300885,0.1774193548387097,0.17510402178673573
teim,pr,0.2920353982300885,0.1783783783783784,0.17510402178673573
teim,pr,0.2920353982300885,0.1793478260869565,0.17510402178673573
teim,pr,0.2920353982300885,0.18032786885245902,0.17510402178673573
teim,pr,0.2920353982300885,0.1813186813186813,0.17510402178673573
teim,pr,0.2920353982300885,0.18232044198895028,0.17510402178673573
teim,pr,0.2920353982300885,0.18333333333333332,0.17510402178673573
teim,pr,0.2920353982300885,0.18435754189944134,0.17510402178673573
teim,pr,0.2920353982300885,0.1853932584269663,0.17510402178673573
teim,pr,0.2920353982300885,0.1864406779661017,0.17510402178673573
teim,pr,0.2920353982300885,0.1875,0.17510402178673573
teim,pr,0.2920353982300885,0.18857142857142858,0.17510402178673573
teim,pr,0.2920353982300885,0.1896551724137931,0.17510402178673573
teim,pr,0.2920353982300885,0.1907514450867052,0.17510402178673573
teim,pr,0.2920353982300885,0.19186046511627908,0.17510402178673573
teim,pr,0.2920353982300885,0.19298245614035087,0.17510402178673573
teim,pr,0.2920353982300885,0.19411764705882353,0.17510402178673573
teim,pr,0.2920353982300885,0.1952662721893491,0.17510402178673573
teim,pr,0.2831858407079646,0.19047619047619047,0.17510402178673573
teim,pr,0.2831858407079646,0.19161676646706588,0.17510402178673573
teim,pr,0.2831858407079646,0.1927710843373494,0.17510402178673573
teim,pr,0.2831858407079646,0.19393939393939394,0.17510402178673573
teim,pr,0.2831858407079646,0.1951219512195122,0.17510402178673573
teim,pr,0.2831858407079646,0.19631901840490798,0.17510402178673573
teim,pr,0.2831858407079646,0.19753086419753085,0.17510402178673573
teim,pr,0.2743362831858407,0.19254658385093168,0.17510402178673573
teim,pr,0.2743362831858407,0.19375,0.17510402178673573
teim,pr,0.2743362831858407,0.1949685534591195,0.17510402178673573
teim,pr,0.26548672566371684,0.189873417721519,0.17510402178673573
teim,pr,0.26548672566371684,0.1910828025477707,0.17510402178673573
teim,pr,0.26548672566371684,0.19230769230769232,0.17510402178673573
teim,pr,0.26548672566371684,0.1935483870967742,0.17510402178673573
teim,pr,0.25663716814159293,0.18831168831168832,0.17510402178673573
teim,pr,0.25663716814159293,0.1895424836601307,0.17510402178673573
teim,pr,0.24778761061946902,0.18421052631578946,0.17510402178673573
teim,pr,0.24778761061946902,0.18543046357615894,0.17510402178673573
teim,pr,0.23893805309734514,0.18,0.17510402178673573
teim,pr,0.23893805309734514,0.18120805369127516,0.17510402178673573
teim,pr,0.23893805309734514,0.18243243243243243,0.17510402178673573
teim,pr,0.23893805309734514,0.1836734693877551,0.17510402178673573
teim,pr,0.23893805309734514,0.18493150684931506,0.17510402178673573
teim,pr,0.23893805309734514,0.18620689655172415,0.17510402178673573
teim,pr,0.23893805309734514,0.1875,0.17510402178673573
teim,pr,0.23893805309734514,0.1888111888111888,0.17510402178673573
teim,pr,0.23893805309734514,0.19014084507042253,0.17510402178673573
teim,pr,0.23893805309734514,0.19148936170212766,0.17510402178673573
teim,pr,0.23008849557522124,0.18571428571428572,0.17510402178673573
teim,pr,0.23008849557522124,0.18705035971223022,0.17510402178673573
teim,pr,0.23008849557522124,0.18840579710144928,0.17510402178673573
teim,pr,0.23008849557522124,0.1897810218978102,0.17510402178673573
teim,pr,0.23008849557522124,0.19117647058823528,0.17510402178673573
teim,pr,0.22123893805309736,0.18518518518518517,0.17510402178673573
teim,pr,0.22123893805309736,0.1865671641791045,0.17510402178673573
teim,pr,0.22123893805309736,0.18796992481203006,0.17510402178673573
teim,pr,0.22123893805309736,0.1893939393939394,0.17510402178673573
teim,pr,0.22123893805309736,0.19083969465648856,0.17510402178673573
teim,pr,0.22123893805309736,0.19230769230769232,0.17510402178673573
teim,pr,0.22123893805309736,0.1937984496124031,0.17510402178673573
teim,pr,0.22123893805309736,0.1953125,0.17510402178673573
teim,pr,0.22123893805309736,0.1968503937007874,0.17510402178673573
teim,pr,0.22123893805309736,0.1984126984126984,0.17510402178673573
teim,pr,0.22123893805309736,0.2,0.17510402178673573
teim,pr,0.22123893805309736,0.20161290322580644,0.17510402178673573
teim,pr,0.22123893805309736,0.2032520325203252,0.17510402178673573
teim,pr,0.22123893805309736,0.20491803278688525,0.17510402178673573
teim,pr,0.22123893805309736,0.2066115702479339,0.17510402178673573
teim,pr,0.22123893805309736,0.20833333333333334,0.17510402178673573
teim,pr,0.21238938053097345,0.20168067226890757,0.17510402178673573
teim,pr,0.21238938053097345,0.2033898305084746,0.17510402178673573
teim,pr,0.21238938053097345,0.20512820512820512,0.17510402178673573
teim,pr,0.21238938053097345,0.20689655172413793,0.17510402178673573
teim,pr,0.21238938053097345,0.20869565217391303,0.17510402178673573
teim,pr,0.21238938053097345,0.21052631578947367,0.17510402178673573
teim,pr,0.21238938053097345,0.21238938053097345,0.17510402178673573
teim,pr,0.21238938053097345,0.21428571428571427,0.17510402178673573
teim,pr,0.21238938053097345,0.21621621621621623,0.17510402178673573
teim,pr,0.20353982300884957,0.20909090909090908,0.17510402178673573
teim,pr,0.19469026548672566,0.2018348623853211,0.17510402178673573
teim,pr,0.19469026548672566,0.2037037037037037,0.17510402178673573
teim,pr,0.19469026548672566,0.205607476635514,0.17510402178673573
teim,pr,0.19469026548672566,0.20754716981132076,0.17510402178673573
teim,pr,0.19469026548672566,0.20952380952380953,0.17510402178673573
teim,pr,0.19469026548672566,0.21153846153846154,0.17510402178673573
teim,pr,0.18584070796460178,0.20388349514563106,0.17510402178673573
teim,pr,0.18584070796460178,0.20588235294117646,0.17510402178673573
teim,pr,0.18584070796460178,0.2079207920792079,0.17510402178673573
teim,pr,0.18584070796460178,0.21,0.17510402178673573
teim,pr,0.18584070796460178,0.21212121212121213,0.17510402178673573
teim,pr,0.18584070796460178,0.21428571428571427,0.17510402178673573
teim,pr,0.18584070796460178,0.21649484536082475,0.17510402178673573
teim,pr,0.17699115044247787,0.20833333333333334,0.17510402178673573
teim,pr,0.17699115044247787,0.21052631578947367,0.17510402178673573
teim,pr,0.168141592920354,0.20212765957446807,0.17510402178673573
teim,pr,0.168141592920354,0.20430107526881722,0.17510402178673573
teim,pr,0.168141592920354,0.20652173913043478,0.17510402178673573
teim,pr,0.168141592920354,0.2087912087912088,0.17510402178673573
teim,pr,0.168141592920354,0.2111111111111111,0.17510402178673573
teim,pr,0.1592920353982301,0.20224719101123595,0.17510402178673573
teim,pr,0.1504424778761062,0.19318181818181818,0.17510402178673573
teim,pr,0.1415929203539823,0.1839080459770115,0.17510402178673573
teim,pr,0.1415929203539823,0.18604651162790697,0.17510402178673573
teim,pr,0.1415929203539823,0.18823529411764706,0.17510402178673573
teim,pr,0.1415929203539823,0.19047619047619047,0.17510402178673573
teim,pr,0.1415929203539823,0.1927710843373494,0.17510402178673573
teim,pr,0.13274336283185842,0.18292682926829268,0.17510402178673573
teim,pr,0.13274336283185842,0.18518518518518517,0.17510402178673573
teim,pr,0.13274336283185842,0.1875,0.17510402178673573
teim,pr,0.12389380530973451,0.17721518987341772,0.17510402178673573
teim,pr,0.12389380530973451,0.1794871794871795,0.17510402178673573
teim,pr,0.12389380530973451,0.18181818181818182,0.17510402178673573
teim,pr,0.12389380530973451,0.18421052631578946,0.17510402178673573
teim,pr,0.12389380530973451,0.18666666666666668,0.17510402178673573
teim,pr,0.12389380530973451,0.1891891891891892,0.17510402178673573
teim,pr,0.12389380530973451,0.1917808219178082,0.17510402178673573
teim,pr,0.11504424778761062,0.18055555555555555,0.17510402178673573
teim,pr,0.11504424778761062,0.18309859154929578,0.17510402178673573
teim,pr,0.11504424778761062,0.18571428571428572,0.17510402178673573
teim,pr,0.11504424778761062,0.18840579710144928,0.17510402178673573
teim,pr,0.10619469026548672,0.17647058823529413,0.17510402178673573
teim,pr,0.10619469026548672,0.1791044776119403,0.17510402178673573
teim,pr,0.09734513274336283,0.16666666666666666,0.17510402178673573
teim,pr,0.09734513274336283,0.16923076923076924,0.17510402178673573
teim,pr,0.09734513274336283,0.171875,0.17510402178673573
teim,pr,0.09734513274336283,0.1746031746031746,0.17510402178673573
teim,pr,0.09734513274336283,0.1774193548387097,0.17510402178673573
teim,pr,0.08849557522123894,0.16393442622950818,0.17510402178673573
teim,pr,0.08849557522123894,0.16666666666666666,0.17510402178673573
teim,pr,0.08849557522123894,0.1694915254237288,0.17510402178673573
teim,pr,0.08849557522123894,0.1724137931034483,0.17510402178673573
teim,pr,0.07964601769911504,0.15789473684210525,0.17510402178673573
teim,pr,0.07964601769911504,0.16071428571428573,0.17510402178673573
teim,pr,0.07079646017699115,0.14545454545454545,0.17510402178673573
teim,pr,0.07079646017699115,0.14814814814814814,0.17510402178673573
teim,pr,0.07079646017699115,0.1509433962264151,0.17510402178673573
teim,pr,0.07079646017699115,0.15384615384615385,0.17510402178673573
teim,pr,0.07079646017699115,0.1568627450980392,0.17510402178673573
teim,pr,0.07079646017699115,0.16,0.17510402178673573
teim,pr,0.07079646017699115,0.16326530612244897,0.17510402178673573
teim,pr,0.07079646017699115,0.16666666666666666,0.17510402178673573
teim,pr,0.061946902654867256,0.14893617021276595,0.17510402178673573
teim,pr,0.061946902654867256,0.15217391304347827,0.17510402178673573
teim,pr,0.05309734513274336,0.13333333333333333,0.17510402178673573
teim,pr,0.05309734513274336,0.13636363636363635,0.17510402178673573
teim,pr,0.05309734513274336,0.13953488372093023,0.17510402178673573
teim,pr,0.05309734513274336,0.14285714285714285,0.17510402178673573
teim,pr,0.05309734513274336,0.14634146341463414,0.17510402178673573
teim,pr,0.05309734513274336,0.15,0.17510402178673573
teim,pr,0.04424778761061947,0.1282051282051282,0.17510402178673573
teim,pr,0.035398230088495575,0.10526315789473684,0.17510402178673573
teim,pr,0.035398230088495575,0.10810810810810811,0.17510402178673573
teim,pr,0.035398230088495575,0.1111111111111111,0.17510402178673573
teim,pr,0.035398230088495575,0.11428571428571428,0.17510402178673573
teim,pr,0.035398230088495575,0.11764705882352941,0.17510402178673573
teim,pr,0.035398230088495575,0.12121212121212122,0.17510402178673573
teim,pr,0.035398230088495575,0.125,0.17510402178673573
teim,pr,0.035398230088495575,0.12903225806451613,0.17510402178673573
teim,pr,0.035398230088495575,0.13333333333333333,0.17510402178673573
teim,pr,0.035398230088495575,0.13793103448275862,0.17510402178673573
teim,pr,0.035398230088495575,0.14285714285714285,0.17510402178673573
teim,pr,0.035398230088495575,0.14814814814814814,0.17510402178673573
teim,pr,0.035398230088495575,0.15384615384615385,0.17510402178673573
teim,pr,0.035398230088495575,0.16,0.17510402178673573
teim,pr,0.035398230088495575,0.16666666666666666,0.17510402178673573
teim,pr,0.035398230088495575,0.17391304347826086,0.17510402178673573
teim,pr,0.035398230088495575,0.18181818181818182,0.17510402178673573
teim,pr,0.035398230088495575,0.19047619047619047,0.17510402178673573
teim,pr,0.035398230088495575,0.2,0.17510402178673573
teim,pr,0.035398230088495575,0.21052631578947367,0.17510402178673573
teim,pr,0.035398230088495575,0.2222222222222222,0.17510402178673573
teim,pr,0.02654867256637168,0.17647058823529413,0.17510402178673573
teim,pr,0.02654867256637168,0.1875,0.17510402178673573
teim,pr,0.02654867256637168,0.2,0.17510402178673573
teim,pr,0.017699115044247787,0.14285714285714285,0.17510402178673573
teim,pr,0.017699115044247787,0.15384615384615385,0.17510402178673573
teim,pr,0.017699115044247787,0.16666666666666666,0.17510402178673573
teim,pr,0.017699115044247787,0.18181818181818182,0.17510402178673573
teim,pr,0.017699115044247787,0.2,0.17510402178673573
teim,pr,0.008849557522123894,0.1111111111111111,0.17510402178673573
teim,pr,0.008849557522123894,0.125,0.17510402178673573
teim,pr,0.008849557522123894,0.14285714285714285,0.17510402178673573
teim,pr,0.0,0.0,0.17510402178673573
teim,pr,0.0,0.0,0.17510402178673573
teim,pr,0.0,0.0,0.17510402178673573
teim,pr,0.0,0.0,0.17510402178673573
teim,pr,0.0,0.0,0.17510402178673573
teim,pr,0.0,0.0,0.17510402178673573
teim,pr,0.0,1.0,0.17510402178673573
unipmt,roc,0.0,0.0,0.4907202216066482
unipmt,roc,0.0017543859649122807,0.0,0.4907202216066482
unipmt,roc,0.007017543859649123,0.0,0.4907202216066482
unipmt,roc,0.007017543859649123,0.008771929824561403,0.4907202216066482
unipmt,roc,0.010526315789473684,0.008771929824561403,0.4907202216066482
unipmt,roc,0.010526315789473684,0.017543859649122806,0.4907202216066482
unipmt,roc,0.012280701754385965,0.017543859649122806,0.4907202216066482
unipmt,roc,0.012280701754385965,0.02631578947368421,0.4907202216066482
unipmt,roc,0.05263157894736842,0.02631578947368421,0.4907202216066482
unipmt,roc,0.05263157894736842,0.03508771929824561,0.4907202216066482
unipmt,roc,0.054385964912280704,0.03508771929824561,0.4907202216066482
unipmt,roc,0.054385964912280704,0.05263157894736842,0.4907202216066482
unipmt,roc,0.07192982456140351,0.05263157894736842,0.4907202216066482
unipmt,roc,0.07192982456140351,0.06140350877192982,0.4907202216066482
unipmt,roc,0.0912280701754386,0.06140350877192982,0.4907202216066482
unipmt,roc,0.0912280701754386,0.07017543859649122,0.4907202216066482
unipmt,roc,0.09649122807017543,0.07017543859649122,0.4907202216066482
unipmt,roc,0.09649122807017543,0.07894736842105263,0.4907202216066482
unipmt,roc,0.11929824561403508,0.07894736842105263,0.4907202216066482
unipmt,roc,0.11929824561403508,0.08771929824561403,0.4907202216066482
unipmt,roc,0.12280701754385964,0.08771929824561403,0.4907202216066482
unipmt,roc,0.12280701754385964,0.09649122807017543,0.4907202216066482
unipmt,roc,0.12456140350877193,0.09649122807017543,0.4907202216066482
unipmt,roc,0.12456140350877193,0.10526315789473684,0.4907202216066482
unipmt,roc,0.1280701754385965,0.10526315789473684,0.4907202216066482
unipmt,roc,0.1280701754385965,0.11403508771929824,0.4907202216066482
unipmt,roc,0.13333333333333333,0.11403508771929824,0.4907202216066482
unipmt,roc,0.13333333333333333,0.13157894736842105,0.4907202216066482
unipmt,roc,0.1456140350877193,0.13157894736842105,0.4907202216066482
unipmt,roc,0.1456140350877193,0.16666666666666666,0.4907202216066482
unipmt,roc,0.18771929824561404,0.16666666666666666,0.4907202216066482
unipmt,roc,0.18771929824561404,0.18421052631578946,0.4907202216066482
unipmt,roc,0.2,0.18421052631578946,0.4907202216066482
unipmt,roc,0.2,0.19298245614035087,0.4907202216066482
unipmt,roc,0.20701754385964913,0.19298245614035087,0.4907202216066482
unipmt,roc,0.20701754385964913,0.20175438596491227,0.4907202216066482
unipmt,roc,0.21403508771929824,0.20175438596491227,0.4907202216066482
unipmt,roc,0.21403508771929824,0.21929824561403508,0.4907202216066482
unipmt,roc,0.22105263157894736,0.21929824561403508,0.4907202216066482
unipmt,roc,0.22105263157894736,0.22807017543859648,0.4907202216066482
unipmt,roc,0.22280701754385965,0.22807017543859648,0.4907202216066482
unipmt,roc,0.22280701754385965,0.23684210526315788,0.4907202216066482
unipmt,roc,0.22807017543859648,0.23684210526315788,0.4907202216066482
unipmt,roc,0.22807017543859648,0.24561403508771928,0.4907202216066482
unipmt,roc,0.25263157894736843,0.24561403508771928,0.4907202216066482
unipmt,roc,0.25263157894736843,0.2543859649122807,0.4907202216066482
unipmt,roc,0.2578947368421053,0.2543859649122807,0.4907202216066482
unipmt,roc,0.2578947368421053,0.2631578947368421,0.4907202216066482
unipmt,roc,0.2631578947368421,0.2631578947368421,0.4907202216066482
unipmt,roc,0.2631578947368421,0.2719298245614035,0.4907202216066482
unipmt,roc,0.26842105263157895,0.2719298245614035,0.4907202216066482
unipmt,roc,0.26842105263157895,0.2894736842105263,0.4907202216066482
unipmt,roc,0.2807017543859649,0.2894736842105263,0.4907202216066482
unipmt,roc,0.2807017543859649,0.2982456140350877,0.4907202216066482
unipmt,roc,0.28596491228070176,0.2982456140350877,0.4907202216066482
unipmt,roc,0.28596491228070176,0.34210526315789475,0.4907202216066482
unipmt,roc,0.3157894736842105,0.34210526315789475,0.4907202216066482
unipmt,roc,0.3157894736842105,0.3508771929824561,0.4907202216066482
unipmt,roc,0.3175438596491228,0.3508771929824561,0.4907202216066482
unipmt,roc,0.3175438596491228,0.35964912280701755,0.4907202216066482
unipmt,roc,0.34210526315789475,0.35964912280701755,0.4907202216066482
unipmt,roc,0.34210526315789475,0.3684210526315789,0.4907202216066482
unipmt,roc,0.3912280701754386,0.3684210526315789,0.4907202216066482
unipmt,roc,0.3912280701754386,0.37719298245614036,0.4907202216066482
unipmt,roc,0.4,0.37719298245614036,0.4907202216066482
unipmt,roc,0.4,0.39473684210526316,0.4907202216066482
unipmt,roc,0.42105263157894735,0.39473684210526316,0.4907202216066482
unipmt,roc,0.42105263157894735,0.41228070175438597,0.4907202216066482
unipmt,roc,0.43157894736842106,0.41228070175438597,0.4907202216066482
unipmt,roc,0.43157894736842106,0.42105263157894735,0.4907202216066482
unipmt,roc,0.43508771929824563,0.42105263157894735,0.4907202216066482
unipmt,roc,0.43508771929824563,0.4298245614035088,0.4907202216066482
unipmt,roc,0.4789473684210526,0.4298245614035088,0.4907202216066482
unipmt,roc,0.4789473684210526,0.43859649122807015,0.4907202216066482
unipmt,roc,0.4842105263157895,0.43859649122807015,0.4907202216066482
unipmt,roc,0.4842105263157895,0.4473684210526316,0.4907202216066482
unipmt,roc,0.48771929824561405,0.4473684210526316,0.4907202216066482
unipmt,roc,0.48771929824561405,0.45614035087719296,0.4907202216066482
unipmt,roc,0.49473684210526314,0.45614035087719296,0.4907202216066482
unipmt,roc,0.49473684210526314,0.4649122807017544,0.4907202216066482
unipmt,roc,0.5350877192982456,0.4649122807017544,0.4907202216066482
unipmt,roc,0.5350877192982456,0.49122807017543857,0.4907202216066482
unipmt,roc,0.5473684210526316,0.49122807017543857,0.4907202216066482
unipmt,roc,0.5473684210526316,0.5,0.4907202216066482
unipmt,roc,0.5614035087719298,0.5,0.4907202216066482
unipmt,roc,0.5614035087719298,0.5087719298245614,0.4907202216066482
unipmt,roc,0.5666666666666667,0.5087719298245614,0.4907202216066482
unipmt,roc,0.5666666666666667,0.5175438596491229,0.4907202216066482
unipmt,roc,0.5789473684210527,0.5175438596491229,0.4907202216066482
unipmt,roc,0.5789473684210527,0.5350877192982456,0.4907202216066482
unipmt,roc,0.5824561403508772,0.5350877192982456,0.4907202216066482
unipmt,roc,0.5824561403508772,0.543859649122807,0.4907202216066482
unipmt,roc,0.5859649122807018,0.543859649122807,0.4907202216066482
unipmt,roc,0.5859649122807018,0.5614035087719298,0.4907202216066482
unipmt,roc,0.5912280701754385,0.5614035087719298,0.4907202216066482
unipmt,roc,0.5912280701754385,0.5701754385964912,0.4907202216066482
unipmt,roc,0.6087719298245614,0.5701754385964912,0.4907202216066482
unipmt,roc,0.6087719298245614,0.5789473684210527,0.4907202216066482
unipmt,roc,0.612280701754386,0.5789473684210527,0.4907202216066482
unipmt,roc,0.612280701754386,0.5877192982456141,0.4907202216066482
unipmt,roc,0.6175438596491228,0.5877192982456141,0.4907202216066482
unipmt,roc,0.6175438596491228,0.5964912280701754,0.4907202216066482
unipmt,roc,0.6228070175438597,0.5964912280701754,0.4907202216066482
unipmt,roc,0.6228070175438597,0.6052631578947368,0.4907202216066482
unipmt,roc,0.6280701754385964,0.6052631578947368,0.4907202216066482
unipmt,roc,0.6280701754385964,0.6140350877192983,0.4907202216066482
unipmt,roc,0.6333333333333333,0.6140350877192983,0.4907202216066482
unipmt,roc,0.6333333333333333,0.6228070175438597,0.4907202216066482
unipmt,roc,0.6526315789473685,0.6228070175438597,0.4907202216066482
unipmt,roc,0.6526315789473685,0.631578947368421,0.4907202216066482
unipmt,roc,0.6543859649122807,0.631578947368421,0.4907202216066482
unipmt,roc,0.6543859649122807,0.6403508771929824,0.4907202216066482
unipmt,roc,0.6719298245614035,0.6403508771929824,0.4907202216066482
unipmt,roc,0.6719298245614035,0.6578947368421053,0.4907202216066482
unipmt,roc,0.6842105263157895,0.6578947368421053,0.4907202216066482
unipmt,roc,0.6842105263157895,0.6666666666666666,0.4907202216066482
unipmt,roc,0.6947368421052632,0.6666666666666666,0.4907202216066482
unipmt,roc,0.6947368421052632,0.6754385964912281,0.4907202216066482
unipmt,roc,0.6964912280701754,0.6754385964912281,0.4907202216066482
unipmt,roc,0.6964912280701754,0.6929824561403509,0.4907202216066482
unipmt,roc,0.7105263157894737,0.6929824561403509,0.4907202216066482
unipmt,roc,0.7105263157894737,0.7105263157894737,0.4907202216066482
unipmt,roc,0.712280701754386,0.7105263157894737,0.4907202216066482
unipmt,roc,0.712280701754386,0.7192982456140351,0.4907202216066482
unipmt,roc,0.7140350877192982,0.7192982456140351,0.4907202216066482
unipmt,roc,0.7140350877192982,0.7280701754385965,0.4907202216066482
unipmt,roc,0.7280701754385965,0.7280701754385965,0.4907202216066482
unipmt,roc,0.7280701754385965,0.7368421052631579,0.4907202216066482
unipmt,roc,0.7333333333333333,0.7368421052631579,0.4907202216066482
unipmt,roc,0.7333333333333333,0.7456140350877193,0.4907202216066482
unipmt,roc,0.7385964912280701,0.7456140350877193,0.4907202216066482
unipmt,roc,0.7385964912280701,0.7631578947368421,0.4907202216066482
unipmt,roc,0.7473684210526316,0.7631578947368421,0.4907202216066482
unipmt,roc,0.7473684210526316,0.7719298245614035,0.4907202216066482
unipmt,roc,0.7526315789473684,0.7719298245614035,0.4907202216066482
unipmt,roc,0.7526315789473684,0.7807017543859649,0.4907202216066482
unipmt,roc,0.7596491228070176,0.7807017543859649,0.4907202216066482
unipmt,roc,0.7596491228070176,0.7894736842105263,0.4907202216066482
unipmt,roc,0.7631578947368421,0.7894736842105263,0.4907202216066482
unipmt,roc,0.7631578947368421,0.7982456140350878,0.4907202216066482
unipmt,roc,0.775438596491228,0.7982456140350878,0.4907202216066482
unipmt,roc,0.775438596491228,0.8070175438596491,0.4907202216066482
unipmt,roc,0.7859649122807018,0.8070175438596491,0.4907202216066482
unipmt,roc,0.7859649122807018,0.8157894736842105,0.4907202216066482
unipmt,roc,0.8,0.8157894736842105,0.4907202216066482
unipmt,roc,0.8,0.8245614035087719,0.4907202216066482
unipmt,roc,0.8140350877192982,0.8245614035087719,0.4907202216066482
unipmt,roc,0.8140350877192982,0.8333333333333334,0.4907202216066482
unipmt,roc,0.8456140350877193,0.8333333333333334,0.4907202216066482
unipmt,roc,0.8456140350877193,0.8421052631578947,0.4907202216066482
unipmt,roc,0.8543859649122807,0.8421052631578947,0.4907202216066482
unipmt,roc,0.8543859649122807,0.8508771929824561,0.4907202216066482
unipmt,roc,0.8666666666666667,0.8508771929824561,0.4907202216066482
unipmt,roc,0.8666666666666667,0.8596491228070176,0.4907202216066482
unipmt,roc,0.8807017543859649,0.8596491228070176,0.4907202216066482
unipmt,roc,0.8807017543859649,0.868421052631579,0.4907202216066482
unipmt,roc,0.9105263157894737,0.868421052631579,0.4907202216066482
unipmt,roc,0.9105263157894737,0.8771929824561403,0.4907202216066482
unipmt,roc,0.9245614035087719,0.8771929824561403,0.4907202216066482
unipmt,roc,0.9245614035087719,0.8859649122807017,0.4907202216066482
unipmt,roc,0.9280701754385965,0.8859649122807017,0.4907202216066482
unipmt,roc,0.9280701754385965,0.8947368421052632,0.4907202216066482
unipmt,roc,0.9298245614035088,0.8947368421052632,0.4907202216066482
unipmt,roc,0.9298245614035088,0.9035087719298246,0.4907202216066482
unipmt,roc,0.9315789473684211,0.9035087719298246,0.4907202216066482
unipmt,roc,0.9315789473684211,0.9122807017543859,0.4907202216066482
unipmt,roc,0.9333333333333333,0.9122807017543859,0.4907202216066482
unipmt,roc,0.9333333333333333,0.9210526315789473,0.4907202216066482
unipmt,roc,0.9421052631578948,0.9210526315789473,0.4907202216066482
unipmt,roc,0.9421052631578948,0.9298245614035088,0.4907202216066482
unipmt,roc,0.9456140350877194,0.9298245614035088,0.4907202216066482
unipmt,roc,0.9456140350877194,0.9385964912280702,0.4907202216066482
unipmt,roc,0.9526315789473684,0.9385964912280702,0.4907202216066482
unipmt,roc,0.9526315789473684,0.956140350877193,0.4907202216066482
unipmt,roc,0.9578947368421052,0.956140350877193,0.4907202216066482
unipmt,roc,0.9578947368421052,0.9736842105263158,0.4907202216066482
unipmt,roc,0.9614035087719298,0.9736842105263158,0.4907202216066482
unipmt,roc,0.9614035087719298,0.9824561403508771,0.4907202216066482
unipmt,roc,0.9701754385964912,0.9824561403508771,0.4907202216066482
unipmt,roc,0.9701754385964912,0.9912280701754386,0.4907202216066482
unipmt,roc,0.9789473684210527,0.9912280701754386,0.4907202216066482
unipmt,roc,0.9789473684210527,1.0,0.4907202216066482
unipmt,roc,1.0,1.0,0.4907202216066482
unipmt,pr,1.0,0.16666666666666666,0.16628860079136254
unipmt,pr,1.0,0.16691068814055637,0.16628860079136254
unipmt,pr,1.0,0.16715542521994134,0.16628860079136254
unipmt,pr,1.0,0.16740088105726872,0.16628860079136254
unipmt,pr,1.0,0.1676470588235294,0.16628860079136254
unipmt,pr,1.0,0.16789396170839468,0.16628860079136254
unipmt,pr,1.0,0.168141592920354,0.16628860079136254
unipmt,pr,1.0,0.16838995568685378,0.16628860079136254
unipmt,pr,1.0,0.16863905325443787,0.16628860079136254
unipmt,pr,1.0,0.1688888888888889,0.16628860079136254
unipmt,pr,1.0,0.16913946587537093,0.16628860079136254
unipmt,pr,1.0,0.16939078751857356,0.16628860079136254
unipmt,pr,1.0,0.16964285714285715,0.16628860079136254
unipmt,pr,0.9912280701754386,0.16840536512667661,0.16628860079136254
unipmt,pr,0.9912280701754386,0.16865671641791044,0.16628860079136254
unipmt,pr,0.9912280701754386,0.16890881913303438,0.16628860079136254
unipmt,pr,0.9912280701754386,0.1691616766467066,0.16628860079136254
unipmt,pr,0.9912280701754386,0.16941529235382308,0.16628860079136254
unipmt,pr,0.9912280701754386,0.16966966966966968,0.16628860079136254
unipmt,pr,0.9824561403508771,0.16842105263157894,0.16628860079136254
unipmt,pr,0.9824561403508771,0.1686746987951807,0.16628860079136254
unipmt,pr,0.9824561403508771,0.1689291101055807,0.16628860079136254
unipmt,pr,0.9824561403508771,0.1691842900302115,0.16628860079136254
unipmt,pr,0.9824561403508771,0.16944024205748864,0.16628860079136254
unipmt,pr,0.9824561403508771,0.1696969696969697,0.16628860079136254
unipmt,pr,0.9736842105263158,0.16843702579666162,0.16628860079136254
unipmt,pr,0.9736842105263158,0.16869300911854104,0.16628860079136254
unipmt,pr,0.9736842105263158,0.1689497716894977,0.16628860079136254
unipmt,pr,0.9649122807017544,0.1676829268292683,0.16628860079136254
unipmt,pr,0.956140350877193,0.166412213740458,0.16628860079136254
unipmt,pr,0.956140350877193,0.16666666666666666,0.16628860079136254
unipmt,pr,0.956140350877193,0.1669218989280245,0.16628860079136254
unipmt,pr,0.956140350877193,0.16717791411042945,0.16628860079136254
unipmt,pr,0.9473684210526315,0.16589861751152074,0.16628860079136254
unipmt,pr,0.9385964912280702,0.1646153846153846,0.16628860079136254
unipmt,pr,0.9385964912280702,0.16486902927580893,0.16628860079136254
unipmt,pr,0.9385964912280702,0.16512345679012347,0.16628860079136254
unipmt,pr,0.9385964912280702,0.16537867078825347,0.16628860079136254
unipmt,pr,0.9385964912280702,0.16563467492260062,0.16628860079136254
unipmt,pr,0.9298245614035088,0.16434108527131783,0.16628860079136254
unipmt,pr,0.9298245614035088,0.16459627329192547,0.16628860079136254
unipmt,pr,0.9298245614035088,0.16485225505443235,0.16628860079136254
unipmt,pr,0.9210526315789473,0.16355140186915887,0.16628860079136254
unipmt,pr,0.9210526315789473,0.16380655226209048,0.16628860079136254
unipmt,pr,0.9210526315789473,0.1640625,0.16628860079136254
unipmt,pr,0.9210526315789473,0.1643192488262911,0.16628860079136254
unipmt,pr,0.9210526315789473,0.164576802507837,0.16628860079136254
unipmt,pr,0.9210526315789473,0.16483516483516483,0.16628860079136254
unipmt,pr,0.9122807017543859,0.16352201257861634,0.16628860079136254
unipmt,pr,0.9122807017543859,0.16377952755905512,0.16628860079136254
unipmt,pr,0.9035087719298246,0.16246056782334384,0.16628860079136254
unipmt,pr,0.9035087719298246,0.1627172195892575,0.16628860079136254
unipmt,pr,0.8947368421052632,0.16139240506329114,0.16628860079136254
unipmt,pr,0.8947368421052632,0.16164817749603805,0.16628860079136254
unipmt,pr,0.8859649122807017,0.16031746031746033,0.16628860079136254
unipmt,pr,0.8859649122807017,0.16057233704292528,0.16628860079136254
unipmt,pr,0.8859649122807017,0.160828025477707,0.16628860079136254
unipmt,pr,0.8771929824561403,0.1594896331738437,0.16628860079136254
unipmt,pr,0.8771929824561403,0.1597444089456869,0.16628860079136254
unipmt,pr,0.8771929824561403,0.16,0.16628860079136254
unipmt,pr,0.8771929824561403,0.16025641025641027,0.16628860079136254
unipmt,pr,0.8771929824561403,0.16051364365971107,0.16628860079136254
unipmt,pr,0.8771929824561403,0.1607717041800643,0.16628860079136254
unipmt,pr,0.8771929824561403,0.1610305958132045,0.16628860079136254
unipmt,pr,0.8771929824561403,0.16129032258064516,0.16628860079136254
unipmt,pr,0.8771929824561403,0.16155088852988692,0.16628860079136254
unipmt,pr,0.868421052631579,0.16019417475728157,0.16628860079136254
unipmt,pr,0.868421052631579,0.16045380875202594,0.16628860079136254
unipmt,pr,0.868421052631579,0.16071428571428573,0.16628860079136254
unipmt,pr,0.868421052631579,0.16097560975609757,0.16628860079136254
unipmt,pr,0.868421052631579,0.16123778501628663,0.16628860079136254
unipmt,pr,0.868421052631579,0.16150081566068517,0.16628860079136254
unipmt,pr,0.868421052631579,0.16176470588235295,0.16628860079136254
unipmt,pr,0.868421052631579,0.16202945990180032,0.16628860079136254
unipmt,pr,0.868421052631579,0.16229508196721312,0.16628860079136254
unipmt,pr,0.868421052631579,0.1625615763546798,0.16628860079136254
unipmt,pr,0.868421052631579,0.16282894736842105,0.16628860079136254
unipmt,pr,0.868421052631579,0.1630971993410214,0.16628860079136254
unipmt,pr,0.868421052631579,0.16336633663366337,0.16628860079136254
unipmt,pr,0.868421052631579,0.16363636363636364,0.16628860079136254
unipmt,pr,0.868421052631579,0.16390728476821192,0.16628860079136254
unipmt,pr,0.868421052631579,0.16417910447761194,0.16628860079136254
unipmt,pr,0.868421052631579,0.1644518272425249,0.16628860079136254
unipmt,pr,0.868421052631579,0.16472545757071547,0.16628860079136254
unipmt,pr,0.8596491228070176,0.16333333333333333,0.16628860079136254
unipmt,pr,0.8596491228070176,0.1636060100166945,0.16628860079136254
unipmt,pr,0.8596491228070176,0.16387959866220736,0.16628860079136254
unipmt,pr,0.8596491228070176,0.16415410385259632,0.16628860079136254
unipmt,pr,0.8596491228070176,0.1644295302013423,0.16628860079136254
unipmt,pr,0.8596491228070176,0.16470588235294117,0.16628860079136254
unipmt,pr,0.8596491228070176,0.16498316498316498,0.16628860079136254
unipmt,pr,0.8596491228070176,0.16526138279932545,0.16628860079136254
unipmt,pr,0.8596491228070176,0.16554054054054054,0.16628860079136254
unipmt,pr,0.8508771929824561,0.16412859560067683,0.16628860079136254
unipmt,pr,0.8508771929824561,0.16440677966101694,0.16628860079136254
unipmt,pr,0.8508771929824561,0.16468590831918506,0.16628860079136254
unipmt,pr,0.8508771929824561,0.1649659863945578,0.16628860079136254
unipmt,pr,0.8508771929824561,0.16524701873935263,0.16628860079136254
unipmt,pr,0.8508771929824561,0.16552901023890784,0.16628860079136254
unipmt,pr,0.8508771929824561,0.1658119658119658,0.16628860079136254
unipmt,pr,0.8508771929824561,0.1660958904109589,0.16628860079136254
unipmt,pr,0.8421052631578947,0.1646655231560892,0.16628860079136254
unipmt,pr,0.8421052631578947,0.16494845360824742,0.16628860079136254
unipmt,pr,0.8421052631578947,0.16523235800344235,0.16628860079136254
unipmt,pr,0.8421052631578947,0.16551724137931034,0.16628860079136254
unipmt,pr,0.8421052631578947,0.16580310880829016,0.16628860079136254
unipmt,pr,0.8421052631578947,0.16608996539792387,0.16628860079136254
unipmt,pr,0.8333333333333334,0.16464471403812825,0.16628860079136254
unipmt,pr,0.8333333333333334,0.16493055555555555,0.16628860079136254
unipmt,pr,0.8333333333333334,0.16521739130434782,0.16628860079136254
unipmt,pr,0.8333333333333334,0.16550522648083624,0.16628860079136254
unipmt,pr,0.8333333333333334,0.16579406631762653,0.16628860079136254
unipmt,pr,0.8333333333333334,0.1660839160839161,0.16628860079136254
unipmt,pr,0.8333333333333334,0.16637478108581435,0.16628860079136254
unipmt,pr,0.8333333333333334,0.16666666666666666,0.16628860079136254
unipmt,pr,0.8333333333333334,0.16695957820738136,0.16628860079136254
unipmt,pr,0.8333333333333334,0.16725352112676056,0.16628860079136254
unipmt,pr,0.8333333333333334,0.1675485008818342,0.16628860079136254
unipmt,pr,0.8333333333333334,0.16784452296819788,0.16628860079136254
unipmt,pr,0.8333333333333334,0.168141592920354,0.16628860079136254
unipmt,pr,0.8333333333333334,0.16843971631205673,0.16628860079136254
unipmt,pr,0.8333333333333334,0.16873889875666073,0.16628860079136254
unipmt,pr,0.8333333333333334,0.16903914590747332,0.16628860079136254
unipmt,pr,0.8333333333333334,0.16934046345811052,0.16628860079136254
unipmt,pr,0.8333333333333334,0.16964285714285715,0.16628860079136254
unipmt,pr,0.8333333333333334,0.16994633273703041,0.16628860079136254
unipmt,pr,0.8245614035087719,0.16845878136200718,0.16628860079136254
unipmt,pr,0.8245614035087719,0.1687612208258528,0.16628860079136254
unipmt,pr,0.8245614035087719,0.16906474820143885,0.16628860079136254
unipmt,pr,0.8245614035087719,0.16936936936936936,0.16628860079136254
unipmt,pr,0.8245614035087719,0.16967509025270758,0.16628860079136254
unipmt,pr,0.8245614035087719,0.16998191681735986,0.16628860079136254
unipmt,pr,0.8245614035087719,0.17028985507246377,0.16628860079136254
unipmt,pr,0.8245614035087719,0.1705989110707804,0.16628860079136254
unipmt,pr,0.8245614035087719,0.1709090909090909,0.16628860079136254
unipmt,pr,0.8157894736842105,0.16939890710382513,0.16628860079136254
unipmt,pr,0.8157894736842105,0.16970802919708028,0.16628860079136254
unipmt,pr,0.8157894736842105,0.170018281535649,0.16628860079136254
unipmt,pr,0.8157894736842105,0.17032967032967034,0.16628860079136254
unipmt,pr,0.8157894736842105,0.1706422018348624,0.16628860079136254
unipmt,pr,0.8157894736842105,0.17095588235294118,0.16628860079136254
unipmt,pr,0.8157894736842105,0.1712707182320442,0.16628860079136254
unipmt,pr,0.8157894736842105,0.17158671586715868,0.16628860079136254
unipmt,pr,0.8157894736842105,0.17190388170055454,0.16628860079136254
unipmt,pr,0.8070175438596491,0.17037037037037037,0.16628860079136254
unipmt,pr,0.8070175438596491,0.17068645640074212,0.16628860079136254
unipmt,pr,0.8070175438596491,0.17100371747211895,0.16628860079136254
unipmt,pr,0.8070175438596491,0.1713221601489758,0.16628860079136254
unipmt,pr,0.8070175438596491,0.17164179104477612,0.16628860079136254
unipmt,pr,0.8070175438596491,0.17196261682242991,0.16628860079136254
unipmt,pr,0.8070175438596491,0.17228464419475656,0.16628860079136254
unipmt,pr,0.7982456140350878,0.17073170731707318,0.16628860079136254
unipmt,pr,0.7982456140350878,0.17105263157894737,0.16628860079136254
unipmt,pr,0.7982456140350878,0.1713747645951036,0.16628860079136254
unipmt,pr,0.7982456140350878,0.17169811320754716,0.16628860079136254
unipmt,pr,0.7982456140350878,0.1720226843100189,0.16628860079136254
unipmt,pr,0.7982456140350878,0.17234848484848486,0.16628860079136254
unipmt,pr,0.7982456140350878,0.17267552182163187,0.16628860079136254
unipmt,pr,0.7982456140350878,0.17300380228136883,0.16628860079136254
unipmt,pr,0.7894736842105263,0.17142857142857143,0.16628860079136254
unipmt,pr,0.7894736842105263,0.1717557251908397,0.16628860079136254
unipmt,pr,0.7894736842105263,0.17208413001912046,0.16628860079136254
unipmt,pr,0.7807017543859649,0.17049808429118773,0.16628860079136254
unipmt,pr,0.7807017543859649,0.1708253358925144,0.16628860079136254
unipmt,pr,0.7807017543859649,0.17115384615384616,0.16628860079136254
unipmt,pr,0.7807017543859649,0.17148362235067438,0.16628860079136254
unipmt,pr,0.7807017543859649,0.1718146718146718,0.16628860079136254
unipmt,pr,0.7719298245614035,0.1702127659574468,0.16628860079136254
unipmt,pr,0.7719298245614035,0.17054263565891473,0.16628860079136254
unipmt,pr,0.7719298245614035,0.170873786407767,0.16628860079136254
unipmt,pr,0.7719298245614035,0.17120622568093385,0.16628860079136254
unipmt,pr,0.7631578947368421,0.1695906432748538,0.16628860079136254
unipmt,pr,0.7631578947368421,0.169921875,0.16628860079136254
unipmt,pr,0.7631578947368421,0.17025440313111545,0.16628860079136254
unipmt,pr,0.7631578947368421,0.17058823529411765,0.16628860079136254
unipmt,pr,0.7631578947368421,0.17092337917485265,0.16628860079136254
unipmt,pr,0.7631578947368421,0.17125984251968504,0.16628860079136254
unipmt,pr,0.7543859649122807,0.16962524654832348,0.16628860079136254
unipmt,pr,0.7456140350877193,0.16798418972332016,0.16628860079136254
unipmt,pr,0.7456140350877193,0.16831683168316833,0.16628860079136254
unipmt,pr,0.7456140350877193,0.16865079365079366,0.16628860079136254
unipmt,pr,0.7456140350877193,0.16898608349900596,0.16628860079136254
unipmt,pr,0.7368421052631579,0.16733067729083664,0.16628860079136254
unipmt,pr,0.7368421052631579,0.16766467065868262,0.16628860079136254
unipmt,pr,0.7368421052631579,0.168,0.16628860079136254
unipmt,pr,0.7368421052631579,0.1683366733466934,0.16628860079136254
unipmt,pr,0.7280701754385965,0.16666666666666666,0.16628860079136254
unipmt,pr,0.7280701754385965,0.16700201207243462,0.16628860079136254
unipmt,pr,0.7280701754385965,0.16733870967741934,0.16628860079136254
unipmt,pr,0.7280701754385965,0.16767676767676767,0.16628860079136254
unipmt,pr,0.7280701754385965,0.1680161943319838,0.16628860079136254
unipmt,pr,0.7280701754385965,0.16835699797160245,0.16628860079136254
unipmt,pr,0.7280701754385965,0.16869918699186992,0.16628860079136254
unipmt,pr,0.7280701754385965,0.1690427698574338,0.16628860079136254
unipmt,pr,0.7280701754385965,0.16938775510204082,0.16628860079136254
unipmt,pr,0.7192982456140351,0.16768916155419222,0.16628860079136254
unipmt,pr,0.7192982456140351,0.1680327868852459,0.16628860079136254
unipmt,pr,0.7105263157894737,0.16632443531827515,0.16628860079136254
unipmt,pr,0.7105263157894737,0.16666666666666666,0.16628860079136254
unipmt,pr,0.7017543859649122,0.16494845360824742,0.16628860079136254
unipmt,pr,0.6929824561403509,0.16322314049586778,0.16628860079136254
unipmt,pr,0.6929824561403509,0.16356107660455488,0.16628860079136254
unipmt,pr,0.6929824561403509,0.16390041493775934,0.16628860079136254
unipmt,pr,0.6929824561403509,0.16424116424116425,0.16628860079136254
unipmt,pr,0.6929824561403509,0.16458333333333333,0.16628860079136254
unipmt,pr,0.6929824561403509,0.1649269311064718,0.16628860079136254
unipmt,pr,0.6929824561403509,0.16527196652719664,0.16628860079136254
unipmt,pr,0.6929824561403509,0.16561844863731656,0.16628860079136254
unipmt,pr,0.6929824561403509,0.16596638655462184,0.16628860079136254
unipmt,pr,0.6842105263157895,0.16421052631578947,0.16628860079136254
unipmt,pr,0.6754385964912281,0.16244725738396623,0.16628860079136254
unipmt,pr,0.6754385964912281,0.16279069767441862,0.16628860079136254
unipmt,pr,0.6666666666666666,0.16101694915254236,0.16628860079136254
unipmt,pr,0.6666666666666666,0.1613588110403397,0.16628860079136254
unipmt,pr,0.6666666666666666,0.16170212765957448,0.16628860079136254
unipmt,pr,0.6666666666666666,0.16204690831556504,0.16628860079136254
unipmt,pr,0.6666666666666666,0.1623931623931624,0.16628860079136254
unipmt,pr,0.6666666666666666,0.16274089935760172,0.16628860079136254
unipmt,pr,0.6666666666666666,0.1630901287553648,0.16628860079136254
unipmt,pr,0.6578947368421053,0.16129032258064516,0.16628860079136254
unipmt,pr,0.6578947368421053,0.16163793103448276,0.16628860079136254
unipmt,pr,0.6578947368421053,0.16198704103671707,0.16628860079136254
unipmt,pr,0.6578947368421053,0.16233766233766234,0.16628860079136254
unipmt,pr,0.6578947368421053,0.16268980477223427,0.16628860079136254
unipmt,pr,0.6578947368421053,0.16304347826086957,0.16628860079136254
unipmt,pr,0.6578947368421053,0.16339869281045752,0.16628860079136254
unipmt,pr,0.6578947368421053,0.16375545851528384,0.16628860079136254
unipmt,pr,0.6491228070175439,0.16192560175054704,0.16628860079136254
unipmt,pr,0.6403508771929824,0.1600877192982456,0.16628860079136254
unipmt,pr,0.6403508771929824,0.16043956043956045,0.16628860079136254
unipmt,pr,0.6403508771929824,0.16079295154185022,0.16628860079136254
unipmt,pr,0.6403508771929824,0.16114790286975716,0.16628860079136254
unipmt,pr,0.6403508771929824,0.16150442477876106,0.16628860079136254
unipmt,pr,0.6403508771929824,0.16186252771618626,0.16628860079136254
unipmt,pr,0.6403508771929824,0.1622222222222222,0.16628860079136254
unipmt,pr,0.6403508771929824,0.16258351893095768,0.16628860079136254
unipmt,pr,0.6403508771929824,0.16294642857142858,0.16628860079136254
unipmt,pr,0.6403508771929824,0.16331096196868009,0.16628860079136254
unipmt,pr,0.6403508771929824,0.16367713004484305,0.16628860079136254
unipmt,pr,0.631578947368421,0.16179775280898875,0.16628860079136254
unipmt,pr,0.631578947368421,0.16216216216216217,0.16628860079136254
unipmt,pr,0.6228070175438597,0.16027088036117382,0.16628860079136254
unipmt,pr,0.6228070175438597,0.16063348416289594,0.16628860079136254
unipmt,pr,0.6228070175438597,0.16099773242630386,0.16628860079136254
unipmt,pr,0.6228070175438597,0.16136363636363638,0.16628860079136254
unipmt,pr,0.6228070175438597,0.16173120728929385,0.16628860079136254
unipmt,pr,0.6228070175438597,0.16210045662100456,0.16628860079136254
unipmt,pr,0.6228070175438597,0.16247139588100687,0.16628860079136254
unipmt,pr,0.6228070175438597,0.1628440366972477,0.16628860079136254
unipmt,pr,0.6228070175438597,0.1632183908045977,0.16628860079136254
unipmt,pr,0.6228070175438597,0.16359447004608296,0.16628860079136254
unipmt,pr,0.6228070175438597,0.16397228637413394,0.16628860079136254
unipmt,pr,0.6228070175438597,0.16435185185185186,0.16628860079136254
unipmt,pr,0.6140350877192983,0.16241299303944315,0.16628860079136254
unipmt,pr,0.6140350877192983,0.16279069767441862,0.16628860079136254
unipmt,pr,0.6140350877192983,0.16317016317016317,0.16628860079136254
unipmt,pr,0.6140350877192983,0.16355140186915887,0.16628860079136254
unipmt,pr,0.6052631578947368,0.16159250585480095,0.16628860079136254
unipmt,pr,0.6052631578947368,0.1619718309859155,0.16628860079136254
unipmt,pr,0.6052631578947368,0.1623529411764706,0.16628860079136254
unipmt,pr,0.6052631578947368,0.16273584905660377,0.16628860079136254
unipmt,pr,0.5964912280701754,0.1607565011820331,0.16628860079136254
unipmt,pr,0.5964912280701754,0.16113744075829384,0.16628860079136254
unipmt,pr,0.5964912280701754,0.16152019002375298,0.16628860079136254
unipmt,pr,0.5964912280701754,0.1619047619047619,0.16628860079136254
unipmt,pr,0.5877192982456141,0.15990453460620524,0.16628860079136254
unipmt,pr,0.5877192982456141,0.16028708133971292,0.16628860079136254
unipmt,pr,0.5877192982456141,0.1606714628297362,0.16628860079136254
unipmt,pr,0.5877192982456141,0.16105769230769232,0.16628860079136254
unipmt,pr,0.5789473684210527,0.15903614457831325,0.16628860079136254
unipmt,pr,0.5789473684210527,0.15942028985507245,0.16628860079136254
unipmt,pr,0.5789473684210527,0.15980629539951574,0.16628860079136254
unipmt,pr,0.5701754385964912,0.15776699029126215,0.16628860079136254
unipmt,pr,0.5701754385964912,0.15815085158150852,0.16628860079136254
unipmt,pr,0.5701754385964912,0.15853658536585366,0.16628860079136254
unipmt,pr,0.5701754385964912,0.15892420537897312,0.16628860079136254
unipmt,pr,0.5701754385964912,0.15931372549019607,0.16628860079136254
unipmt,pr,0.5701754385964912,0.1597051597051597,0.16628860079136254
unipmt,pr,0.5701754385964912,0.16009852216748768,0.16628860079136254
unipmt,pr,0.5701754385964912,0.16049382716049382,0.16628860079136254
unipmt,pr,0.5701754385964912,0.1608910891089109,0.16628860079136254
unipmt,pr,0.5701754385964912,0.16129032258064516,0.16628860079136254
unipmt,pr,0.5701754385964912,0.16169154228855723,0.16628860079136254
unipmt,pr,0.5614035087719298,0.1596009975062344,0.16628860079136254
unipmt,pr,0.5614035087719298,0.16,0.16628860079136254
unipmt,pr,0.5614035087719298,0.16040100250626566,0.16628860079136254
unipmt,pr,0.5614035087719298,0.16080402010050251,0.16628860079136254
unipmt,pr,0.5526315789473685,0.15869017632241814,0.16628860079136254
unipmt,pr,0.543859649122807,0.15656565656565657,0.16628860079136254
unipmt,pr,0.543859649122807,0.1569620253164557,0.16628860079136254
unipmt,pr,0.543859649122807,0.15736040609137056,0.16628860079136254
unipmt,pr,0.5350877192982456,0.15521628498727735,0.16628860079136254
unipmt,pr,0.5350877192982456,0.1556122448979592,0.16628860079136254
unipmt,pr,0.5350877192982456,0.15601023017902813,0.16628860079136254
unipmt,pr,0.5263157894736842,0.15384615384615385,0.16628860079136254
unipmt,pr,0.5175438596491229,0.15167095115681234,0.16628860079136254
unipmt,pr,0.5175438596491229,0.15206185567010308,0.16628860079136254
unipmt,pr,0.5175438596491229,0.1524547803617571,0.16628860079136254
unipmt,pr,0.5175438596491229,0.15284974093264247,0.16628860079136254
unipmt,pr,0.5175438596491229,0.15324675324675324,0.16628860079136254
unipmt,pr,0.5175438596491229,0.15364583333333334,0.16628860079136254
unipmt,pr,0.5175438596491229,0.15404699738903394,0.16628860079136254
unipmt,pr,0.5175438596491229,0.1544502617801047,0.16628860079136254
unipmt,pr,0.5087719298245614,0.15223097112860892,0.16628860079136254
unipmt,pr,0.5087719298245614,0.15263157894736842,0.16628860079136254
unipmt,pr,0.5087719298245614,0.15303430079155672,0.16628860079136254
unipmt,pr,0.5087719298245614,0.15343915343915343,0.16628860079136254
unipmt,pr,0.5,0.15119363395225463,0.16628860079136254
unipmt,pr,0.5,0.15159574468085107,0.16628860079136254
unipmt,pr,0.5,0.152,0.16628860079136254
unipmt,pr,0.5,0.15240641711229946,0.16628860079136254
unipmt,pr,0.5,0.15281501340482573,0.16628860079136254
unipmt,pr,0.5,0.1532258064516129,0.16628860079136254
unipmt,pr,0.5,0.15363881401617252,0.16628860079136254
unipmt,pr,0.5,0.15405405405405406,0.16628860079136254
unipmt,pr,0.5,0.15447154471544716,0.16628860079136254
unipmt,pr,0.49122807017543857,0.15217391304347827,0.16628860079136254
unipmt,pr,0.49122807017543857,0.15258855585831063,0.16628860079136254
unipmt,pr,0.49122807017543857,0.15300546448087432,0.16628860079136254
unipmt,pr,0.49122807017543857,0.15342465753424658,0.16628860079136254
unipmt,pr,0.49122807017543857,0.15384615384615385,0.16628860079136254
unipmt,pr,0.49122807017543857,0.15426997245179064,0.16628860079136254
unipmt,pr,0.49122807017543857,0.15469613259668508,0.16628860079136254
unipmt,pr,0.49122807017543857,0.15512465373961218,0.16628860079136254
unipmt,pr,0.4824561403508772,0.1527777777777778,0.16628860079136254
unipmt,pr,0.47368421052631576,0.15041782729805014,0.16628860079136254
unipmt,pr,0.4649122807017544,0.14804469273743018,0.16628860079136254
unipmt,pr,0.4649122807017544,0.1484593837535014,0.16628860079136254
unipmt,pr,0.4649122807017544,0.14887640449438203,0.16628860079136254
unipmt,pr,0.4649122807017544,0.14929577464788732,0.16628860079136254
unipmt,pr,0.4649122807017544,0.1497175141242938,0.16628860079136254
unipmt,pr,0.4649122807017544,0.1501416430594901,0.16628860079136254
unipmt,pr,0.4649122807017544,0.15056818181818182,0.16628860079136254
unipmt,pr,0.4649122807017544,0.150997150997151,0.16628860079136254
unipmt,pr,0.4649122807017544,0.15142857142857144,0.16628860079136254
unipmt,pr,0.4649122807017544,0.1518624641833811,0.16628860079136254
unipmt,pr,0.4649122807017544,0.15229885057471265,0.16628860079136254
unipmt,pr,0.4649122807017544,0.15273775216138327,0.16628860079136254
unipmt,pr,0.4649122807017544,0.1531791907514451,0.16628860079136254
unipmt,pr,0.4649122807017544,0.1536231884057971,0.16628860079136254
unipmt,pr,0.4649122807017544,0.15406976744186046,0.16628860079136254
unipmt,pr,0.4649122807017544,0.15451895043731778,0.16628860079136254
unipmt,pr,0.4649122807017544,0.15497076023391812,0.16628860079136254
unipmt,pr,0.4649122807017544,0.15542521994134897,0.16628860079136254
unipmt,pr,0.4649122807017544,0.15588235294117647,0.16628860079136254
unipmt,pr,0.4649122807017544,0.15634218289085547,0.16628860079136254
unipmt,pr,0.4649122807017544,0.15680473372781065,0.16628860079136254
unipmt,pr,0.4649122807017544,0.1572700296735905,0.16628860079136254
unipmt,pr,0.4649122807017544,0.15773809523809523,0.16628860079136254
unipmt,pr,0.4649122807017544,0.1582089552238806,0.16628860079136254
unipmt,pr,0.45614035087719296,0.15568862275449102,0.16628860079136254
unipmt,pr,0.45614035087719296,0.15615615615615616,0.16628860079136254
unipmt,pr,0.45614035087719296,0.1566265060240964,0.16628860079136254
unipmt,pr,0.45614035087719296,0.15709969788519637,0.16628860079136254
unipmt,pr,0.45614035087719296,0.15757575757575756,0.16628860079136254
unipmt,pr,0.4473684210526316,0.15501519756838905,0.16628860079136254
unipmt,pr,0.4473684210526316,0.15548780487804878,0.16628860079136254
unipmt,pr,0.4473684210526316,0.1559633027522936,0.16628860079136254
unipmt,pr,0.43859649122807015,0.15337423312883436,0.16628860079136254
unipmt,pr,0.43859649122807015,0.15384615384615385,0.16628860079136254
unipmt,pr,0.43859649122807015,0.15432098765432098,0.16628860079136254
unipmt,pr,0.43859649122807015,0.15479876160990713,0.16628860079136254
unipmt,pr,0.4298245614035088,0.15217391304347827,0.16628860079136254
unipmt,pr,0.4298245614035088,0.1526479750778816,0.16628860079136254
unipmt,pr,0.4298245614035088,0.153125,0.16628860079136254
unipmt,pr,0.4298245614035088,0.1536050156739812,0.16628860079136254
unipmt,pr,0.4298245614035088,0.1540880503144654,0.16628860079136254
unipmt,pr,0.4298245614035088,0.15457413249211358,0.16628860079136254
unipmt,pr,0.4298245614035088,0.1550632911392405,0.16628860079136254
unipmt,pr,0.4298245614035088,0.15555555555555556,0.16628860079136254
unipmt,pr,0.4298245614035088,0.15605095541401273,0.16628860079136254
unipmt,pr,0.4298245614035088,0.15654952076677317,0.16628860079136254
unipmt,pr,0.4298245614035088,0.15705128205128205,0.16628860079136254
unipmt,pr,0.4298245614035088,0.15755627009646303,0.16628860079136254
unipmt,pr,0.4298245614035088,0.15806451612903225,0.16628860079136254
unipmt,pr,0.4298245614035088,0.15857605177993528,0.16628860079136254
unipmt,pr,0.4298245614035088,0.1590909090909091,0.16628860079136254
unipmt,pr,0.4298245614035088,0.15960912052117263,0.16628860079136254
unipmt,pr,0.4298245614035088,0.16013071895424835,0.16628860079136254
unipmt,pr,0.4298245614035088,0.16065573770491803,0.16628860079136254
unipmt,pr,0.4298245614035088,0.1611842105263158,0.16628860079136254
unipmt,pr,0.4298245614035088,0.1617161716171617,0.16628860079136254
unipmt,pr,0.4298245614035088,0.16225165562913907,0.16628860079136254
unipmt,pr,0.4298245614035088,0.16279069767441862,0.16628860079136254
unipmt,pr,0.4298245614035088,0.16333333333333333,0.16628860079136254
unipmt,pr,0.4298245614035088,0.16387959866220736,0.16628860079136254
unipmt,pr,0.4298245614035088,0.1644295302013423,0.16628860079136254
unipmt,pr,0.4298245614035088,0.16498316498316498,0.16628860079136254
unipmt,pr,0.42105263157894735,0.16216216216216217,0.16628860079136254
unipmt,pr,0.42105263157894735,0.16271186440677965,0.16628860079136254
unipmt,pr,0.42105263157894735,0.16326530612244897,0.16628860079136254
unipmt,pr,0.41228070175438597,0.16040955631399317,0.16628860079136254
unipmt,pr,0.41228070175438597,0.16095890410958905,0.16628860079136254
unipmt,pr,0.41228070175438597,0.16151202749140894,0.16628860079136254
unipmt,pr,0.41228070175438597,0.16206896551724137,0.16628860079136254
unipmt,pr,0.41228070175438597,0.16262975778546712,0.16628860079136254
unipmt,pr,0.41228070175438597,0.16319444444444445,0.16628860079136254
unipmt,pr,0.41228070175438597,0.16376306620209058,0.16628860079136254
unipmt,pr,0.40350877192982454,0.16083916083916083,0.16628860079136254
unipmt,pr,0.39473684210526316,0.15789473684210525,0.16628860079136254
unipmt,pr,0.39473684210526316,0.15845070422535212,0.16628860079136254
unipmt,pr,0.39473684210526316,0.15901060070671377,0.16628860079136254
unipmt,pr,0.39473684210526316,0.1595744680851064,0.16628860079136254
unipmt,pr,0.39473684210526316,0.1601423487544484,0.16628860079136254
unipmt,pr,0.39473684210526316,0.16071428571428573,0.16628860079136254
unipmt,pr,0.39473684210526316,0.16129032258064516,0.16628860079136254
unipmt,pr,0.39473684210526316,0.1618705035971223,0.16628860079136254
unipmt,pr,0.39473684210526316,0.1624548736462094,0.16628860079136254
unipmt,pr,0.39473684210526316,0.16304347826086957,0.16628860079136254
unipmt,pr,0.39473684210526316,0.16363636363636364,0.16628860079136254
unipmt,pr,0.39473684210526316,0.16423357664233576,0.16628860079136254
unipmt,pr,0.39473684210526316,0.16483516483516483,0.16628860079136254
unipmt,pr,0.38596491228070173,0.16176470588235295,0.16628860079136254
unipmt,pr,0.37719298245614036,0.15867158671586715,0.16628860079136254
unipmt,pr,0.37719298245614036,0.15925925925925927,0.16628860079136254
unipmt,pr,0.37719298245614036,0.15985130111524162,0.16628860079136254
unipmt,pr,0.37719298245614036,0.16044776119402984,0.16628860079136254
unipmt,pr,0.37719298245614036,0.16104868913857678,0.16628860079136254
unipmt,pr,0.37719298245614036,0.16165413533834586,0.16628860079136254
unipmt,pr,0.3684210526315789,0.15849056603773584,0.16628860079136254
unipmt,pr,0.3684210526315789,0.1590909090909091,0.16628860079136254
unipmt,pr,0.3684210526315789,0.1596958174904943,0.16628860079136254
unipmt,pr,0.3684210526315789,0.16030534351145037,0.16628860079136254
unipmt,pr,0.3684210526315789,0.16091954022988506,0.16628860079136254
unipmt,pr,0.3684210526315789,0.16153846153846155,0.16628860079136254
unipmt,pr,0.3684210526315789,0.16216216216216217,0.16628860079136254
unipmt,pr,0.3684210526315789,0.16279069767441862,0.16628860079136254
unipmt,pr,0.3684210526315789,0.16342412451361868,0.16628860079136254
unipmt,pr,0.3684210526315789,0.1640625,0.16628860079136254
unipmt,pr,0.3684210526315789,0.16470588235294117,0.16628860079136254
unipmt,pr,0.3684210526315789,0.16535433070866143,0.16628860079136254
unipmt,pr,0.3684210526315789,0.16600790513833993,0.16628860079136254
unipmt,pr,0.3684210526315789,0.16666666666666666,0.16628860079136254
unipmt,pr,0.3684210526315789,0.16733067729083664,0.16628860079136254
unipmt,pr,0.3684210526315789,0.168,0.16628860079136254
unipmt,pr,0.3684210526315789,0.1686746987951807,0.16628860079136254
unipmt,pr,0.3684210526315789,0.1693548387096774,0.16628860079136254
unipmt,pr,0.3684210526315789,0.1700404858299595,0.16628860079136254
unipmt,pr,0.3684210526315789,0.17073170731707318,0.16628860079136254
unipmt,pr,0.3684210526315789,0.17142857142857143,0.16628860079136254
unipmt,pr,0.3684210526315789,0.1721311475409836,0.16628860079136254
unipmt,pr,0.3684210526315789,0.1728395061728395,0.16628860079136254
unipmt,pr,0.3684210526315789,0.17355371900826447,0.16628860079136254
unipmt,pr,0.3684210526315789,0.17427385892116182,0.16628860079136254
unipmt,pr,0.3684210526315789,0.175,0.16628860079136254
unipmt,pr,0.3684210526315789,0.17573221757322174,0.16628860079136254
unipmt,pr,0.3684210526315789,0.17647058823529413,0.16628860079136254
unipmt,pr,0.3684210526315789,0.17721518987341772,0.16628860079136254
unipmt,pr,0.35964912280701755,0.17372881355932204,0.16628860079136254
unipmt,pr,0.35964912280701755,0.17446808510638298,0.16628860079136254
unipmt,pr,0.35964912280701755,0.1752136752136752,0.16628860079136254
unipmt,pr,0.35964912280701755,0.1759656652360515,0.16628860079136254
unipmt,pr,0.35964912280701755,0.17672413793103448,0.16628860079136254
unipmt,pr,0.35964912280701755,0.1774891774891775,0.16628860079136254
unipmt,pr,0.35964912280701755,0.1782608695652174,0.16628860079136254
unipmt,pr,0.35964912280701755,0.17903930131004367,0.16628860079136254
unipmt,pr,0.35964912280701755,0.17982456140350878,0.16628860079136254
unipmt,pr,0.35964912280701755,0.18061674008810572,0.16628860079136254
unipmt,pr,0.35964912280701755,0.18141592920353983,0.16628860079136254
unipmt,pr,0.35964912280701755,0.18222222222222223,0.16628860079136254
unipmt,pr,0.35964912280701755,0.18303571428571427,0.16628860079136254
unipmt,pr,0.35964912280701755,0.18385650224215247,0.16628860079136254
unipmt,pr,0.35964912280701755,0.18468468468468469,0.16628860079136254
unipmt,pr,0.3508771929824561,0.18099547511312217,0.16628860079136254
unipmt,pr,0.3508771929824561,0.18181818181818182,0.16628860079136254
unipmt,pr,0.34210526315789475,0.1780821917808219,0.16628860079136254
unipmt,pr,0.34210526315789475,0.17889908256880735,0.16628860079136254
unipmt,pr,0.34210526315789475,0.17972350230414746,0.16628860079136254
unipmt,pr,0.34210526315789475,0.18055555555555555,0.16628860079136254
unipmt,pr,0.34210526315789475,0.1813953488372093,0.16628860079136254
unipmt,pr,0.34210526315789475,0.1822429906542056,0.16628860079136254
unipmt,pr,0.34210526315789475,0.18309859154929578,0.16628860079136254
unipmt,pr,0.34210526315789475,0.18396226415094338,0.16628860079136254
unipmt,pr,0.34210526315789475,0.1848341232227488,0.16628860079136254
unipmt,pr,0.34210526315789475,0.18571428571428572,0.16628860079136254
unipmt,pr,0.34210526315789475,0.18660287081339713,0.16628860079136254
unipmt,pr,0.34210526315789475,0.1875,0.16628860079136254
unipmt,pr,0.34210526315789475,0.18840579710144928,0.16628860079136254
unipmt,pr,0.34210526315789475,0.18932038834951456,0.16628860079136254
unipmt,pr,0.34210526315789475,0.1902439024390244,0.16628860079136254
unipmt,pr,0.34210526315789475,0.19117647058823528,0.16628860079136254
unipmt,pr,0.34210526315789475,0.1921182266009852,0.16628860079136254
unipmt,pr,0.34210526315789475,0.19306930693069307,0.16628860079136254
unipmt,pr,0.3333333333333333,0.1890547263681592,0.16628860079136254
unipmt,pr,0.32456140350877194,0.185,0.16628860079136254
unipmt,pr,0.3157894736842105,0.18090452261306533,0.16628860079136254
unipmt,pr,0.30701754385964913,0.17676767676767677,0.16628860079136254
unipmt,pr,0.2982456140350877,0.17258883248730963,0.16628860079136254
unipmt,pr,0.2982456140350877,0.17346938775510204,0.16628860079136254
unipmt,pr,0.2982456140350877,0.17435897435897435,0.16628860079136254
unipmt,pr,0.2982456140350877,0.17525773195876287,0.16628860079136254
unipmt,pr,0.2894736842105263,0.17098445595854922,0.16628860079136254
unipmt,pr,0.2894736842105263,0.171875,0.16628860079136254
unipmt,pr,0.2894736842105263,0.17277486910994763,0.16628860079136254
unipmt,pr,0.2894736842105263,0.1736842105263158,0.16628860079136254
unipmt,pr,0.2894736842105263,0.1746031746031746,0.16628860079136254
unipmt,pr,0.2894736842105263,0.17553191489361702,0.16628860079136254
unipmt,pr,0.2894736842105263,0.17647058823529413,0.16628860079136254
unipmt,pr,0.2894736842105263,0.1774193548387097,0.16628860079136254
unipmt,pr,0.2807017543859649,0.17297297297297298,0.16628860079136254
unipmt,pr,0.2719298245614035,0.16847826086956522,0.16628860079136254
unipmt,pr,0.2719298245614035,0.16939890710382513,0.16628860079136254
unipmt,pr,0.2719298245614035,0.17032967032967034,0.16628860079136254
unipmt,pr,0.2719298245614035,0.1712707182320442,0.16628860079136254
unipmt,pr,0.2631578947368421,0.16666666666666666,0.16628860079136254
unipmt,pr,0.2631578947368421,0.16759776536312848,0.16628860079136254
unipmt,pr,0.2631578947368421,0.16853932584269662,0.16628860079136254
unipmt,pr,0.2631578947368421,0.1694915254237288,0.16628860079136254
unipmt,pr,0.2543859649122807,0.16477272727272727,0.16628860079136254
unipmt,pr,0.2543859649122807,0.1657142857142857,0.16628860079136254
unipmt,pr,0.2543859649122807,0.16666666666666666,0.16628860079136254
unipmt,pr,0.2543859649122807,0.1676300578034682,0.16628860079136254
unipmt,pr,0.24561403508771928,0.16279069767441862,0.16628860079136254
unipmt,pr,0.24561403508771928,0.16374269005847952,0.16628860079136254
unipmt,pr,0.24561403508771928,0.16470588235294117,0.16628860079136254
unipmt,pr,0.24561403508771928,0.16568047337278108,0.16628860079136254
unipmt,pr,0.24561403508771928,0.16666666666666666,0.16628860079136254
unipmt,pr,0.24561403508771928,0.16766467065868262,0.16628860079136254
unipmt,pr,0.24561403508771928,0.1686746987951807,0.16628860079136254
unipmt,pr,0.24561403508771928,0.1696969696969697,0.16628860079136254
unipmt,pr,0.24561403508771928,0.17073170731707318,0.16628860079136254
unipmt,pr,0.24561403508771928,0.17177914110429449,0.16628860079136254
unipmt,pr,0.24561403508771928,0.1728395061728395,0.16628860079136254
unipmt,pr,0.24561403508771928,0.17391304347826086,0.16628860079136254
unipmt,pr,0.24561403508771928,0.175,0.16628860079136254
unipmt,pr,0.24561403508771928,0.1761006289308176,0.16628860079136254
unipmt,pr,0.24561403508771928,0.17721518987341772,0.16628860079136254
unipmt,pr,0.23684210526315788,0.17197452229299362,0.16628860079136254
unipmt,pr,0.23684210526315788,0.17307692307692307,0.16628860079136254
unipmt,pr,0.23684210526315788,0.17419354838709677,0.16628860079136254
unipmt,pr,0.23684210526315788,0.17532467532467533,0.16628860079136254
unipmt,pr,0.22807017543859648,0.16993464052287582,0.16628860079136254
unipmt,pr,0.22807017543859648,0.17105263157894737,0.16628860079136254
unipmt,pr,0.21929824561403508,0.16556291390728478,0.16628860079136254
unipmt,pr,0.21929824561403508,0.16666666666666666,0.16628860079136254
unipmt,pr,0.21929824561403508,0.16778523489932887,0.16628860079136254
unipmt,pr,0.21929824561403508,0.16891891891891891,0.16628860079136254
unipmt,pr,0.21929824561403508,0.17006802721088435,0.16628860079136254
unipmt,pr,0.21052631578947367,0.1643835616438356,0.16628860079136254
unipmt,pr,0.20175438596491227,0.15862068965517243,0.16628860079136254
unipmt,pr,0.20175438596491227,0.1597222222222222,0.16628860079136254
unipmt,pr,0.20175438596491227,0.16083916083916083,0.16628860079136254
unipmt,pr,0.20175438596491227,0.1619718309859155,0.16628860079136254
unipmt,pr,0.20175438596491227,0.16312056737588654,0.16628860079136254
unipmt,pr,0.19298245614035087,0.15714285714285714,0.16628860079136254
unipmt,pr,0.19298245614035087,0.15827338129496402,0.16628860079136254
unipmt,pr,0.19298245614035087,0.15942028985507245,0.16628860079136254
unipmt,pr,0.19298245614035087,0.16058394160583941,0.16628860079136254
unipmt,pr,0.19298245614035087,0.16176470588235295,0.16628860079136254
unipmt,pr,0.18421052631578946,0.15555555555555556,0.16628860079136254
unipmt,pr,0.18421052631578946,0.15671641791044777,0.16628860079136254
unipmt,pr,0.18421052631578946,0.15789473684210525,0.16628860079136254
unipmt,pr,0.18421052631578946,0.1590909090909091,0.16628860079136254
unipmt,pr,0.18421052631578946,0.16030534351145037,0.16628860079136254
unipmt,pr,0.18421052631578946,0.16153846153846155,0.16628860079136254
unipmt,pr,0.18421052631578946,0.16279069767441862,0.16628860079136254
unipmt,pr,0.18421052631578946,0.1640625,0.16628860079136254
unipmt,pr,0.17543859649122806,0.15748031496062992,0.16628860079136254
unipmt,pr,0.16666666666666666,0.15079365079365079,0.16628860079136254
unipmt,pr,0.16666666666666666,0.152,0.16628860079136254
unipmt,pr,0.16666666666666666,0.1532258064516129,0.16628860079136254
unipmt,pr,0.16666666666666666,0.15447154471544716,0.16628860079136254
unipmt,pr,0.16666666666666666,0.1557377049180328,0.16628860079136254
unipmt,pr,0.16666666666666666,0.15702479338842976,0.16628860079136254
unipmt,pr,0.16666666666666666,0.15833333333333333,0.16628860079136254
unipmt,pr,0.16666666666666666,0.15966386554621848,0.16628860079136254
unipmt,pr,0.16666666666666666,0.16101694915254236,0.16628860079136254
unipmt,pr,0.16666666666666666,0.1623931623931624,0.16628860079136254
unipmt,pr,0.16666666666666666,0.16379310344827586,0.16628860079136254
unipmt,pr,0.16666666666666666,0.16521739130434782,0.16628860079136254
unipmt,pr,0.16666666666666666,0.16666666666666666,0.16628860079136254
unipmt,pr,0.16666666666666666,0.168141592920354,0.16628860079136254
unipmt,pr,0.16666666666666666,0.16964285714285715,0.16628860079136254
unipmt,pr,0.16666666666666666,0.17117117117117117,0.16628860079136254
unipmt,pr,0.16666666666666666,0.17272727272727273,0.16628860079136254
unipmt,pr,0.16666666666666666,0.1743119266055046,0.16628860079136254
unipmt,pr,0.16666666666666666,0.17592592592592593,0.16628860079136254
unipmt,pr,0.16666666666666666,0.17757009345794392,0.16628860079136254
unipmt,pr,0.16666666666666666,0.1792452830188679,0.16628860079136254
unipmt,pr,0.16666666666666666,0.18095238095238095,0.16628860079136254
unipmt,pr,0.16666666666666666,0.18269230769230768,0.16628860079136254
unipmt,pr,0.16666666666666666,0.18446601941747573,0.16628860079136254
unipmt,pr,0.16666666666666666,0.18627450980392157,0.16628860079136254
unipmt,pr,0.15789473684210525,0.1782178217821782,0.16628860079136254
unipmt,pr,0.14912280701754385,0.17,0.16628860079136254
unipmt,pr,0.14035087719298245,0.16161616161616163,0.16628860079136254
unipmt,pr,0.13157894736842105,0.15306122448979592,0.16628860079136254
unipmt,pr,0.13157894736842105,0.15463917525773196,0.16628860079136254
unipmt,pr,0.13157894736842105,0.15625,0.16628860079136254
unipmt,pr,0.13157894736842105,0.15789473684210525,0.16628860079136254
unipmt,pr,0.13157894736842105,0.1595744680851064,0.16628860079136254
unipmt,pr,0.13157894736842105,0.16129032258064516,0.16628860079136254
unipmt,pr,0.13157894736842105,0.16304347826086957,0.16628860079136254
unipmt,pr,0.13157894736842105,0.16483516483516483,0.16628860079136254
unipmt,pr,0.12280701754385964,0.15555555555555556,0.16628860079136254
unipmt,pr,0.11403508771929824,0.14606741573033707,0.16628860079136254
unipmt,pr,0.11403508771929824,0.14772727272727273,0.16628860079136254
unipmt,pr,0.11403508771929824,0.14942528735632185,0.16628860079136254
unipmt,pr,0.11403508771929824,0.1511627906976744,0.16628860079136254
unipmt,pr,0.10526315789473684,0.1411764705882353,0.16628860079136254
unipmt,pr,0.10526315789473684,0.14285714285714285,0.16628860079136254
unipmt,pr,0.10526315789473684,0.14457831325301204,0.16628860079136254
unipmt,pr,0.09649122807017543,0.13414634146341464,0.16628860079136254
unipmt,pr,0.09649122807017543,0.13580246913580246,0.16628860079136254
unipmt,pr,0.08771929824561403,0.125,0.16628860079136254
unipmt,pr,0.08771929824561403,0.12658227848101267,0.16628860079136254
unipmt,pr,0.08771929824561403,0.1282051282051282,0.16628860079136254
unipmt,pr,0.07894736842105263,0.11688311688311688,0.16628860079136254
unipmt,pr,0.07894736842105263,0.11842105263157894,0.16628860079136254
unipmt,pr,0.07894736842105263,0.12,0.16628860079136254
unipmt,pr,0.07894736842105263,0.12162162162162163,0.16628860079136254
unipmt,pr,0.07894736842105263,0.1232876712328767,0.16628860079136254
unipmt,pr,0.07894736842105263,0.125,0.16628860079136254
unipmt,pr,0.07894736842105263,0.1267605633802817,0.16628860079136254
unipmt,pr,0.07894736842105263,0.12857142857142856,0.16628860079136254
unipmt,pr,0.07894736842105263,0.13043478260869565,0.16628860079136254
unipmt,pr,0.07894736842105263,0.1323529411764706,0.16628860079136254
unipmt,pr,0.07894736842105263,0.13432835820895522,0.16628860079136254
unipmt,pr,0.07894736842105263,0.13636363636363635,0.16628860079136254
unipmt,pr,0.07894736842105263,0.13846153846153847,0.16628860079136254
unipmt,pr,0.07894736842105263,0.140625,0.16628860079136254
unipmt,pr,0.07017543859649122,0.12698412698412698,0.16628860079136254
unipmt,pr,0.07017543859649122,0.12903225806451613,0.16628860079136254
unipmt,pr,0.07017543859649122,0.13114754098360656,0.16628860079136254
unipmt,pr,0.07017543859649122,0.13333333333333333,0.16628860079136254
unipmt,pr,0.06140350877192982,0.11864406779661017,0.16628860079136254
unipmt,pr,0.06140350877192982,0.1206896551724138,0.16628860079136254
unipmt,pr,0.06140350877192982,0.12280701754385964,0.16628860079136254
unipmt,pr,0.06140350877192982,0.125,0.16628860079136254
unipmt,pr,0.06140350877192982,0.12727272727272726,0.16628860079136254
unipmt,pr,0.06140350877192982,0.12962962962962962,0.16628860079136254
unipmt,pr,0.06140350877192982,0.1320754716981132,0.16628860079136254
unipmt,pr,0.06140350877192982,0.1346153846153846,0.16628860079136254
unipmt,pr,0.06140350877192982,0.13725490196078433,0.16628860079136254
unipmt,pr,0.06140350877192982,0.14,0.16628860079136254
unipmt,pr,0.06140350877192982,0.14285714285714285,0.16628860079136254
unipmt,pr,0.06140350877192982,0.14583333333333334,0.16628860079136254
unipmt,pr,0.05263157894736842,0.1276595744680851,0.16628860079136254
unipmt,pr,0.05263157894736842,0.13043478260869565,0.16628860079136254
unipmt,pr,0.05263157894736842,0.13333333333333333,0.16628860079136254
unipmt,pr,0.05263157894736842,0.13636363636363635,0.16628860079136254
unipmt,pr,0.05263157894736842,0.13953488372093023,0.16628860079136254
unipmt,pr,0.05263157894736842,0.14285714285714285,0.16628860079136254
unipmt,pr,0.05263157894736842,0.14634146341463414,0.16628860079136254
unipmt,pr,0.05263157894736842,0.15,0.16628860079136254
unipmt,pr,0.05263157894736842,0.15384615384615385,0.16628860079136254
unipmt,pr,0.05263157894736842,0.15789473684210525,0.16628860079136254
unipmt,pr,0.05263157894736842,0.16216216216216217,0.16628860079136254
unipmt,pr,0.043859649122807015,0.1388888888888889,0.16628860079136254
unipmt,pr,0.03508771929824561,0.11428571428571428,0.16628860079136254
unipmt,pr,0.03508771929824561,0.11764705882352941,0.16628860079136254
unipmt,pr,0.02631578947368421,0.09090909090909091,0.16628860079136254
unipmt,pr,0.02631578947368421,0.09375,0.16628860079136254
unipmt,pr,0.02631578947368421,0.0967741935483871,0.16628860079136254
unipmt,pr,0.02631578947368421,0.1,0.16628860079136254
unipmt,pr,0.02631578947368421,0.10344827586206896,0.16628860079136254
unipmt,pr,0.02631578947368421,0.10714285714285714,0.16628860079136254
unipmt,pr,0.02631578947368421,0.1111111111111111,0.16628860079136254
unipmt,pr,0.02631578947368421,0.11538461538461539,0.16628860079136254
unipmt,pr,0.02631578947368421,0.12,0.16628860079136254
unipmt,pr,0.02631578947368421,0.125,0.16628860079136254
unipmt,pr,0.02631578947368421,0.13043478260869565,0.16628860079136254
unipmt,pr,0.02631578947368421,0.13636363636363635,0.16628860079136254
unipmt,pr,0.02631578947368421,0.14285714285714285,0.16628860079136254
unipmt,pr,0.02631578947368421,0.15,0.16628860079136254
unipmt,pr,0.02631578947368421,0.15789473684210525,0.16628860079136254
unipmt,pr,0.02631578947368421,0.16666666666666666,0.16628860079136254
unipmt,pr,0.02631578947368421,0.17647058823529413,0.16628860079136254
unipmt,pr,0.02631578947368421,0.1875,0.16628860079136254
unipmt,pr,0.02631578947368421,0.2,0.16628860079136254
unipmt,pr,0.02631578947368421,0.21428571428571427,0.16628860079136254
unipmt,pr,0.02631578947368421,0.23076923076923078,0.16628860079136254
unipmt,pr,0.02631578947368421,0.25,0.16628860079136254
unipmt,pr,0.02631578947368421,0.2727272727272727,0.16628860079136254
unipmt,pr,0.02631578947368421,0.3,0.16628860079136254
unipmt,pr,0.017543859649122806,0.2222222222222222,0.16628860079136254
unipmt,pr,0.017543859649122806,0.25,0.16628860079136254
unipmt,pr,0.008771929824561403,0.14285714285714285,0.16628860079136254
unipmt,pr,0.008771929824561403,0.16666666666666666,0.16628860079136254
unipmt,pr,0.008771929824561403,0.2,0.16628860079136254
unipmt,pr,0.0,0.0,0.16628860079136254
unipmt,pr,0.0,0.0,0.16628860079136254
unipmt,pr,0.0,0.0,0.16628860079136254
unipmt,pr,0.0,0.0,0.16628860079136254
unipmt,pr,0.0,1.0,0.16628860079136254
